order_ref,order_date,customer_id,origin_name,origin_city,origin_country,dest_city,dest_country,units,weight_kg,mode,product_category,order_value,returned
SO-00397,2025-09-01,C-LON-002,Rotterdam DC,Rotterdam,NL,London,GB,247,833.25,road,cases,18452.75,0
SO-00885,2025-09-01,C-PAR-009,Rotterdam DC,Rotterdam,NL,Paris,FR,732,1286.24,road,chargers,12826.09,0
SO-01658,2025-09-01,C-WAR-009,Rotterdam DC,Rotterdam,NL,Warsaw,PL,516,813.34,road,cables,22014.33,0
SO-01682,2025-09-01,C-WAR-035,Rotterdam DC,Rotterdam,NL,Warsaw,PL,1,0.5,road,audio,32896.76,0
SO-01798,2025-09-01,C-STO-037,Rotterdam DC,Rotterdam,NL,Stockholm,SE,430,1236.11,road,audio,12904.57,0
SO-02041,2025-09-01,C-DUB-033,Rotterdam DC,Rotterdam,NL,Dublin,IE,236,531.22,air,chargers,19242.73,0
SO-02509,2025-09-01,C-SEO-030,Shenzhen DC,Shenzhen,CN,Seoul,KR,236,690.6,sea,wearables,38011.91,0
SO-02595,2025-09-01,C-SEO-033,Shenzhen DC,Shenzhen,CN,Seoul,KR,595,1056.48,sea,chargers,23925.85,0
SO-03062,2025-09-01,C-BAN-027,Shenzhen DC,Shenzhen,CN,Bangkok,TH,1192,1809.25,sea,cases,36683.66,0
SO-04416,2025-09-01,C-NEW-010,Memphis DC,Memphis,US,New York City,US,195,748.69,road,wearables,32420.16,0
SO-04872,2025-09-01,C-CHI-032,Memphis DC,Memphis,US,Chicago,US,586,890.7,road,cases,30685.54,0
SO-04945,2025-09-01,C-LOS-022,Memphis DC,Memphis,US,Los Angeles,US,132,442.32,road,chargers,31626.72,0
SO-05686,2025-09-01,C-MEX-006,Memphis DC,Memphis,US,Mexico City,MX,685,1701.77,road,chargers,17407.29,0
SO-05741,2025-09-01,C-MEX-018,Memphis DC,Memphis,US,Mexico City,MX,229,485.99,road,audio,15545.71,0
SO-06016,2025-09-01,C-BOG-038,Memphis DC,Memphis,US,Bogota,CO,307,536.35,air,audio,16195.89,0
SO-06105,2025-09-01,C-SAN-011,Memphis DC,Memphis,US,Santiago,CL,296,969.82,sea,chargers,32030.3,0
SO-06946,2025-09-01,C-LAG-025,Dubai DC,Dubai,AE,Lagos,NG,446,1465.96,air,cables,23822.93,1
SO-07267,2025-09-01,C-KAR-002,Dubai DC,Dubai,AE,Karachi,PK,197,536.99,sea,cases,15989.24,0
SO-00728,2025-09-02,C-BER-012,Rotterdam DC,Rotterdam,NL,Berlin,DE,311,782.62,road,storage,19812.19,1
SO-00811,2025-09-02,C-PAR-005,Rotterdam DC,Rotterdam,NL,Paris,FR,338,1231.21,road,audio,24424.48,0
SO-01033,2025-09-02,C-PAR-013,Rotterdam DC,Rotterdam,NL,Paris,FR,754,1988.89,road,cables,22183.47,0
SO-01107,2025-09-02,C-PAR-009,Rotterdam DC,Rotterdam,NL,Paris,FR,324,1020.58,road,storage,18710.87,0
SO-01301,2025-09-02,C-MAD-036,Rotterdam DC,Rotterdam,NL,Madrid,ES,666,1301.81,road,wearables,15156.72,1
SO-02292,2025-09-02,C-TOK-024,Shenzhen DC,Shenzhen,CN,Tokyo,JP,803,1164.74,sea,wearables,32116.39,0
SO-04994,2025-09-02,C-LOS-017,Memphis DC,Memphis,US,Los Angeles,US,268,656.85,road,audio,31384.98,1
SO-05387,2025-09-02,C-TOR-032,Memphis DC,Memphis,US,Toronto,CA,158,466.18,road,wearables,25743.21,0
SO-05569,2025-09-02,C-MEX-034,Memphis DC,Memphis,US,Mexico City,MX,715,1531.83,road,chargers,21236.56,0
SO-06640,2025-09-02,C-CAI-034,Dubai DC,Dubai,AE,Cairo,EG,977,1592.14,sea,wearables,33484.5,0
SO-06970,2025-09-02,C-LAG-018,Dubai DC,Dubai,AE,Lagos,NG,229,553.09,air,cases,23275.68,0
SO-07076,2025-09-02,C-JOH-019,Dubai DC,Dubai,AE,Johannesburg,ZA,379,1218.24,sea,cables,21790.71,0
SO-07211,2025-09-02,C-JOH-017,Dubai DC,Dubai,AE,Johannesburg,ZA,763,1164.6,sea,chargers,16606.62,0
SO-00333,2025-09-03,C-LON-030,Rotterdam DC,Rotterdam,NL,London,GB,465,1035.18,road,chargers,13038.69,0
SO-00495,2025-09-03,C-BER-015,Rotterdam DC,Rotterdam,NL,Berlin,DE,529,2080.59,road,audio,15784.93,0
SO-00950,2025-09-03,C-PAR-018,Rotterdam DC,Rotterdam,NL,Paris,FR,667,1399.28,road,cables,23928.29,0
SO-01108,2025-09-03,C-PAR-022,Rotterdam DC,Rotterdam,NL,Paris,FR,431,1525.23,road,audio,27420.48,0
SO-01172,2025-09-03,C-MAD-030,Rotterdam DC,Rotterdam,NL,Madrid,ES,137,493.33,road,audio,25226.15,0
SO-01455,2025-09-03,C-MIL-006,Rotterdam DC,Rotterdam,NL,Milan,IT,883,2036.74,road,audio,26213.61,0
SO-01474,2025-09-03,C-MIL-031,Rotterdam DC,Rotterdam,NL,Milan,IT,356,1288.0,road,audio,32462.77,0
SO-02046,2025-09-03,C-DUB-014,Rotterdam DC,Rotterdam,NL,Dublin,IE,292,682.03,air,chargers,16400.11,0
SO-02593,2025-09-03,C-SEO-022,Shenzhen DC,Shenzhen,CN,Seoul,KR,363,1284.24,sea,chargers,25270.79,0
SO-02630,2025-09-03,C-SEO-002,Shenzhen DC,Shenzhen,CN,Seoul,KR,666,1476.71,sea,wearables,40823.8,0
SO-02680,2025-09-03,C-SIN-007,Shenzhen DC,Shenzhen,CN,Singapore,SG,363,829.66,sea,wearables,25307.69,0
SO-03026,2025-09-03,C-BAN-038,Shenzhen DC,Shenzhen,CN,Bangkok,TH,460,1589.54,sea,chargers,18547.68,1
SO-03232,2025-09-03,C-JAK-018,Shenzhen DC,Shenzhen,CN,Jakarta,ID,395,1287.15,sea,wearables,24303.24,0
SO-03237,2025-09-03,C-JAK-008,Shenzhen DC,Shenzhen,CN,Jakarta,ID,704,1544.52,sea,wearables,33593.82,0
SO-03483,2025-09-03,C-MAN-006,Shenzhen DC,Shenzhen,CN,Manila,PH,504,1691.23,sea,chargers,23121.32,0
SO-03530,2025-09-03,C-MUM-008,Shenzhen DC,Shenzhen,CN,Mumbai,IN,1288,1906.59,sea,audio,34921.36,0
SO-03559,2025-09-03,C-MUM-009,Shenzhen DC,Shenzhen,CN,Mumbai,IN,374,1455.58,sea,audio,30826.88,0
SO-03950,2025-09-03,C-AUC-022,Rotterdam DC,Rotterdam,NL,Auckland,NZ,100,153.15,air,storage,32940.76,0
SO-04671,2025-09-03,C-CHI-038,Memphis DC,Memphis,US,Chicago,US,301,1168.34,road,storage,34388.3,0
SO-06315,2025-09-03,C-BUE-005,Memphis DC,Memphis,US,Buenos Aires,AR,472,1245.78,sea,chargers,27213.19,0
SO-06635,2025-09-03,C-CAI-009,Dubai DC,Dubai,AE,Cairo,EG,237,541.78,sea,storage,21238.14,0
SO-06900,2025-09-03,C-NAI-013,Dubai DC,Dubai,AE,Nairobi,KE,217,746.51,air,storage,27871.84,0
SO-07107,2025-09-03,C-JOH-024,Dubai DC,Dubai,AE,Johannesburg,ZA,431,929.76,sea,cases,20160.52,0
SO-07209,2025-09-03,C-JOH-017,Dubai DC,Dubai,AE,Johannesburg,ZA,470,1282.98,sea,storage,33304.01,0
SO-00287,2025-09-04,C-LON-009,Rotterdam DC,Rotterdam,NL,London,GB,863,1444.31,road,cases,20575.88,0
SO-00448,2025-09-04,C-BER-017,Rotterdam DC,Rotterdam,NL,Berlin,DE,853,1755.2,road,audio,32716.66,1
SO-00717,2025-09-04,C-BER-017,Rotterdam DC,Rotterdam,NL,Berlin,DE,742,1806.39,road,storage,23722.26,1
SO-00825,2025-09-04,C-PAR-006,Rotterdam DC,Rotterdam,NL,Paris,FR,395,1496.14,road,audio,36255.65,0
SO-01183,2025-09-04,C-MAD-005,Rotterdam DC,Rotterdam,NL,Madrid,ES,1253,1795.58,road,wearables,17408.57,0
SO-01378,2025-09-04,C-MIL-034,Rotterdam DC,Rotterdam,NL,Milan,IT,248,841.98,road,wearables,17336.66,0
SO-01387,2025-09-04,C-MIL-035,Rotterdam DC,Rotterdam,NL,Milan,IT,474,1053.91,road,audio,46943.65,0
SO-01689,2025-09-04,C-WAR-030,Rotterdam DC,Rotterdam,NL,Warsaw,PL,113,417.79,road,wearables,6729.67,0
SO-01759,2025-09-04,C-WAR-020,Rotterdam DC,Rotterdam,NL,Warsaw,PL,604,1166.54,road,wearables,32507.41,0
SO-02101,2025-09-04,C-TOK-030,Shenzhen DC,Shenzhen,CN,Tokyo,JP,672,1269.29,sea,cases,39832.13,0
SO-02297,2025-09-04,C-TOK-028,Shenzhen DC,Shenzhen,CN,Tokyo,JP,333,956.02,sea,cases,25197.82,0
SO-03067,2025-09-04,C-BAN-031,Shenzhen DC,Shenzhen,CN,Bangkok,TH,426,684.59,sea,cases,34814.01,0
SO-03117,2025-09-04,C-BAN-006,Shenzhen DC,Shenzhen,CN,Bangkok,TH,341,1153.42,sea,chargers,27668.56,0
SO-03783,2025-09-04,C-SYD-005,Rotterdam DC,Rotterdam,NL,Sydney,AU,481,1091.59,air,audio,33692.49,0
SO-03803,2025-09-04,C-SYD-001,Rotterdam DC,Rotterdam,NL,Sydney,AU,214,638.13,air,wearables,31553.24,0
SO-03981,2025-09-04,C-AUC-027,Rotterdam DC,Rotterdam,NL,Auckland,NZ,304,918.05,air,cases,30928.98,0
SO-04063,2025-09-04,C-NEW-029,Memphis DC,Memphis,US,New York City,US,371,1371.12,road,audio,19594.46,1
SO-04197,2025-09-04,C-NEW-026,Memphis DC,Memphis,US,New York City,US,147,505.91,road,storage,12174.04,0
SO-04408,2025-09-04,C-NEW-032,Memphis DC,Memphis,US,New York City,US,557,1054.27,road,wearables,29840.68,0
SO-04555,2025-09-04,C-CHI-032,Memphis DC,Memphis,US,Chicago,US,387,797.76,road,cables,29748.15,1
SO-05017,2025-09-04,C-LOS-023,Memphis DC,Memphis,US,Los Angeles,US,181,359.27,road,chargers,32151.11,0
SO-05422,2025-09-04,C-TOR-008,Memphis DC,Memphis,US,Toronto,CA,973,1986.61,road,wearables,34847.35,0
SO-06556,2025-09-04,C-RIY-032,Dubai DC,Dubai,AE,Riyadh,SA,130,457.53,road,cables,33774.95,0
SO-06606,2025-09-04,C-CAI-036,Dubai DC,Dubai,AE,Cairo,EG,321,1051.2,sea,cables,14021.75,0
SO-07393,2025-09-04,C-KAR-005,Dubai DC,Dubai,AE,Karachi,PK,745,1494.41,sea,chargers,12771.94,0
SO-00848,2025-09-05,C-PAR-021,Rotterdam DC,Rotterdam,NL,Paris,FR,458,961.87,road,cases,19832.43,0
SO-00894,2025-09-05,C-PAR-039,Rotterdam DC,Rotterdam,NL,Paris,FR,611,1967.86,road,audio,31203.84,0
SO-01328,2025-09-05,C-MAD-022,Rotterdam DC,Rotterdam,NL,Madrid,ES,363,940.22,road,wearables,28702.4,1
SO-01392,2025-09-05,C-MIL-006,Rotterdam DC,Rotterdam,NL,Milan,IT,430,1611.3,road,cases,27261.2,0
SO-01829,2025-09-05,C-STO-022,Rotterdam DC,Rotterdam,NL,Stockholm,SE,598,1489.86,road,wearables,34005.0,0
SO-02315,2025-09-05,C-TOK-012,Shenzhen DC,Shenzhen,CN,Tokyo,JP,376,1254.92,sea,wearables,45983.76,0
SO-03122,2025-09-05,C-BAN-008,Shenzhen DC,Shenzhen,CN,Bangkok,TH,507,1472.78,sea,storage,31061.62,0
SO-03189,2025-09-05,C-JAK-015,Shenzhen DC,Shenzhen,CN,Jakarta,ID,368,921.35,sea,wearables,26600.22,0
SO-03710,2025-09-05,C-MUM-013,Shenzhen DC,Shenzhen,CN,Mumbai,IN,218,860.02,sea,audio,19001.84,0
SO-04244,2025-09-05,C-NEW-022,Memphis DC,Memphis,US,New York City,US,571,1529.16,road,cables,32488.4,0
SO-04338,2025-09-05,C-NEW-032,Memphis DC,Memphis,US,New York City,US,118,396.83,road,storage,19728.05,0
SO-04643,2025-09-05,C-CHI-026,Memphis DC,Memphis,US,Chicago,US,258,702.29,road,audio,31476.14,0
SO-04774,2025-09-05,C-CHI-022,Memphis DC,Memphis,US,Chicago,US,316,790.47,road,cables,17388.4,0
SO-05075,2025-09-05,C-LOS-034,Memphis DC,Memphis,US,Los Angeles,US,474,731.65,road,chargers,24783.15,0
SO-05883,2025-09-05,C-SAO-007,Memphis DC,Memphis,US,Sao Paulo,BR,898,1542.42,sea,storage,14751.83,0
SO-05887,2025-09-05,C-SAO-008,Memphis DC,Memphis,US,Sao Paulo,BR,1085,2524.23,sea,wearables,31925.09,0
SO-06173,2025-09-05,C-SAN-038,Memphis DC,Memphis,US,Santiago,CL,835,2171.14,sea,cases,27115.34,0
SO-06358,2025-09-05,C-BUE-033,Memphis DC,Memphis,US,Buenos Aires,AR,660,1379.4,sea,audio,27050.16,0
SO-06744,2025-09-05,C-CAI-022,Dubai DC,Dubai,AE,Cairo,EG,391,974.16,sea,audio,17905.78,0
SO-07074,2025-09-05,C-JOH-039,Dubai DC,Dubai,AE,Johannesburg,ZA,568,1322.01,sea,cables,22528.25,0
SO-07191,2025-09-05,C-JOH-013,Dubai DC,Dubai,AE,Johannesburg,ZA,414,738.31,sea,cables,38504.25,1
SO-01244,2025-09-06,C-MAD-033,Rotterdam DC,Rotterdam,NL,Madrid,ES,699,1537.0,road,audio,14302.55,0
SO-01435,2025-09-06,C-MIL-036,Rotterdam DC,Rotterdam,NL,Milan,IT,534,1633.74,road,audio,20973.01,0
SO-01609,2025-09-06,C-WAR-012,Rotterdam DC,Rotterdam,NL,Warsaw,PL,690,1728.27,road,audio,22554.72,0
SO-01703,2025-09-06,C-WAR-003,Rotterdam DC,Rotterdam,NL,Warsaw,PL,532,1512.8,road,chargers,23699.4,0
SO-02166,2025-09-06,C-TOK-025,Shenzhen DC,Shenzhen,CN,Tokyo,JP,392,1222.01,sea,chargers,40038.26,0
SO-02936,2025-09-06,C-SIN-031,Shenzhen DC,Shenzhen,CN,Singapore,SG,448,1432.29,sea,audio,38758.59,0
SO-03357,2025-09-06,C-MAN-034,Shenzhen DC,Shenzhen,CN,Manila,PH,428,1668.86,sea,audio,24641.81,0
SO-03422,2025-09-06,C-MAN-029,Shenzhen DC,Shenzhen,CN,Manila,PH,271,1071.25,sea,cases,16136.75,0
SO-03862,2025-09-06,C-SYD-023,Rotterdam DC,Rotterdam,NL,Sydney,AU,784,1105.08,air,wearables,24270.72,0
SO-04086,2025-09-06,C-NEW-018,Memphis DC,Memphis,US,New York City,US,392,588.58,road,storage,21290.76,0
SO-04588,2025-09-06,C-CHI-030,Memphis DC,Memphis,US,Chicago,US,233,916.31,road,chargers,34742.11,0
SO-04738,2025-09-06,C-CHI-016,Memphis DC,Memphis,US,Chicago,US,404,773.17,road,cables,29314.44,0
SO-05116,2025-09-06,C-LOS-001,Memphis DC,Memphis,US,Los Angeles,US,273,1066.48,road,cables,21582.12,0
SO-05438,2025-09-06,C-TOR-010,Memphis DC,Memphis,US,Toronto,CA,629,1677.38,road,chargers,28973.7,0
SO-05762,2025-09-06,C-MEX-033,Memphis DC,Memphis,US,Mexico City,MX,353,1104.73,road,cases,17951.55,0
SO-06110,2025-09-06,C-SAN-025,Memphis DC,Memphis,US,Santiago,CL,282,954.66,sea,audio,24132.39,0
SO-06699,2025-09-06,C-CAI-027,Dubai DC,Dubai,AE,Cairo,EG,735,1170.39,sea,storage,15452.04,0
SO-00159,2025-09-07,C-LON-012,Rotterdam DC,Rotterdam,NL,London,GB,427,1481.19,road,cases,23298.12,0
SO-00384,2025-09-07,C-LON-039,Rotterdam DC,Rotterdam,NL,London,GB,546,1615.97,road,cases,15195.21,0
SO-00976,2025-09-07,C-PAR-004,Rotterdam DC,Rotterdam,NL,Paris,FR,653,1075.2,road,chargers,27977.77,0
SO-01061,2025-09-07,C-PAR-029,Rotterdam DC,Rotterdam,NL,Paris,FR,402,1138.7,road,wearables,23599.54,0
SO-01224,2025-09-07,C-MAD-009,Rotterdam DC,Rotterdam,NL,Madrid,ES,934,1381.22,road,storage,15245.72,0
SO-01731,2025-09-07,C-WAR-023,Rotterdam DC,Rotterdam,NL,Warsaw,PL,578,1126.65,road,storage,21023.49,0
SO-01904,2025-09-07,C-STO-033,Rotterdam DC,Rotterdam,NL,Stockholm,SE,842,1826.24,road,chargers,35301.48,0
SO-02153,2025-09-07,C-TOK-010,Shenzhen DC,Shenzhen,CN,Tokyo,JP,356,807.87,sea,cases,17186.46,0
SO-02704,2025-09-07,C-SIN-036,Shenzhen DC,Shenzhen,CN,Singapore,SG,345,1189.58,sea,chargers,30378.01,0
SO-03123,2025-09-07,C-BAN-029,Shenzhen DC,Shenzhen,CN,Bangkok,TH,350,719.9,sea,chargers,28410.49,0
SO-03295,2025-09-07,C-JAK-007,Shenzhen DC,Shenzhen,CN,Jakarta,ID,121,315.16,sea,chargers,23321.56,0
SO-03415,2025-09-07,C-MAN-012,Shenzhen DC,Shenzhen,CN,Manila,PH,501,1757.56,sea,wearables,22967.17,0
SO-03773,2025-09-07,C-SYD-021,Rotterdam DC,Rotterdam,NL,Sydney,AU,223,863.31,air,chargers,26204.86,0
SO-03873,2025-09-07,C-SYD-029,Rotterdam DC,Rotterdam,NL,Sydney,AU,213,655.41,air,chargers,28527.61,0
SO-04108,2025-09-07,C-NEW-037,Memphis DC,Memphis,US,New York City,US,219,781.99,road,cases,32890.91,0
SO-04121,2025-09-07,C-NEW-012,Memphis DC,Memphis,US,New York City,US,363,1169.14,road,audio,18262.34,0
SO-04481,2025-09-07,C-NEW-013,Memphis DC,Memphis,US,New York City,US,161,521.88,road,cases,21778.8,0
SO-04505,2025-09-07,C-NEW-013,Memphis DC,Memphis,US,New York City,US,635,908.46,road,cables,24861.05,0
SO-04529,2025-09-07,C-NEW-033,Memphis DC,Memphis,US,New York City,US,262,1035.03,road,chargers,22311.01,0
SO-05678,2025-09-07,C-MEX-010,Memphis DC,Memphis,US,Mexico City,MX,349,1086.28,road,chargers,22972.42,0
SO-05711,2025-09-07,C-MEX-020,Memphis DC,Memphis,US,Mexico City,MX,279,857.76,road,audio,15620.19,0
SO-05764,2025-09-07,C-MEX-033,Memphis DC,Memphis,US,Mexico City,MX,457,1822.88,road,audio,14296.73,0
SO-06001,2025-09-07,C-BOG-011,Memphis DC,Memphis,US,Bogota,CO,195,705.94,air,audio,24866.23,0
SO-06071,2025-09-07,C-BOG-018,Memphis DC,Memphis,US,Bogota,CO,192,710.98,air,wearables,10960.09,0
SO-06206,2025-09-07,C-SAN-030,Memphis DC,Memphis,US,Santiago,CL,461,1408.24,sea,chargers,18487.64,0
SO-06264,2025-09-07,C-BUE-030,Memphis DC,Memphis,US,Buenos Aires,AR,409,574.05,sea,cases,43573.89,0
SO-06285,2025-09-07,C-BUE-039,Memphis DC,Memphis,US,Buenos Aires,AR,397,1303.63,sea,wearables,33384.56,0
SO-06655,2025-09-07,C-CAI-038,Dubai DC,Dubai,AE,Cairo,EG,129,485.24,sea,cables,31228.43,0
SO-07273,2025-09-07,C-KAR-029,Dubai DC,Dubai,AE,Karachi,PK,119,385.76,sea,storage,21767.65,0
SO-00731,2025-09-08,C-BER-001,Rotterdam DC,Rotterdam,NL,Berlin,DE,582,1312.36,road,cases,27400.44,0
SO-00981,2025-09-08,C-PAR-005,Rotterdam DC,Rotterdam,NL,Paris,FR,454,1451.45,road,cases,15169.79,0
SO-01350,2025-09-08,C-MAD-004,Rotterdam DC,Rotterdam,NL,Madrid,ES,463,1778.1,road,storage,27813.51,0
SO-01717,2025-09-08,C-WAR-014,Rotterdam DC,Rotterdam,NL,Warsaw,PL,975,2236.69,road,cases,30140.89,0
SO-01816,2025-09-08,C-STO-018,Rotterdam DC,Rotterdam,NL,Stockholm,SE,385,1398.29,road,cases,33845.32,0
SO-02456,2025-09-08,C-SEO-014,Shenzhen DC,Shenzhen,CN,Seoul,KR,363,1057.95,sea,audio,32236.28,0
SO-02652,2025-09-08,C-SEO-034,Shenzhen DC,Shenzhen,CN,Seoul,KR,427,1660.9,sea,cables,40222.64,0
SO-03488,2025-09-08,C-MAN-033,Shenzhen DC,Shenzhen,CN,Manila,PH,171,517.55,sea,cables,34676.0,0
SO-03528,2025-09-08,C-MUM-026,Shenzhen DC,Shenzhen,CN,Mumbai,IN,535,1602.5,sea,storage,12374.48,0
SO-03600,2025-09-08,C-MUM-002,Shenzhen DC,Shenzhen,CN,Mumbai,IN,725,1509.65,sea,cables,32344.0,0
SO-03925,2025-09-08,C-SYD-033,Rotterdam DC,Rotterdam,NL,Sydney,AU,219,425.3,air,storage,16533.16,0
SO-04535,2025-09-08,C-CHI-004,Memphis DC,Memphis,US,Chicago,US,394,1160.41,road,chargers,26110.41,0
SO-04878,2025-09-08,C-CHI-011,Memphis DC,Memphis,US,Chicago,US,200,694.74,road,cables,18679.52,0
SO-05267,2025-09-08,C-LOS-013,Memphis DC,Memphis,US,Los Angeles,US,327,840.46,road,cables,32233.22,0
SO-05585,2025-09-08,C-MEX-024,Memphis DC,Memphis,US,Mexico City,MX,278,1103.13,road,audio,15375.92,0
SO-06070,2025-09-08,C-BOG-027,Memphis DC,Memphis,US,Bogota,CO,306,860.24,air,chargers,35009.06,0
SO-06481,2025-09-08,C-RIY-036,Dubai DC,Dubai,AE,Riyadh,SA,360,1261.94,road,audio,34942.67,0
SO-06637,2025-09-08,C-CAI-003,Dubai DC,Dubai,AE,Cairo,EG,381,1381.45,sea,chargers,15543.07,0
SO-06641,2025-09-08,C-CAI-031,Dubai DC,Dubai,AE,Cairo,EG,432,875.97,sea,wearables,19116.4,0
SO-06809,2025-09-08,C-NAI-007,Dubai DC,Dubai,AE,Nairobi,KE,249,420.34,air,wearables,25866.53,0
SO-06839,2025-09-08,C-NAI-009,Dubai DC,Dubai,AE,Nairobi,KE,204,496.45,air,cables,13430.49,0
SO-06996,2025-09-08,C-LAG-002,Dubai DC,Dubai,AE,Lagos,NG,531,1380.49,air,cables,20500.69,0
SO-07124,2025-09-08,C-JOH-029,Dubai DC,Dubai,AE,Johannesburg,ZA,459,949.41,sea,wearables,40702.56,0
SO-00069,2025-09-09,C-LON-017,Rotterdam DC,Rotterdam,NL,London,GB,188,605.04,road,wearables,21041.69,0
SO-00243,2025-09-09,C-LON-008,Rotterdam DC,Rotterdam,NL,London,GB,416,829.12,road,cables,32084.36,0
SO-02013,2025-09-09,C-DUB-001,Rotterdam DC,Rotterdam,NL,Dublin,IE,247,410.52,air,audio,18569.64,0
SO-02107,2025-09-09,C-TOK-008,Shenzhen DC,Shenzhen,CN,Tokyo,JP,216,673.3,sea,chargers,51335.5,0
SO-02357,2025-09-09,C-TOK-038,Shenzhen DC,Shenzhen,CN,Tokyo,JP,410,1199.18,sea,cases,38142.97,0
SO-02492,2025-09-09,C-SEO-032,Shenzhen DC,Shenzhen,CN,Seoul,KR,380,1133.81,sea,audio,25235.11,0
SO-03016,2025-09-09,C-BAN-019,Shenzhen DC,Shenzhen,CN,Bangkok,TH,377,840.15,sea,storage,31627.27,0
SO-03597,2025-09-09,C-MUM-017,Shenzhen DC,Shenzhen,CN,Mumbai,IN,441,1607.62,sea,cases,35969.71,0
SO-03756,2025-09-09,C-SYD-027,Rotterdam DC,Rotterdam,NL,Sydney,AU,231,434.38,air,storage,15207.42,0
SO-03904,2025-09-09,C-SYD-015,Rotterdam DC,Rotterdam,NL,Sydney,AU,193,666.91,air,cases,22798.88,0
SO-04099,2025-09-09,C-NEW-019,Memphis DC,Memphis,US,New York City,US,519,812.14,road,cases,26710.42,0
SO-04556,2025-09-09,C-CHI-026,Memphis DC,Memphis,US,Chicago,US,439,1193.0,road,chargers,29526.69,0
SO-05256,2025-09-09,C-LOS-026,Memphis DC,Memphis,US,Los Angeles,US,584,1023.62,road,cases,20757.32,0
SO-05421,2025-09-09,C-TOR-039,Memphis DC,Memphis,US,Toronto,CA,319,1179.68,road,cases,38413.89,0
SO-05456,2025-09-09,C-TOR-024,Memphis DC,Memphis,US,Toronto,CA,554,833.43,road,audio,29866.64,0
SO-06313,2025-09-09,C-BUE-038,Memphis DC,Memphis,US,Buenos Aires,AR,312,892.71,sea,audio,15661.52,1
SO-06386,2025-09-09,C-RIY-015,Dubai DC,Dubai,AE,Riyadh,SA,324,854.15,road,wearables,38905.52,0
SO-01020,2025-09-10,C-PAR-024,Rotterdam DC,Rotterdam,NL,Paris,FR,258,1000.56,road,cables,26120.11,0
SO-02428,2025-09-10,C-SEO-019,Shenzhen DC,Shenzhen,CN,Seoul,KR,175,559.96,sea,wearables,40156.28,0
SO-02614,2025-09-10,C-SEO-003,Shenzhen DC,Shenzhen,CN,Seoul,KR,421,1471.69,sea,storage,30634.59,0
SO-02782,2025-09-10,C-SIN-005,Shenzhen DC,Shenzhen,CN,Singapore,SG,339,658.0,sea,cables,17915.96,0
SO-03064,2025-09-10,C-BAN-039,Shenzhen DC,Shenzhen,CN,Bangkok,TH,496,1594.16,sea,storage,14375.08,0
SO-03579,2025-09-10,C-MUM-016,Shenzhen DC,Shenzhen,CN,Mumbai,IN,334,1005.07,sea,chargers,28395.55,0
SO-04096,2025-09-10,C-NEW-019,Memphis DC,Memphis,US,New York City,US,252,845.49,road,audio,18386.31,0
SO-04310,2025-09-10,C-NEW-034,Memphis DC,Memphis,US,New York City,US,359,943.57,road,cables,29740.56,0
SO-04960,2025-09-10,C-LOS-008,Memphis DC,Memphis,US,Los Angeles,US,762,1100.11,road,cases,7350.78,0
SO-05375,2025-09-10,C-TOR-015,Memphis DC,Memphis,US,Toronto,CA,547,1275.38,road,storage,17997.15,0
SO-05795,2025-09-10,C-SAO-004,Memphis DC,Memphis,US,Sao Paulo,BR,784,1700.35,sea,wearables,18966.47,0
SO-05844,2025-09-10,C-SAO-023,Memphis DC,Memphis,US,Sao Paulo,BR,713,1605.88,sea,cases,25943.6,0
SO-06167,2025-09-10,C-SAN-027,Memphis DC,Memphis,US,Santiago,CL,342,1361.15,sea,audio,36333.29,0
SO-06205,2025-09-10,C-SAN-016,Memphis DC,Memphis,US,Santiago,CL,490,1651.46,sea,wearables,39239.81,0
SO-06951,2025-09-10,C-LAG-010,Dubai DC,Dubai,AE,Lagos,NG,259,1033.7,air,cases,25446.76,0
SO-01430,2025-09-11,C-MIL-017,Rotterdam DC,Rotterdam,NL,Milan,IT,213,842.28,road,audio,31634.58,0
SO-01584,2025-09-11,C-MIL-013,Rotterdam DC,Rotterdam,NL,Milan,IT,443,855.95,road,storage,27317.29,0
SO-01784,2025-09-11,C-WAR-006,Rotterdam DC,Rotterdam,NL,Warsaw,PL,390,1515.64,road,cases,40552.6,0
SO-02038,2025-09-11,C-DUB-033,Rotterdam DC,Rotterdam,NL,Dublin,IE,421,856.14,air,wearables,13450.55,0
SO-04379,2025-09-11,C-NEW-033,Memphis DC,Memphis,US,New York City,US,184,368.48,road,chargers,20633.19,0
SO-05018,2025-09-11,C-LOS-009,Memphis DC,Memphis,US,Los Angeles,US,389,1332.79,road,chargers,41810.25,0
SO-05146,2025-09-11,C-LOS-027,Memphis DC,Memphis,US,Los Angeles,US,270,637.08,road,audio,19244.47,0
SO-05210,2025-09-11,C-LOS-012,Memphis DC,Memphis,US,Los Angeles,US,545,1193.01,road,cables,30115.21,0
SO-05393,2025-09-11,C-TOR-014,Memphis DC,Memphis,US,Toronto,CA,711,1580.98,road,cables,29335.47,0
SO-05756,2025-09-11,C-MEX-009,Memphis DC,Memphis,US,Mexico City,MX,928,1704.67,road,cases,24641.22,0
SO-05782,2025-09-11,C-SAO-031,Memphis DC,Memphis,US,Sao Paulo,BR,628,1620.69,sea,chargers,7449.21,0
SO-07102,2025-09-11,C-JOH-038,Dubai DC,Dubai,AE,Johannesburg,ZA,340,1275.86,sea,chargers,6049.71,0
SO-07120,2025-09-11,C-JOH-020,Dubai DC,Dubai,AE,Johannesburg,ZA,761,1338.85,sea,storage,33632.57,0
SO-00375,2025-09-12,C-LON-031,Rotterdam DC,Rotterdam,NL,London,GB,457,916.17,road,chargers,20745.94,0
SO-00575,2025-09-12,C-BER-008,Rotterdam DC,Rotterdam,NL,Berlin,DE,589,1887.98,road,chargers,33731.33,1
SO-00641,2025-09-12,C-BER-015,Rotterdam DC,Rotterdam,NL,Berlin,DE,399,1414.54,road,cables,29150.4,0
SO-02379,2025-09-12,C-TOK-024,Shenzhen DC,Shenzhen,CN,Tokyo,JP,208,634.05,sea,chargers,36873.86,0
SO-02678,2025-09-12,C-SIN-024,Shenzhen DC,Shenzhen,CN,Singapore,SG,186,698.82,sea,chargers,30467.91,0
SO-02774,2025-09-12,C-SIN-019,Shenzhen DC,Shenzhen,CN,Singapore,SG,378,1181.22,sea,chargers,38700.49,0
SO-02872,2025-09-12,C-SIN-022,Shenzhen DC,Shenzhen,CN,Singapore,SG,575,1364.26,sea,audio,16156.34,0
SO-03045,2025-09-12,C-BAN-018,Shenzhen DC,Shenzhen,CN,Bangkok,TH,644,1135.22,sea,chargers,31185.12,0
SO-03097,2025-09-12,C-BAN-007,Shenzhen DC,Shenzhen,CN,Bangkok,TH,556,1151.07,sea,storage,34965.04,0
SO-03238,2025-09-12,C-JAK-020,Shenzhen DC,Shenzhen,CN,Jakarta,ID,558,1797.26,sea,audio,26784.8,0
SO-03979,2025-09-12,C-AUC-003,Rotterdam DC,Rotterdam,NL,Auckland,NZ,551,994.21,air,storage,18134.74,0
SO-04314,2025-09-12,C-NEW-012,Memphis DC,Memphis,US,New York City,US,271,827.97,road,chargers,28630.87,0
SO-05089,2025-09-12,C-LOS-032,Memphis DC,Memphis,US,Los Angeles,US,609,1905.95,road,audio,23989.58,0
SO-05992,2025-09-12,C-BOG-038,Memphis DC,Memphis,US,Bogota,CO,255,910.16,air,audio,11701.26,0
SO-07080,2025-09-12,C-JOH-027,Dubai DC,Dubai,AE,Johannesburg,ZA,593,1286.41,sea,cables,45672.69,0
SO-07397,2025-09-12,C-KAR-034,Dubai DC,Dubai,AE,Karachi,PK,344,1109.89,sea,cases,11738.73,0
SO-00282,2025-09-13,C-LON-033,Rotterdam DC,Rotterdam,NL,London,GB,554,1558.6,road,storage,24606.36,0
SO-00428,2025-09-13,C-BER-007,Rotterdam DC,Rotterdam,NL,Berlin,DE,332,1249.75,road,cases,16969.9,0
SO-01272,2025-09-13,C-MAD-027,Rotterdam DC,Rotterdam,NL,Madrid,ES,368,1443.33,road,wearables,29200.59,0
SO-01433,2025-09-13,C-MIL-014,Rotterdam DC,Rotterdam,NL,Milan,IT,808,1165.64,road,cables,27565.71,0
SO-01633,2025-09-13,C-WAR-025,Rotterdam DC,Rotterdam,NL,Warsaw,PL,405,879.28,road,chargers,45382.0,0
SO-01926,2025-09-13,C-STO-027,Rotterdam DC,Rotterdam,NL,Stockholm,SE,533,773.79,road,storage,35997.02,0
SO-01945,2025-09-13,C-DUB-011,Rotterdam DC,Rotterdam,NL,Dublin,IE,439,1049.8,air,wearables,26092.61,1
SO-02226,2025-09-13,C-TOK-007,Shenzhen DC,Shenzhen,CN,Tokyo,JP,250,819.77,sea,chargers,38489.95,0
SO-02990,2025-09-13,C-BAN-026,Shenzhen DC,Shenzhen,CN,Bangkok,TH,111,410.78,sea,storage,12603.46,0
SO-03219,2025-09-13,C-JAK-032,Shenzhen DC,Shenzhen,CN,Jakarta,ID,485,1565.42,sea,storage,25220.32,0
SO-03749,2025-09-13,C-SYD-039,Rotterdam DC,Rotterdam,NL,Sydney,AU,298,841.23,air,chargers,36491.54,0
SO-03857,2025-09-13,C-SYD-015,Rotterdam DC,Rotterdam,NL,Sydney,AU,289,823.69,air,wearables,38219.5,0
SO-04181,2025-09-13,C-NEW-025,Memphis DC,Memphis,US,New York City,US,512,1322.11,road,chargers,29367.48,0
SO-04401,2025-09-13,C-NEW-003,Memphis DC,Memphis,US,New York City,US,607,893.46,road,wearables,33041.6,0
SO-04541,2025-09-13,C-CHI-009,Memphis DC,Memphis,US,Chicago,US,232,908.28,road,cases,24154.09,0
SO-05471,2025-09-13,C-TOR-011,Memphis DC,Memphis,US,Toronto,CA,471,1207.6,road,storage,21909.4,0
SO-05877,2025-09-13,C-SAO-005,Memphis DC,Memphis,US,Sao Paulo,BR,652,1327.78,sea,cases,21962.18,0
SO-06461,2025-09-13,C-RIY-030,Dubai DC,Dubai,AE,Riyadh,SA,579,1860.65,road,wearables,28656.11,0
SO-06985,2025-09-13,C-LAG-018,Dubai DC,Dubai,AE,Lagos,NG,294,708.99,air,wearables,27437.14,0
SO-07254,2025-09-13,C-KAR-034,Dubai DC,Dubai,AE,Karachi,PK,454,1115.25,sea,storage,13102.09,0
SO-00637,2025-09-14,C-BER-023,Rotterdam DC,Rotterdam,NL,Berlin,DE,1053,2486.67,road,wearables,28451.12,0
SO-01014,2025-09-14,C-PAR-013,Rotterdam DC,Rotterdam,NL,Paris,FR,300,827.83,road,audio,18909.0,0
SO-01519,2025-09-14,C-MIL-009,Rotterdam DC,Rotterdam,NL,Milan,IT,1,0.5,road,cases,20555.7,0
SO-01540,2025-09-14,C-MIL-029,Rotterdam DC,Rotterdam,NL,Milan,IT,274,1074.94,road,storage,30504.7,0
SO-02494,2025-09-14,C-SEO-033,Shenzhen DC,Shenzhen,CN,Seoul,KR,244,907.57,sea,audio,20594.22,0
SO-03093,2025-09-14,C-BAN-018,Shenzhen DC,Shenzhen,CN,Bangkok,TH,623,1544.8,sea,storage,28676.64,0
SO-03321,2025-09-14,C-JAK-015,Shenzhen DC,Shenzhen,CN,Jakarta,ID,777,1240.73,sea,cables,21950.19,0
SO-03804,2025-09-14,C-SYD-005,Rotterdam DC,Rotterdam,NL,Sydney,AU,197,448.35,air,audio,26314.46,0
SO-03896,2025-09-14,C-SYD-016,Rotterdam DC,Rotterdam,NL,Sydney,AU,502,916.98,air,cables,29072.17,0
SO-03931,2025-09-14,C-AUC-031,Rotterdam DC,Rotterdam,NL,Auckland,NZ,172,372.57,air,chargers,26152.28,0
SO-04256,2025-09-14,C-NEW-039,Memphis DC,Memphis,US,New York City,US,415,1337.67,road,cables,20750.55,0
SO-04702,2025-09-14,C-CHI-008,Memphis DC,Memphis,US,Chicago,US,487,1603.39,road,chargers,24397.8,0
SO-04962,2025-09-14,C-LOS-006,Memphis DC,Memphis,US,Los Angeles,US,335,1189.95,road,cases,20090.21,0
SO-05156,2025-09-14,C-LOS-038,Memphis DC,Memphis,US,Los Angeles,US,193,519.58,road,audio,29232.48,0
SO-05469,2025-09-14,C-TOR-005,Memphis DC,Memphis,US,Toronto,CA,346,1274.88,road,storage,21175.48,0
SO-06018,2025-09-14,C-BOG-005,Memphis DC,Memphis,US,Bogota,CO,266,861.61,air,cases,13356.39,0
SO-06468,2025-09-14,C-RIY-029,Dubai DC,Dubai,AE,Riyadh,SA,876,1665.86,road,chargers,20512.82,0
SO-06491,2025-09-14,C-RIY-020,Dubai DC,Dubai,AE,Riyadh,SA,590,1064.15,road,audio,32281.16,0
SO-06962,2025-09-14,C-LAG-018,Dubai DC,Dubai,AE,Lagos,NG,335,929.19,air,storage,13412.45,0
SO-07092,2025-09-14,C-JOH-021,Dubai DC,Dubai,AE,Johannesburg,ZA,506,1540.21,sea,storage,15898.04,0
SO-07204,2025-09-14,C-JOH-038,Dubai DC,Dubai,AE,Johannesburg,ZA,315,1171.42,sea,cables,18818.76,0
SO-07241,2025-09-14,C-KAR-016,Dubai DC,Dubai,AE,Karachi,PK,942,1442.28,sea,storage,34698.07,0
SO-00272,2025-09-15,C-LON-005,Rotterdam DC,Rotterdam,NL,London,GB,28,48.22,road,cables,23148.22,0
SO-00351,2025-09-15,C-LON-009,Rotterdam DC,Rotterdam,NL,London,GB,403,1164.9,road,audio,30755.2,0
SO-00441,2025-09-15,C-BER-036,Rotterdam DC,Rotterdam,NL,Berlin,DE,510,1659.52,road,wearables,31552.37,0
SO-00718,2025-09-15,C-BER-026,Rotterdam DC,Rotterdam,NL,Berlin,DE,356,1408.17,road,wearables,22919.52,0
SO-00827,2025-09-15,C-PAR-031,Rotterdam DC,Rotterdam,NL,Paris,FR,629,1633.95,road,cases,23168.55,0
SO-01264,2025-09-15,C-MAD-005,Rotterdam DC,Rotterdam,NL,Madrid,ES,180,413.51,road,audio,29200.31,0
SO-01423,2025-09-15,C-MIL-002,Rotterdam DC,Rotterdam,NL,Milan,IT,604,1170.45,road,storage,15865.13,0
SO-01661,2025-09-15,C-WAR-035,Rotterdam DC,Rotterdam,NL,Warsaw,PL,259,1010.33,road,audio,28937.61,0
SO-01943,2025-09-15,C-DUB-008,Rotterdam DC,Rotterdam,NL,Dublin,IE,337,502.69,air,cases,14813.55,0
SO-01976,2025-09-15,C-DUB-001,Rotterdam DC,Rotterdam,NL,Dublin,IE,113,369.57,air,audio,22923.62,0
SO-02278,2025-09-15,C-TOK-004,Shenzhen DC,Shenzhen,CN,Tokyo,JP,309,954.37,sea,cases,22508.92,1
SO-02282,2025-09-15,C-TOK-010,Shenzhen DC,Shenzhen,CN,Tokyo,JP,183,492.74,sea,cables,53047.78,0
SO-02296,2025-09-15,C-TOK-017,Shenzhen DC,Shenzhen,CN,Tokyo,JP,291,551.86,sea,storage,16558.29,0
SO-02447,2025-09-15,C-SEO-030,Shenzhen DC,Shenzhen,CN,Seoul,KR,811,2240.16,sea,cables,28811.65,0
SO-02882,2025-09-15,C-SIN-037,Shenzhen DC,Shenzhen,CN,Singapore,SG,322,606.77,sea,cables,7820.44,0
SO-04599,2025-09-15,C-CHI-038,Memphis DC,Memphis,US,Chicago,US,211,774.44,road,cables,21085.62,0
SO-05914,2025-09-15,C-SAO-011,Memphis DC,Memphis,US,Sao Paulo,BR,790,1567.1,sea,audio,17512.16,0
SO-06316,2025-09-15,C-BUE-035,Memphis DC,Memphis,US,Buenos Aires,AR,760,1709.62,sea,audio,35612.22,0
SO-06786,2025-09-15,C-CAI-023,Dubai DC,Dubai,AE,Cairo,EG,561,2053.7,sea,wearables,11678.05,0
SO-00021,2025-09-16,C-LON-039,Rotterdam DC,Rotterdam,NL,London,GB,337,1343.86,road,cables,24221.29,0
SO-00076,2025-09-16,C-LON-027,Rotterdam DC,Rotterdam,NL,London,GB,497,1511.24,road,audio,14222.86,0
SO-00832,2025-09-16,C-PAR-027,Rotterdam DC,Rotterdam,NL,Paris,FR,218,639.05,road,storage,23265.59,0
SO-01250,2025-09-16,C-MAD-014,Rotterdam DC,Rotterdam,NL,Madrid,ES,313,1003.52,road,cables,33119.59,0
SO-01691,2025-09-16,C-WAR-010,Rotterdam DC,Rotterdam,NL,Warsaw,PL,289,885.81,road,storage,31121.56,0
SO-01778,2025-09-16,C-WAR-034,Rotterdam DC,Rotterdam,NL,Warsaw,PL,637,1870.89,road,chargers,27259.67,0
SO-02010,2025-09-16,C-DUB-035,Rotterdam DC,Rotterdam,NL,Dublin,IE,656,990.78,air,cables,25781.6,0
SO-02230,2025-09-16,C-TOK-008,Shenzhen DC,Shenzhen,CN,Tokyo,JP,427,1415.41,sea,chargers,23684.79,0
SO-02629,2025-09-16,C-SEO-022,Shenzhen DC,Shenzhen,CN,Seoul,KR,457,1069.42,sea,storage,36902.18,0
SO-02768,2025-09-16,C-SIN-018,Shenzhen DC,Shenzhen,CN,Singapore,SG,975,1752.06,sea,cables,25641.15,0
SO-02945,2025-09-16,C-SIN-014,Shenzhen DC,Shenzhen,CN,Singapore,SG,80,278.21,sea,storage,34526.4,0
SO-03266,2025-09-16,C-JAK-018,Shenzhen DC,Shenzhen,CN,Jakarta,ID,591,856.12,sea,wearables,28158.9,0
SO-03286,2025-09-16,C-JAK-035,Shenzhen DC,Shenzhen,CN,Jakarta,ID,475,1596.54,sea,cables,23877.75,0
SO-03416,2025-09-16,C-MAN-012,Shenzhen DC,Shenzhen,CN,Manila,PH,290,930.05,sea,cables,9164.16,0
SO-03520,2025-09-16,C-MUM-011,Shenzhen DC,Shenzhen,CN,Mumbai,IN,758,1786.52,sea,storage,26221.93,0
SO-04518,2025-09-16,C-NEW-016,Memphis DC,Memphis,US,New York City,US,342,1306.45,road,storage,28976.51,0
SO-04586,2025-09-16,C-CHI-035,Memphis DC,Memphis,US,Chicago,US,854,1523.01,road,chargers,22470.92,0
SO-05002,2025-09-16,C-LOS-007,Memphis DC,Memphis,US,Los Angeles,US,570,1341.28,road,storage,23932.8,1
SO-05572,2025-09-16,C-MEX-006,Memphis DC,Memphis,US,Mexico City,MX,532,1955.97,road,chargers,24737.19,1
SO-05922,2025-09-16,C-SAO-023,Memphis DC,Memphis,US,Sao Paulo,BR,902,2131.61,sea,storage,25960.5,0
SO-06419,2025-09-16,C-RIY-012,Dubai DC,Dubai,AE,Riyadh,SA,395,944.45,road,cases,34154.24,0
SO-06482,2025-09-16,C-RIY-023,Dubai DC,Dubai,AE,Riyadh,SA,122,249.35,road,chargers,32518.27,0
SO-07025,2025-09-16,C-LAG-017,Dubai DC,Dubai,AE,Lagos,NG,220,802.52,air,audio,16005.77,0
SO-07044,2025-09-16,C-LAG-033,Dubai DC,Dubai,AE,Lagos,NG,632,1062.54,air,audio,22120.47,0
SO-00249,2025-09-17,C-LON-002,Rotterdam DC,Rotterdam,NL,London,GB,320,927.38,road,storage,37670.08,0
SO-00316,2025-09-17,C-LON-039,Rotterdam DC,Rotterdam,NL,London,GB,360,1136.94,road,storage,19037.58,0
SO-00492,2025-09-17,C-BER-006,Rotterdam DC,Rotterdam,NL,Berlin,DE,307,978.88,road,chargers,40950.34,0
SO-00841,2025-09-17,C-PAR-006,Rotterdam DC,Rotterdam,NL,Paris,FR,170,643.28,road,audio,9653.61,1
SO-01007,2025-09-17,C-PAR-014,Rotterdam DC,Rotterdam,NL,Paris,FR,513,1130.25,road,storage,17815.25,0
SO-01038,2025-09-17,C-PAR-025,Rotterdam DC,Rotterdam,NL,Paris,FR,418,942.45,road,storage,21553.71,0
SO-01255,2025-09-17,C-MAD-024,Rotterdam DC,Rotterdam,NL,Madrid,ES,292,583.8,road,audio,47217.48,0
SO-01585,2025-09-17,C-MIL-034,Rotterdam DC,Rotterdam,NL,Milan,IT,765,1159.38,road,storage,37051.17,0
SO-02070,2025-09-17,C-TOK-028,Shenzhen DC,Shenzhen,CN,Tokyo,JP,312,1233.19,sea,wearables,28338.08,0
SO-02298,2025-09-17,C-TOK-010,Shenzhen DC,Shenzhen,CN,Tokyo,JP,303,1149.72,sea,storage,25740.85,1
SO-02692,2025-09-17,C-SIN-021,Shenzhen DC,Shenzhen,CN,Singapore,SG,274,1046.45,sea,wearables,32663.47,0
SO-03220,2025-09-17,C-JAK-017,Shenzhen DC,Shenzhen,CN,Jakarta,ID,253,944.84,sea,wearables,28140.99,0
SO-03469,2025-09-17,C-MAN-034,Shenzhen DC,Shenzhen,CN,Manila,PH,300,1127.65,sea,storage,16413.32,0
SO-03610,2025-09-17,C-MUM-029,Shenzhen DC,Shenzhen,CN,Mumbai,IN,509,1863.68,sea,audio,38800.9,1
SO-05416,2025-09-17,C-TOR-034,Memphis DC,Memphis,US,Toronto,CA,430,1437.83,road,wearables,36815.05,0
SO-05582,2025-09-17,C-MEX-017,Memphis DC,Memphis,US,Mexico City,MX,510,1828.31,road,audio,28491.0,0
SO-05620,2025-09-17,C-MEX-036,Memphis DC,Memphis,US,Mexico City,MX,661,1184.7,road,cables,23646.39,0
SO-05682,2025-09-17,C-MEX-012,Memphis DC,Memphis,US,Mexico City,MX,655,1358.21,road,cases,12212.51,0
SO-05748,2025-09-17,C-MEX-015,Memphis DC,Memphis,US,Mexico City,MX,571,956.02,road,storage,25349.22,0
SO-06499,2025-09-17,C-RIY-015,Dubai DC,Dubai,AE,Riyadh,SA,554,1874.75,road,cables,29351.16,0
SO-06732,2025-09-17,C-CAI-005,Dubai DC,Dubai,AE,Cairo,EG,492,1536.07,sea,cables,22500.07,0
SO-07142,2025-09-17,C-JOH-030,Dubai DC,Dubai,AE,Johannesburg,ZA,388,1459.19,sea,audio,33735.33,0
SO-00191,2025-09-18,C-LON-039,Rotterdam DC,Rotterdam,NL,London,GB,425,1394.11,road,audio,35317.18,0
SO-00222,2025-09-18,C-LON-039,Rotterdam DC,Rotterdam,NL,London,GB,407,1161.51,road,cases,26264.18,0
SO-00612,2025-09-18,C-BER-036,Rotterdam DC,Rotterdam,NL,Berlin,DE,32,127.91,road,cables,22684.93,0
SO-00645,2025-09-18,C-BER-037,Rotterdam DC,Rotterdam,NL,Berlin,DE,472,1450.44,road,wearables,28263.41,0
SO-01711,2025-09-18,C-WAR-013,Rotterdam DC,Rotterdam,NL,Warsaw,PL,640,1585.39,road,cases,14541.36,0
SO-01868,2025-09-18,C-STO-021,Rotterdam DC,Rotterdam,NL,Stockholm,SE,602,1116.93,road,audio,24382.19,0
SO-02048,2025-09-18,C-DUB-031,Rotterdam DC,Rotterdam,NL,Dublin,IE,256,411.61,air,storage,15297.44,0
SO-02081,2025-09-18,C-TOK-016,Shenzhen DC,Shenzhen,CN,Tokyo,JP,469,797.45,sea,storage,29641.49,0
SO-02570,2025-09-18,C-SEO-019,Shenzhen DC,Shenzhen,CN,Seoul,KR,286,729.68,sea,audio,27044.37,0
SO-04023,2025-09-18,C-AUC-036,Rotterdam DC,Rotterdam,NL,Auckland,NZ,338,763.17,air,cases,25932.99,0
SO-04997,2025-09-18,C-LOS-019,Memphis DC,Memphis,US,Los Angeles,US,213,556.11,road,cables,24315.53,1
SO-05108,2025-09-18,C-LOS-030,Memphis DC,Memphis,US,Los Angeles,US,557,803.62,road,storage,8554.22,1
SO-05514,2025-09-18,C-TOR-006,Memphis DC,Memphis,US,Toronto,CA,944,1464.28,road,cases,21143.66,0
SO-06248,2025-09-18,C-BUE-008,Memphis DC,Memphis,US,Buenos Aires,AR,405,1484.08,sea,storage,24547.46,0
SO-06334,2025-09-18,C-BUE-017,Memphis DC,Memphis,US,Buenos Aires,AR,565,1979.08,sea,cables,22121.86,0
SO-06605,2025-09-18,C-CAI-007,Dubai DC,Dubai,AE,Cairo,EG,391,1374.19,sea,wearables,24381.93,0
SO-06862,2025-09-18,C-NAI-012,Dubai DC,Dubai,AE,Nairobi,KE,279,1072.11,air,cables,17396.41,0
SO-06918,2025-09-18,C-NAI-012,Dubai DC,Dubai,AE,Nairobi,KE,264,590.47,air,wearables,25324.16,0
SO-00467,2025-09-19,C-BER-007,Rotterdam DC,Rotterdam,NL,Berlin,DE,627,1023.91,road,cases,32500.73,0
SO-00475,2025-09-19,C-BER-037,Rotterdam DC,Rotterdam,NL,Berlin,DE,546,2028.97,road,storage,30737.52,0
SO-00632,2025-09-19,C-BER-039,Rotterdam DC,Rotterdam,NL,Berlin,DE,673,996.39,road,cases,42209.31,0
SO-01852,2025-09-19,C-STO-003,Rotterdam DC,Rotterdam,NL,Stockholm,SE,868,1534.3,road,cables,23388.74,0
SO-01876,2025-09-19,C-STO-016,Rotterdam DC,Rotterdam,NL,Stockholm,SE,634,1475.83,road,cases,8580.67,1
SO-02170,2025-09-19,C-TOK-004,Shenzhen DC,Shenzhen,CN,Tokyo,JP,463,822.12,sea,cases,22212.58,0
SO-02171,2025-09-19,C-TOK-030,Shenzhen DC,Shenzhen,CN,Tokyo,JP,240,874.71,sea,wearables,31700.51,0
SO-02733,2025-09-19,C-SIN-005,Shenzhen DC,Shenzhen,CN,Singapore,SG,378,1194.04,sea,storage,32259.73,0
SO-03089,2025-09-19,C-BAN-030,Shenzhen DC,Shenzhen,CN,Bangkok,TH,389,809.5,sea,cables,25947.68,0
SO-03866,2025-09-19,C-SYD-037,Rotterdam DC,Rotterdam,NL,Sydney,AU,369,1282.32,air,cases,23059.11,1
SO-03960,2025-09-19,C-AUC-032,Rotterdam DC,Rotterdam,NL,Auckland,NZ,90,312.67,air,cases,37861.61,0
SO-05040,2025-09-19,C-LOS-002,Memphis DC,Memphis,US,Los Angeles,US,207,788.91,road,cables,22215.13,0
SO-05083,2025-09-19,C-LOS-006,Memphis DC,Memphis,US,Los Angeles,US,194,370.1,road,cases,33972.58,0
SO-05867,2025-09-19,C-SAO-023,Memphis DC,Memphis,US,Sao Paulo,BR,573,2104.93,sea,chargers,28739.95,0
SO-05934,2025-09-19,C-SAO-006,Memphis DC,Memphis,US,Sao Paulo,BR,379,900.41,sea,wearables,14638.26,0
SO-06136,2025-09-19,C-SAN-001,Memphis DC,Memphis,US,Santiago,CL,443,1711.74,sea,audio,17522.31,0
SO-06597,2025-09-19,C-RIY-006,Dubai DC,Dubai,AE,Riyadh,SA,231,834.32,road,cables,43262.79,0
SO-06860,2025-09-19,C-NAI-013,Dubai DC,Dubai,AE,Nairobi,KE,292,661.09,air,wearables,23720.76,0
SO-07097,2025-09-19,C-JOH-015,Dubai DC,Dubai,AE,Johannesburg,ZA,524,1490.24,sea,chargers,21023.69,0
SO-07389,2025-09-19,C-KAR-003,Dubai DC,Dubai,AE,Karachi,PK,336,1279.8,sea,wearables,11002.2,0
SO-01148,2025-09-20,C-MAD-025,Rotterdam DC,Rotterdam,NL,Madrid,ES,591,1691.47,road,wearables,42908.83,0
SO-01895,2025-09-20,C-STO-021,Rotterdam DC,Rotterdam,NL,Stockholm,SE,377,1222.33,road,storage,24802.07,0
SO-02755,2025-09-20,C-SIN-022,Shenzhen DC,Shenzhen,CN,Singapore,SG,206,819.14,sea,chargers,21525.81,0
SO-03190,2025-09-20,C-JAK-014,Shenzhen DC,Shenzhen,CN,Jakarta,ID,393,727.93,sea,wearables,25664.39,0
SO-03436,2025-09-20,C-MAN-026,Shenzhen DC,Shenzhen,CN,Manila,PH,208,765.44,sea,wearables,45199.92,0
SO-04175,2025-09-20,C-NEW-016,Memphis DC,Memphis,US,New York City,US,284,734.3,road,wearables,15596.86,1
SO-04949,2025-09-20,C-LOS-034,Memphis DC,Memphis,US,Los Angeles,US,224,835.4,road,chargers,45827.58,0
SO-05398,2025-09-20,C-TOR-034,Memphis DC,Memphis,US,Toronto,CA,942,1853.02,road,storage,47985.51,0
SO-05770,2025-09-20,C-SAO-011,Memphis DC,Memphis,US,Sao Paulo,BR,343,1044.6,sea,chargers,6652.73,0
SO-05913,2025-09-20,C-SAO-023,Memphis DC,Memphis,US,Sao Paulo,BR,443,1066.67,sea,chargers,31112.27,0
SO-06078,2025-09-20,C-BOG-030,Memphis DC,Memphis,US,Bogota,CO,293,774.43,air,cables,28233.8,0
SO-06658,2025-09-20,C-CAI-032,Dubai DC,Dubai,AE,Cairo,EG,131,507.1,sea,cases,21768.65,0
SO-06991,2025-09-20,C-LAG-039,Dubai DC,Dubai,AE,Lagos,NG,243,410.31,air,storage,25550.53,0
SO-07022,2025-09-20,C-LAG-011,Dubai DC,Dubai,AE,Lagos,NG,331,1226.19,air,cases,17453.57,0
SO-07251,2025-09-20,C-KAR-029,Dubai DC,Dubai,AE,Karachi,PK,373,583.15,sea,chargers,18980.52,0
SO-07369,2025-09-20,C-KAR-020,Dubai DC,Dubai,AE,Karachi,PK,573,2167.67,sea,chargers,23169.57,0
SO-00128,2025-09-21,C-LON-027,Rotterdam DC,Rotterdam,NL,London,GB,131,473.01,road,wearables,41896.64,0
SO-00140,2025-09-21,C-LON-006,Rotterdam DC,Rotterdam,NL,London,GB,231,834.09,road,cables,31238.24,0
SO-00676,2025-09-21,C-BER-004,Rotterdam DC,Rotterdam,NL,Berlin,DE,361,1094.45,road,chargers,8088.97,0
SO-00790,2025-09-21,C-PAR-034,Rotterdam DC,Rotterdam,NL,Paris,FR,633,1818.66,road,cables,35634.78,0
SO-01490,2025-09-21,C-MIL-006,Rotterdam DC,Rotterdam,NL,Milan,IT,661,1194.62,road,wearables,16307.05,0
SO-01662,2025-09-21,C-WAR-021,Rotterdam DC,Rotterdam,NL,Warsaw,PL,481,1642.43,road,wearables,27803.08,0
SO-01735,2025-09-21,C-WAR-031,Rotterdam DC,Rotterdam,NL,Warsaw,PL,588,1747.1,road,audio,16672.0,0
SO-01929,2025-09-21,C-STO-029,Rotterdam DC,Rotterdam,NL,Stockholm,SE,306,1099.89,road,chargers,22475.73,0
SO-02435,2025-09-21,C-SEO-009,Shenzhen DC,Shenzhen,CN,Seoul,KR,302,657.99,sea,cases,30098.62,0
SO-02541,2025-09-21,C-SEO-031,Shenzhen DC,Shenzhen,CN,Seoul,KR,311,1212.36,sea,chargers,39997.95,0
SO-03111,2025-09-21,C-BAN-009,Shenzhen DC,Shenzhen,CN,Bangkok,TH,568,1983.6,sea,storage,13318.54,0
SO-03399,2025-09-21,C-MAN-038,Shenzhen DC,Shenzhen,CN,Manila,PH,308,933.37,sea,audio,31658.43,1
SO-03440,2025-09-21,C-MAN-004,Shenzhen DC,Shenzhen,CN,Manila,PH,368,700.89,sea,cables,35960.8,0
SO-03537,2025-09-21,C-MUM-024,Shenzhen DC,Shenzhen,CN,Mumbai,IN,574,1437.68,sea,cables,37726.69,0
SO-05506,2025-09-21,C-TOR-027,Memphis DC,Memphis,US,Toronto,CA,328,1196.74,road,cases,27477.07,0
SO-06096,2025-09-21,C-SAN-001,Memphis DC,Memphis,US,Santiago,CL,388,1266.33,sea,storage,34358.85,0
SO-06158,2025-09-21,C-SAN-021,Memphis DC,Memphis,US,Santiago,CL,1222,2648.84,sea,wearables,23082.5,0
SO-06880,2025-09-21,C-NAI-018,Dubai DC,Dubai,AE,Nairobi,KE,554,907.37,air,chargers,24305.07,0
SO-07166,2025-09-21,C-JOH-004,Dubai DC,Dubai,AE,Johannesburg,ZA,562,1523.02,sea,cases,13306.93,0
SO-00132,2025-09-22,C-LON-021,Rotterdam DC,Rotterdam,NL,London,GB,479,1855.99,road,audio,31519.51,0
SO-00328,2025-09-22,C-LON-029,Rotterdam DC,Rotterdam,NL,London,GB,403,891.55,road,storage,21444.72,0
SO-00390,2025-09-22,C-LON-017,Rotterdam DC,Rotterdam,NL,London,GB,429,1274.26,road,chargers,29751.66,0
SO-00737,2025-09-22,C-BER-005,Rotterdam DC,Rotterdam,NL,Berlin,DE,379,996.05,road,cables,25372.03,1
SO-01503,2025-09-22,C-MIL-013,Rotterdam DC,Rotterdam,NL,Milan,IT,689,1572.01,road,storage,25422.6,0
SO-02739,2025-09-22,C-SIN-018,Shenzhen DC,Shenzhen,CN,Singapore,SG,291,1133.62,sea,cases,45279.78,0
SO-02863,2025-09-22,C-SIN-023,Shenzhen DC,Shenzhen,CN,Singapore,SG,476,915.81,sea,cables,25178.03,0
SO-03390,2025-09-22,C-MAN-020,Shenzhen DC,Shenzhen,CN,Manila,PH,331,854.09,sea,audio,40036.33,0
SO-04316,2025-09-22,C-NEW-021,Memphis DC,Memphis,US,New York City,US,447,1099.76,road,cables,34581.88,0
SO-04434,2025-09-22,C-NEW-032,Memphis DC,Memphis,US,New York City,US,537,1424.51,road,chargers,26491.69,0
SO-04653,2025-09-22,C-CHI-016,Memphis DC,Memphis,US,Chicago,US,115,417.52,road,cases,30701.95,0
SO-04955,2025-09-22,C-LOS-028,Memphis DC,Memphis,US,Los Angeles,US,108,175.1,road,chargers,30105.91,0
SO-05427,2025-09-22,C-TOR-037,Memphis DC,Memphis,US,Toronto,CA,452,1105.09,road,wearables,37591.52,0
SO-06326,2025-09-22,C-BUE-015,Memphis DC,Memphis,US,Buenos Aires,AR,290,943.73,sea,chargers,23051.65,0
SO-00032,2025-09-23,C-LON-023,Rotterdam DC,Rotterdam,NL,London,GB,450,995.99,road,wearables,21443.4,0
SO-00141,2025-09-23,C-LON-029,Rotterdam DC,Rotterdam,NL,London,GB,377,1381.12,road,cables,33728.76,0
SO-00419,2025-09-23,C-BER-006,Rotterdam DC,Rotterdam,NL,Berlin,DE,516,1419.6,road,wearables,36525.16,0
SO-00520,2025-09-23,C-BER-016,Rotterdam DC,Rotterdam,NL,Berlin,DE,446,990.11,road,cables,27687.5,0
SO-00593,2025-09-23,C-BER-021,Rotterdam DC,Rotterdam,NL,Berlin,DE,481,1304.34,road,wearables,31434.56,0
SO-00699,2025-09-23,C-BER-004,Rotterdam DC,Rotterdam,NL,Berlin,DE,303,696.21,road,audio,30079.63,0
SO-00738,2025-09-23,C-BER-007,Rotterdam DC,Rotterdam,NL,Berlin,DE,320,1170.8,road,wearables,29163.15,0
SO-01103,2025-09-23,C-PAR-023,Rotterdam DC,Rotterdam,NL,Paris,FR,695,1238.21,road,storage,26465.88,0
SO-01341,2025-09-23,C-MAD-032,Rotterdam DC,Rotterdam,NL,Madrid,ES,998,1945.61,road,chargers,41517.72,0
SO-01739,2025-09-23,C-WAR-002,Rotterdam DC,Rotterdam,NL,Warsaw,PL,458,1132.2,road,audio,41125.19,0
SO-01882,2025-09-23,C-STO-001,Rotterdam DC,Rotterdam,NL,Stockholm,SE,850,1238.0,road,storage,23987.1,0
SO-02994,2025-09-23,C-BAN-022,Shenzhen DC,Shenzhen,CN,Bangkok,TH,309,1096.64,sea,storage,29891.04,0
SO-03573,2025-09-23,C-MUM-009,Shenzhen DC,Shenzhen,CN,Mumbai,IN,282,824.9,sea,cables,31029.11,0
SO-03939,2025-09-23,C-AUC-021,Rotterdam DC,Rotterdam,NL,Auckland,NZ,490,851.0,air,audio,27754.21,0
SO-04129,2025-09-23,C-NEW-031,Memphis DC,Memphis,US,New York City,US,392,1236.89,road,audio,25987.08,0
SO-04560,2025-09-23,C-CHI-011,Memphis DC,Memphis,US,Chicago,US,317,752.94,road,cases,19296.74,0
SO-04591,2025-09-23,C-CHI-006,Memphis DC,Memphis,US,Chicago,US,305,869.65,road,wearables,32945.86,0
SO-05339,2025-09-23,C-TOR-024,Memphis DC,Memphis,US,Toronto,CA,392,1416.74,road,cables,23258.9,0
SO-05462,2025-09-23,C-TOR-023,Memphis DC,Memphis,US,Toronto,CA,593,1638.52,road,cases,31007.8,0
SO-05805,2025-09-23,C-SAO-018,Memphis DC,Memphis,US,Sao Paulo,BR,649,2174.49,sea,chargers,17162.18,0
SO-06346,2025-09-23,C-BUE-031,Memphis DC,Memphis,US,Buenos Aires,AR,247,411.04,sea,cables,13343.27,0
SO-07213,2025-09-23,C-JOH-021,Dubai DC,Dubai,AE,Johannesburg,ZA,661,2050.88,sea,audio,20196.36,0
SO-00225,2025-09-24,C-LON-019,Rotterdam DC,Rotterdam,NL,London,GB,336,1229.01,road,cases,34512.86,0
SO-01988,2025-09-24,C-DUB-038,Rotterdam DC,Rotterdam,NL,Dublin,IE,208,631.52,air,chargers,15468.52,0
SO-02012,2025-09-24,C-DUB-032,Rotterdam DC,Rotterdam,NL,Dublin,IE,304,715.81,air,cases,15715.98,0
SO-02644,2025-09-24,C-SEO-039,Shenzhen DC,Shenzhen,CN,Seoul,KR,783,1359.06,sea,wearables,47556.37,0
SO-03516,2025-09-24,C-MUM-014,Shenzhen DC,Shenzhen,CN,Mumbai,IN,476,760.57,sea,wearables,31676.57,0
SO-03517,2025-09-24,C-MUM-029,Shenzhen DC,Shenzhen,CN,Mumbai,IN,367,1326.38,sea,cases,17323.27,0
SO-03526,2025-09-24,C-MUM-028,Shenzhen DC,Shenzhen,CN,Mumbai,IN,368,958.22,sea,chargers,21619.67,0
SO-03590,2025-09-24,C-MUM-024,Shenzhen DC,Shenzhen,CN,Mumbai,IN,872,1282.99,sea,storage,22599.27,0
SO-03708,2025-09-24,C-MUM-034,Shenzhen DC,Shenzhen,CN,Mumbai,IN,667,1003.19,sea,wearables,26986.18,0
SO-04052,2025-09-24,C-NEW-003,Memphis DC,Memphis,US,New York City,US,256,768.81,road,cables,38284.26,0
SO-04095,2025-09-24,C-NEW-016,Memphis DC,Memphis,US,New York City,US,352,1005.16,road,cables,29462.16,0
SO-04386,2025-09-24,C-NEW-012,Memphis DC,Memphis,US,New York City,US,622,1292.66,road,chargers,24458.89,0
SO-04438,2025-09-24,C-NEW-015,Memphis DC,Memphis,US,New York City,US,685,1190.41,road,wearables,23355.0,0
SO-04474,2025-09-24,C-NEW-013,Memphis DC,Memphis,US,New York City,US,142,278.56,road,audio,43360.87,0
SO-05384,2025-09-24,C-TOR-039,Memphis DC,Memphis,US,Toronto,CA,724,1075.6,road,cables,25892.37,0
SO-05790,2025-09-24,C-SAO-021,Memphis DC,Memphis,US,Sao Paulo,BR,454,1495.03,sea,storage,17177.55,0
SO-06920,2025-09-24,C-NAI-017,Dubai DC,Dubai,AE,Nairobi,KE,160,617.38,air,storage,5439.52,0
SO-07138,2025-09-24,C-JOH-023,Dubai DC,Dubai,AE,Johannesburg,ZA,868,1765.68,sea,audio,18236.26,0
SO-07240,2025-09-24,C-KAR-011,Dubai DC,Dubai,AE,Karachi,PK,454,1596.59,sea,wearables,22705.38,0
SO-00201,2025-09-25,C-LON-026,Rotterdam DC,Rotterdam,NL,London,GB,387,1312.59,road,wearables,26537.08,0
SO-01603,2025-09-25,C-WAR-027,Rotterdam DC,Rotterdam,NL,Warsaw,PL,566,1798.26,road,audio,41438.36,0
SO-02242,2025-09-25,C-TOK-026,Shenzhen DC,Shenzhen,CN,Tokyo,JP,140,512.38,sea,audio,44876.67,0
SO-02254,2025-09-25,C-TOK-013,Shenzhen DC,Shenzhen,CN,Tokyo,JP,526,1262.8,sea,audio,35026.42,0
SO-02443,2025-09-25,C-SEO-036,Shenzhen DC,Shenzhen,CN,Seoul,KR,305,984.18,sea,cables,39665.0,0
SO-02510,2025-09-25,C-SEO-015,Shenzhen DC,Shenzhen,CN,Seoul,KR,386,964.29,sea,chargers,33227.06,0
SO-03046,2025-09-25,C-BAN-026,Shenzhen DC,Shenzhen,CN,Bangkok,TH,653,1399.81,sea,wearables,26889.66,0
SO-03087,2025-09-25,C-BAN-008,Shenzhen DC,Shenzhen,CN,Bangkok,TH,902,1371.18,sea,chargers,20658.58,0
SO-03150,2025-09-25,C-BAN-024,Shenzhen DC,Shenzhen,CN,Bangkok,TH,248,971.75,sea,wearables,23800.09,0
SO-03218,2025-09-25,C-JAK-021,Shenzhen DC,Shenzhen,CN,Jakarta,ID,210,806.57,sea,cables,29077.38,0
SO-04299,2025-09-25,C-NEW-003,Memphis DC,Memphis,US,New York City,US,287,1108.27,road,storage,28636.46,0
SO-04334,2025-09-25,C-NEW-036,Memphis DC,Memphis,US,New York City,US,314,934.54,road,storage,17551.61,0
SO-04431,2025-09-25,C-NEW-008,Memphis DC,Memphis,US,New York City,US,542,2118.28,road,cables,31723.29,0
SO-04524,2025-09-25,C-NEW-016,Memphis DC,Memphis,US,New York City,US,754,1676.68,road,cases,24795.27,0
SO-04827,2025-09-25,C-CHI-024,Memphis DC,Memphis,US,Chicago,US,493,1311.64,road,chargers,31811.87,0
SO-05931,2025-09-25,C-SAO-007,Memphis DC,Memphis,US,Sao Paulo,BR,370,666.35,sea,wearables,22534.41,0
SO-06321,2025-09-25,C-BUE-030,Memphis DC,Memphis,US,Buenos Aires,AR,310,1153.23,sea,cables,23418.98,0
SO-06536,2025-09-25,C-RIY-004,Dubai DC,Dubai,AE,Riyadh,SA,689,1821.15,road,cables,32281.79,0
SO-06981,2025-09-25,C-LAG-022,Dubai DC,Dubai,AE,Lagos,NG,153,332.2,air,cases,21584.33,0
SO-00019,2025-09-26,C-LON-011,Rotterdam DC,Rotterdam,NL,London,GB,402,1366.23,road,chargers,17878.82,0
SO-00483,2025-09-26,C-BER-002,Rotterdam DC,Rotterdam,NL,Berlin,DE,459,1655.09,road,storage,16828.3,0
SO-01091,2025-09-26,C-PAR-039,Rotterdam DC,Rotterdam,NL,Paris,FR,218,383.34,road,audio,20240.23,0
SO-01618,2025-09-26,C-WAR-017,Rotterdam DC,Rotterdam,NL,Warsaw,PL,673,1289.26,road,chargers,34713.2,0
SO-01842,2025-09-26,C-STO-028,Rotterdam DC,Rotterdam,NL,Stockholm,SE,333,1241.74,road,chargers,20479.62,0
SO-02067,2025-09-26,C-TOK-038,Shenzhen DC,Shenzhen,CN,Tokyo,JP,454,758.62,sea,storage,29490.5,1
SO-02092,2025-09-26,C-TOK-015,Shenzhen DC,Shenzhen,CN,Tokyo,JP,385,984.09,sea,wearables,22200.63,0
SO-02459,2025-09-26,C-SEO-029,Shenzhen DC,Shenzhen,CN,Seoul,KR,773,1397.84,sea,audio,29671.98,0
SO-02878,2025-09-26,C-SIN-016,Shenzhen DC,Shenzhen,CN,Singapore,SG,290,831.64,sea,cases,20735.28,0
SO-03326,2025-09-26,C-JAK-029,Shenzhen DC,Shenzhen,CN,Jakarta,ID,121,363.25,sea,storage,17890.12,0
SO-03558,2025-09-26,C-MUM-035,Shenzhen DC,Shenzhen,CN,Mumbai,IN,331,1136.76,sea,cables,19342.35,0
SO-03568,2025-09-26,C-MUM-028,Shenzhen DC,Shenzhen,CN,Mumbai,IN,305,1079.47,sea,cases,21004.55,0
SO-03701,2025-09-26,C-MUM-035,Shenzhen DC,Shenzhen,CN,Mumbai,IN,332,1202.98,sea,wearables,18651.62,0
SO-03765,2025-09-26,C-SYD-037,Rotterdam DC,Rotterdam,NL,Sydney,AU,195,525.7,air,audio,42149.84,0
SO-03900,2025-09-26,C-SYD-038,Rotterdam DC,Rotterdam,NL,Sydney,AU,71,168.25,air,wearables,26879.21,0
SO-03905,2025-09-26,C-SYD-028,Rotterdam DC,Rotterdam,NL,Sydney,AU,643,1064.67,air,cables,18323.24,0
SO-03915,2025-09-26,C-SYD-002,Rotterdam DC,Rotterdam,NL,Sydney,AU,232,872.47,air,cases,22305.14,0
SO-04690,2025-09-26,C-CHI-011,Memphis DC,Memphis,US,Chicago,US,386,942.91,road,audio,15512.99,0
SO-04814,2025-09-26,C-CHI-018,Memphis DC,Memphis,US,Chicago,US,338,1039.37,road,cases,22433.58,1
SO-04908,2025-09-26,C-CHI-030,Memphis DC,Memphis,US,Chicago,US,632,1390.64,road,audio,13354.1,0
SO-05271,2025-09-26,C-LOS-023,Memphis DC,Memphis,US,Los Angeles,US,491,1293.71,road,storage,23601.72,0
SO-06038,2025-09-26,C-BOG-002,Memphis DC,Memphis,US,Bogota,CO,181,655.61,air,audio,23306.1,0
SO-06671,2025-09-26,C-CAI-019,Dubai DC,Dubai,AE,Cairo,EG,419,1422.61,sea,cables,11514.0,0
SO-06701,2025-09-26,C-CAI-033,Dubai DC,Dubai,AE,Cairo,EG,443,1354.54,sea,storage,29048.76,0
SO-06802,2025-09-26,C-NAI-038,Dubai DC,Dubai,AE,Nairobi,KE,501,735.93,air,chargers,14105.7,0
SO-07169,2025-09-26,C-JOH-005,Dubai DC,Dubai,AE,Johannesburg,ZA,774,1354.04,sea,chargers,16859.9,0
SO-00092,2025-09-27,C-LON-037,Rotterdam DC,Rotterdam,NL,London,GB,507,1358.19,road,storage,20839.26,0
SO-00325,2025-09-27,C-LON-019,Rotterdam DC,Rotterdam,NL,London,GB,923,1579.33,road,storage,23869.17,0
SO-00537,2025-09-27,C-BER-023,Rotterdam DC,Rotterdam,NL,Berlin,DE,369,1393.86,road,cases,33094.0,0
SO-01873,2025-09-27,C-STO-006,Rotterdam DC,Rotterdam,NL,Stockholm,SE,559,1070.75,road,cases,20783.62,0
SO-02034,2025-09-27,C-DUB-004,Rotterdam DC,Rotterdam,NL,Dublin,IE,110,403.83,air,cables,10354.84,0
SO-03012,2025-09-27,C-BAN-003,Shenzhen DC,Shenzhen,CN,Bangkok,TH,669,1590.16,sea,audio,20428.99,0
SO-03014,2025-09-27,C-BAN-032,Shenzhen DC,Shenzhen,CN,Bangkok,TH,109,211.64,sea,wearables,26156.42,0
SO-03039,2025-09-27,C-BAN-007,Shenzhen DC,Shenzhen,CN,Bangkok,TH,321,970.8,sea,cables,39731.78,0
SO-03445,2025-09-27,C-MAN-020,Shenzhen DC,Shenzhen,CN,Manila,PH,410,1133.99,sea,cables,30193.2,0
SO-04032,2025-09-27,C-AUC-021,Rotterdam DC,Rotterdam,NL,Auckland,NZ,216,698.55,air,cables,37244.14,0
SO-04527,2025-09-27,C-NEW-021,Memphis DC,Memphis,US,New York City,US,456,1621.22,road,wearables,28149.4,0
SO-04539,2025-09-27,C-CHI-039,Memphis DC,Memphis,US,Chicago,US,732,1153.02,road,storage,29804.6,0
SO-05212,2025-09-27,C-LOS-019,Memphis DC,Memphis,US,Los Angeles,US,516,779.76,road,wearables,27746.87,0
SO-05444,2025-09-27,C-TOR-039,Memphis DC,Memphis,US,Toronto,CA,377,1446.89,road,cases,27980.69,0
SO-05813,2025-09-27,C-SAO-010,Memphis DC,Memphis,US,Sao Paulo,BR,747,1597.67,sea,cases,14336.74,0
SO-05973,2025-09-27,C-BOG-008,Memphis DC,Memphis,US,Bogota,CO,166,604.25,air,storage,17018.12,0
SO-06088,2025-09-27,C-BOG-015,Memphis DC,Memphis,US,Bogota,CO,332,855.11,air,cables,9122.61,1
SO-06276,2025-09-27,C-BUE-007,Memphis DC,Memphis,US,Buenos Aires,AR,516,1694.82,sea,audio,20606.13,0
SO-06532,2025-09-27,C-RIY-027,Dubai DC,Dubai,AE,Riyadh,SA,208,585.66,road,cases,31147.92,1
SO-06863,2025-09-27,C-NAI-018,Dubai DC,Dubai,AE,Nairobi,KE,222,569.2,air,audio,27269.26,0
SO-07131,2025-09-27,C-JOH-034,Dubai DC,Dubai,AE,Johannesburg,ZA,593,1793.54,sea,cases,25939.12,0
SO-07162,2025-09-27,C-JOH-009,Dubai DC,Dubai,AE,Johannesburg,ZA,301,1168.87,sea,wearables,19759.52,0
SO-00060,2025-09-28,C-LON-016,Rotterdam DC,Rotterdam,NL,London,GB,724,1363.37,road,cables,24083.96,0
SO-01223,2025-09-28,C-MAD-009,Rotterdam DC,Rotterdam,NL,Madrid,ES,613,1394.72,road,chargers,18973.62,1
SO-01333,2025-09-28,C-MAD-014,Rotterdam DC,Rotterdam,NL,Madrid,ES,468,1226.64,road,cables,34649.14,0
SO-01356,2025-09-28,C-MAD-009,Rotterdam DC,Rotterdam,NL,Madrid,ES,1462,2359.49,road,audio,22727.03,0
SO-02672,2025-09-28,C-SIN-030,Shenzhen DC,Shenzhen,CN,Singapore,SG,218,443.47,sea,storage,30332.59,1
SO-03259,2025-09-28,C-JAK-010,Shenzhen DC,Shenzhen,CN,Jakarta,ID,635,1718.62,sea,audio,24573.87,0
SO-03841,2025-09-28,C-SYD-007,Rotterdam DC,Rotterdam,NL,Sydney,AU,575,1255.35,air,cables,49694.82,0
SO-04865,2025-09-28,C-CHI-039,Memphis DC,Memphis,US,Chicago,US,267,983.91,road,chargers,36371.69,1
SO-05207,2025-09-28,C-LOS-029,Memphis DC,Memphis,US,Los Angeles,US,522,981.25,road,chargers,23987.58,0
SO-05957,2025-09-28,C-SAO-009,Memphis DC,Memphis,US,Sao Paulo,BR,535,1399.19,sea,chargers,27298.56,0
SO-06907,2025-09-28,C-NAI-026,Dubai DC,Dubai,AE,Nairobi,KE,308,812.76,air,chargers,12732.22,0
SO-07282,2025-09-28,C-KAR-020,Dubai DC,Dubai,AE,Karachi,PK,120,461.06,sea,audio,34150.92,0
SO-01094,2025-09-29,C-PAR-001,Rotterdam DC,Rotterdam,NL,Paris,FR,733,1886.87,road,wearables,34319.04,0
SO-01338,2025-09-29,C-MAD-030,Rotterdam DC,Rotterdam,NL,Madrid,ES,472,1693.29,road,storage,37641.47,0
SO-01481,2025-09-29,C-MIL-017,Rotterdam DC,Rotterdam,NL,Milan,IT,279,449.93,road,chargers,22818.57,0
SO-01748,2025-09-29,C-WAR-012,Rotterdam DC,Rotterdam,NL,Warsaw,PL,474,1714.25,road,wearables,32968.12,0
SO-01860,2025-09-29,C-STO-014,Rotterdam DC,Rotterdam,NL,Stockholm,SE,623,1665.08,road,cases,21478.39,0
SO-03113,2025-09-29,C-BAN-016,Shenzhen DC,Shenzhen,CN,Bangkok,TH,285,797.04,sea,wearables,19844.01,1
SO-03160,2025-09-29,C-JAK-020,Shenzhen DC,Shenzhen,CN,Jakarta,ID,942,1992.89,sea,chargers,22854.64,0
SO-03208,2025-09-29,C-JAK-004,Shenzhen DC,Shenzhen,CN,Jakarta,ID,505,1456.96,sea,audio,23017.67,0
SO-03498,2025-09-29,C-MUM-006,Shenzhen DC,Shenzhen,CN,Mumbai,IN,321,1278.71,sea,cables,23295.97,0
SO-03856,2025-09-29,C-SYD-011,Rotterdam DC,Rotterdam,NL,Sydney,AU,246,842.95,air,storage,43777.54,0
SO-03968,2025-09-29,C-AUC-004,Rotterdam DC,Rotterdam,NL,Auckland,NZ,166,438.15,air,audio,48578.86,1
SO-04218,2025-09-29,C-NEW-012,Memphis DC,Memphis,US,New York City,US,322,1029.82,road,chargers,21880.79,0
SO-04583,2025-09-29,C-CHI-010,Memphis DC,Memphis,US,Chicago,US,387,999.89,road,audio,35651.91,0
SO-04620,2025-09-29,C-CHI-023,Memphis DC,Memphis,US,Chicago,US,461,1103.4,road,cases,24436.39,1
SO-04998,2025-09-29,C-LOS-013,Memphis DC,Memphis,US,Los Angeles,US,255,931.83,road,audio,26737.46,0
SO-06529,2025-09-29,C-RIY-010,Dubai DC,Dubai,AE,Riyadh,SA,203,619.58,road,wearables,33970.06,0
SO-06618,2025-09-29,C-CAI-011,Dubai DC,Dubai,AE,Cairo,EG,312,971.67,sea,audio,19252.54,0
SO-06747,2025-09-29,C-CAI-001,Dubai DC,Dubai,AE,Cairo,EG,371,1209.6,sea,cases,22531.38,0
SO-06782,2025-09-29,C-CAI-030,Dubai DC,Dubai,AE,Cairo,EG,562,1137.23,sea,chargers,30350.47,0
SO-00413,2025-09-30,C-BER-030,Rotterdam DC,Rotterdam,NL,Berlin,DE,428,1311.37,road,storage,22228.76,0
SO-00533,2025-09-30,C-BER-027,Rotterdam DC,Rotterdam,NL,Berlin,DE,334,1141.59,road,wearables,31739.04,1
SO-00610,2025-09-30,C-BER-023,Rotterdam DC,Rotterdam,NL,Berlin,DE,533,1105.89,road,storage,25069.27,0
SO-01714,2025-09-30,C-WAR-019,Rotterdam DC,Rotterdam,NL,Warsaw,PL,358,923.98,road,audio,16669.86,0
SO-02217,2025-09-30,C-TOK-019,Shenzhen DC,Shenzhen,CN,Tokyo,JP,471,1004.93,sea,cables,38830.95,0
SO-02453,2025-09-30,C-SEO-015,Shenzhen DC,Shenzhen,CN,Seoul,KR,151,477.81,sea,storage,35557.98,0
SO-02571,2025-09-30,C-SEO-024,Shenzhen DC,Shenzhen,CN,Seoul,KR,557,1411.37,sea,chargers,9432.52,0
SO-03508,2025-09-30,C-MUM-001,Shenzhen DC,Shenzhen,CN,Mumbai,IN,196,670.09,sea,cables,27573.4,0
SO-03847,2025-09-30,C-SYD-008,Rotterdam DC,Rotterdam,NL,Sydney,AU,427,772.14,air,storage,24305.96,0
SO-04033,2025-09-30,C-AUC-033,Rotterdam DC,Rotterdam,NL,Auckland,NZ,170,578.71,air,chargers,32306.58,1
SO-04080,2025-09-30,C-NEW-017,Memphis DC,Memphis,US,New York City,US,476,831.92,road,audio,27934.7,0
SO-04196,2025-09-30,C-NEW-009,Memphis DC,Memphis,US,New York City,US,474,831.66,road,cables,20904.59,0
SO-04848,2025-09-30,C-CHI-028,Memphis DC,Memphis,US,Chicago,US,138,492.57,road,cables,30792.32,1
SO-05066,2025-09-30,C-LOS-020,Memphis DC,Memphis,US,Los Angeles,US,174,615.25,road,cases,13989.99,0
SO-05314,2025-09-30,C-TOR-003,Memphis DC,Memphis,US,Toronto,CA,548,1246.58,road,storage,20336.47,0
SO-05779,2025-09-30,C-SAO-027,Memphis DC,Memphis,US,Sao Paulo,BR,508,1400.27,sea,wearables,25845.4,0
SO-06415,2025-09-30,C-RIY-017,Dubai DC,Dubai,AE,Riyadh,SA,1358,1907.2,road,audio,43171.91,0
SO-06652,2025-09-30,C-CAI-036,Dubai DC,Dubai,AE,Cairo,EG,434,1274.91,sea,audio,20297.54,0
SO-06660,2025-09-30,C-CAI-020,Dubai DC,Dubai,AE,Cairo,EG,596,1707.4,sea,chargers,17351.45,0
SO-06758,2025-09-30,C-CAI-010,Dubai DC,Dubai,AE,Cairo,EG,1058,1575.56,sea,audio,19930.57,0
SO-07021,2025-09-30,C-LAG-029,Dubai DC,Dubai,AE,Lagos,NG,355,1059.57,air,storage,27624.23,0
SO-07201,2025-09-30,C-JOH-029,Dubai DC,Dubai,AE,Johannesburg,ZA,319,886.77,sea,cables,29040.77,0
SO-07299,2025-09-30,C-KAR-027,Dubai DC,Dubai,AE,Karachi,PK,514,1614.83,sea,chargers,36553.84,0
SO-00258,2025-10-01,C-LON-011,Rotterdam DC,Rotterdam,NL,London,GB,271,1070.3,road,wearables,29469.76,0
SO-01063,2025-10-01,C-PAR-023,Rotterdam DC,Rotterdam,NL,Paris,FR,468,1200.61,road,wearables,30084.51,0
SO-02167,2025-10-01,C-TOK-039,Shenzhen DC,Shenzhen,CN,Tokyo,JP,251,986.21,sea,cables,20000.0,0
SO-02302,2025-10-01,C-TOK-022,Shenzhen DC,Shenzhen,CN,Tokyo,JP,627,1327.35,sea,chargers,35432.64,0
SO-02310,2025-10-01,C-TOK-028,Shenzhen DC,Shenzhen,CN,Tokyo,JP,795,1141.5,sea,storage,32507.84,0
SO-02389,2025-10-01,C-TOK-038,Shenzhen DC,Shenzhen,CN,Tokyo,JP,317,972.6,sea,cases,53496.21,0
SO-02654,2025-10-01,C-SEO-010,Shenzhen DC,Shenzhen,CN,Seoul,KR,350,634.47,sea,storage,30256.62,0
SO-03425,2025-10-01,C-MAN-011,Shenzhen DC,Shenzhen,CN,Manila,PH,392,1331.24,sea,wearables,11484.48,0
SO-03474,2025-10-01,C-MAN-035,Shenzhen DC,Shenzhen,CN,Manila,PH,841,1197.61,sea,wearables,16689.04,0
SO-04488,2025-10-01,C-NEW-026,Memphis DC,Memphis,US,New York City,US,295,1128.21,road,cases,27681.52,0
SO-05866,2025-10-01,C-SAO-018,Memphis DC,Memphis,US,Sao Paulo,BR,648,2170.67,sea,audio,29142.87,0
SO-05967,2025-10-01,C-BOG-023,Memphis DC,Memphis,US,Bogota,CO,205,694.29,air,chargers,14862.13,0
SO-06299,2025-10-01,C-BUE-019,Memphis DC,Memphis,US,Buenos Aires,AR,286,1104.92,sea,cables,15682.26,0
SO-06583,2025-10-01,C-RIY-013,Dubai DC,Dubai,AE,Riyadh,SA,578,1516.39,road,storage,18742.65,1
SO-06870,2025-10-01,C-NAI-029,Dubai DC,Dubai,AE,Nairobi,KE,270,706.28,air,wearables,13458.66,0
SO-07221,2025-10-01,C-JOH-017,Dubai DC,Dubai,AE,Johannesburg,ZA,337,774.68,sea,wearables,22264.44,0
SO-07324,2025-10-01,C-KAR-038,Dubai DC,Dubai,AE,Karachi,PK,85,336.65,sea,cables,21037.87,0
SO-00682,2025-10-02,C-BER-031,Rotterdam DC,Rotterdam,NL,Berlin,DE,1170,1768.9,road,wearables,33279.31,0
SO-00888,2025-10-02,C-PAR-013,Rotterdam DC,Rotterdam,NL,Paris,FR,191,626.83,road,chargers,25594.39,0
SO-01404,2025-10-02,C-MIL-008,Rotterdam DC,Rotterdam,NL,Milan,IT,709,1067.91,road,chargers,32932.16,1
SO-02402,2025-10-02,C-SEO-008,Shenzhen DC,Shenzhen,CN,Seoul,KR,440,809.79,sea,audio,25142.69,0
SO-02545,2025-10-02,C-SEO-018,Shenzhen DC,Shenzhen,CN,Seoul,KR,93,199.79,sea,chargers,19845.72,0
SO-02803,2025-10-02,C-SIN-020,Shenzhen DC,Shenzhen,CN,Singapore,SG,485,1219.08,sea,wearables,26230.41,0
SO-02942,2025-10-02,C-SIN-011,Shenzhen DC,Shenzhen,CN,Singapore,SG,248,774.17,sea,chargers,33920.78,0
SO-03029,2025-10-02,C-BAN-004,Shenzhen DC,Shenzhen,CN,Bangkok,TH,153,489.83,sea,cases,18040.33,0
SO-03550,2025-10-02,C-MUM-030,Shenzhen DC,Shenzhen,CN,Mumbai,IN,331,1173.39,sea,cases,26018.32,0
SO-03735,2025-10-02,C-MUM-004,Shenzhen DC,Shenzhen,CN,Mumbai,IN,625,2026.02,sea,storage,23469.51,0
SO-03824,2025-10-02,C-SYD-004,Rotterdam DC,Rotterdam,NL,Sydney,AU,390,1086.33,air,cables,31997.24,0
SO-03937,2025-10-02,C-AUC-014,Rotterdam DC,Rotterdam,NL,Auckland,NZ,315,587.69,air,audio,35327.64,0
SO-04241,2025-10-02,C-NEW-037,Memphis DC,Memphis,US,New York City,US,273,727.86,road,chargers,13513.78,0
SO-04752,2025-10-02,C-CHI-004,Memphis DC,Memphis,US,Chicago,US,406,1596.38,road,cases,19848.56,0
SO-04969,2025-10-02,C-LOS-020,Memphis DC,Memphis,US,Los Angeles,US,351,818.56,road,audio,20431.28,0
SO-05039,2025-10-02,C-LOS-008,Memphis DC,Memphis,US,Los Angeles,US,280,1020.91,road,cables,39376.04,1
SO-05578,2025-10-02,C-MEX-017,Memphis DC,Memphis,US,Mexico City,MX,667,1243.64,road,cases,17252.84,0
SO-06249,2025-10-02,C-BUE-004,Memphis DC,Memphis,US,Buenos Aires,AR,660,1171.65,sea,storage,19294.12,0
SO-06373,2025-10-02,C-RIY-035,Dubai DC,Dubai,AE,Riyadh,SA,408,1113.05,road,wearables,23862.29,0
SO-06401,2025-10-02,C-RIY-037,Dubai DC,Dubai,AE,Riyadh,SA,486,1683.03,road,cases,26770.39,0
SO-06944,2025-10-02,C-LAG-031,Dubai DC,Dubai,AE,Lagos,NG,217,556.55,air,audio,20356.57,0
SO-00803,2025-10-03,C-PAR-023,Rotterdam DC,Rotterdam,NL,Paris,FR,344,1247.96,road,cables,23528.19,0
SO-01243,2025-10-03,C-MAD-028,Rotterdam DC,Rotterdam,NL,Madrid,ES,349,533.44,road,cases,21075.89,0
SO-01466,2025-10-03,C-MIL-034,Rotterdam DC,Rotterdam,NL,Milan,IT,479,1087.85,road,audio,27320.94,0
SO-01518,2025-10-03,C-MIL-029,Rotterdam DC,Rotterdam,NL,Milan,IT,333,1161.17,road,cables,25675.32,0
SO-02548,2025-10-03,C-SEO-028,Shenzhen DC,Shenzhen,CN,Seoul,KR,319,1227.84,sea,cables,27105.17,0
SO-02665,2025-10-03,C-SIN-013,Shenzhen DC,Shenzhen,CN,Singapore,SG,419,793.59,sea,cables,25770.93,0
SO-02682,2025-10-03,C-SIN-018,Shenzhen DC,Shenzhen,CN,Singapore,SG,267,567.33,sea,chargers,50376.49,1
SO-02802,2025-10-03,C-SIN-024,Shenzhen DC,Shenzhen,CN,Singapore,SG,222,597.29,sea,wearables,23544.1,0
SO-04192,2025-10-03,C-NEW-012,Memphis DC,Memphis,US,New York City,US,467,1037.84,road,cables,17741.5,0
SO-04433,2025-10-03,C-NEW-007,Memphis DC,Memphis,US,New York City,US,807,1623.85,road,wearables,18487.43,0
SO-04803,2025-10-03,C-CHI-017,Memphis DC,Memphis,US,Chicago,US,373,1193.2,road,wearables,32525.56,0
SO-05245,2025-10-03,C-LOS-015,Memphis DC,Memphis,US,Los Angeles,US,273,808.74,road,storage,9479.25,0
SO-05332,2025-10-03,C-TOR-025,Memphis DC,Memphis,US,Toronto,CA,330,1260.6,road,wearables,19296.35,0
SO-05550,2025-10-03,C-TOR-009,Memphis DC,Memphis,US,Toronto,CA,343,1259.15,road,cases,36822.0,0
SO-06024,2025-10-03,C-BOG-030,Memphis DC,Memphis,US,Bogota,CO,209,608.53,air,wearables,34865.69,0
SO-06154,2025-10-03,C-SAN-038,Memphis DC,Memphis,US,Santiago,CL,126,302.4,sea,wearables,22592.64,0
SO-06292,2025-10-03,C-BUE-031,Memphis DC,Memphis,US,Buenos Aires,AR,811,1978.56,sea,chargers,26142.94,0
SO-06294,2025-10-03,C-BUE-029,Memphis DC,Memphis,US,Buenos Aires,AR,236,900.49,sea,wearables,13765.03,0
SO-06433,2025-10-03,C-RIY-039,Dubai DC,Dubai,AE,Riyadh,SA,161,406.37,road,wearables,17383.87,0
SO-06955,2025-10-03,C-LAG-015,Dubai DC,Dubai,AE,Lagos,NG,428,672.15,air,wearables,20266.14,0
SO-07173,2025-10-03,C-JOH-032,Dubai DC,Dubai,AE,Johannesburg,ZA,465,965.1,sea,storage,12650.67,1
SO-07285,2025-10-03,C-KAR-027,Dubai DC,Dubai,AE,Karachi,PK,720,1375.21,sea,audio,22871.77,0
SO-00014,2025-10-04,C-LON-008,Rotterdam DC,Rotterdam,NL,London,GB,683,1363.18,road,audio,25140.26,0
SO-00766,2025-10-04,C-PAR-038,Rotterdam DC,Rotterdam,NL,Paris,FR,1336,1889.57,road,cables,38887.84,0
SO-00967,2025-10-04,C-PAR-038,Rotterdam DC,Rotterdam,NL,Paris,FR,427,972.4,road,wearables,11816.82,0
SO-01453,2025-10-04,C-MIL-038,Rotterdam DC,Rotterdam,NL,Milan,IT,400,1310.39,road,cables,28205.05,0
SO-01856,2025-10-04,C-STO-012,Rotterdam DC,Rotterdam,NL,Stockholm,SE,664,1870.46,road,wearables,41517.11,0
SO-02032,2025-10-04,C-DUB-008,Rotterdam DC,Rotterdam,NL,Dublin,IE,126,479.45,air,cases,18631.88,0
SO-02103,2025-10-04,C-TOK-030,Shenzhen DC,Shenzhen,CN,Tokyo,JP,279,583.28,sea,wearables,35390.57,0
SO-02227,2025-10-04,C-TOK-034,Shenzhen DC,Shenzhen,CN,Tokyo,JP,214,598.75,sea,storage,33460.54,0
SO-02815,2025-10-04,C-SIN-032,Shenzhen DC,Shenzhen,CN,Singapore,SG,234,848.67,sea,storage,34371.83,0
SO-03188,2025-10-04,C-JAK-038,Shenzhen DC,Shenzhen,CN,Jakarta,ID,644,1806.82,sea,wearables,28346.72,0
SO-03457,2025-10-04,C-MAN-023,Shenzhen DC,Shenzhen,CN,Manila,PH,417,1295.19,sea,wearables,30350.25,0
SO-03865,2025-10-04,C-SYD-034,Rotterdam DC,Rotterdam,NL,Sydney,AU,229,659.27,air,cases,33263.12,0
SO-03974,2025-10-04,C-AUC-014,Rotterdam DC,Rotterdam,NL,Auckland,NZ,227,791.01,air,cables,31426.95,0
SO-04991,2025-10-04,C-LOS-026,Memphis DC,Memphis,US,Los Angeles,US,327,710.17,road,cases,17279.27,0
SO-05038,2025-10-04,C-LOS-027,Memphis DC,Memphis,US,Los Angeles,US,338,1289.52,road,cases,28262.91,0
SO-05123,2025-10-04,C-LOS-017,Memphis DC,Memphis,US,Los Angeles,US,351,1018.93,road,cases,13633.81,0
SO-05300,2025-10-04,C-LOS-001,Memphis DC,Memphis,US,Los Angeles,US,787,1205.6,road,wearables,15090.86,0
SO-06397,2025-10-04,C-RIY-012,Dubai DC,Dubai,AE,Riyadh,SA,522,1718.25,road,wearables,25444.91,0
SO-06520,2025-10-04,C-RIY-002,Dubai DC,Dubai,AE,Riyadh,SA,223,888.77,road,storage,22770.31,0
SO-06675,2025-10-04,C-CAI-037,Dubai DC,Dubai,AE,Cairo,EG,483,1783.77,sea,chargers,31491.11,0
SO-00373,2025-10-05,C-LON-011,Rotterdam DC,Rotterdam,NL,London,GB,239,502.93,road,audio,23045.26,0
SO-01529,2025-10-05,C-MIL-034,Rotterdam DC,Rotterdam,NL,Milan,IT,225,701.2,road,audio,19000.12,0
SO-01781,2025-10-05,C-WAR-001,Rotterdam DC,Rotterdam,NL,Warsaw,PL,1184,2038.4,road,storage,41039.55,1
SO-01799,2025-10-05,C-STO-034,Rotterdam DC,Rotterdam,NL,Stockholm,SE,954,1452.08,road,wearables,12469.21,1
SO-02485,2025-10-05,C-SEO-003,Shenzhen DC,Shenzhen,CN,Seoul,KR,638,1531.6,sea,chargers,35442.48,0
SO-02580,2025-10-05,C-SEO-018,Shenzhen DC,Shenzhen,CN,Seoul,KR,217,795.45,sea,cables,29009.88,0
SO-02962,2025-10-05,C-BAN-021,Shenzhen DC,Shenzhen,CN,Bangkok,TH,370,922.94,sea,audio,17096.08,0
SO-03577,2025-10-05,C-MUM-036,Shenzhen DC,Shenzhen,CN,Mumbai,IN,458,1296.18,sea,chargers,28419.12,0
SO-04337,2025-10-05,C-NEW-006,Memphis DC,Memphis,US,New York City,US,234,611.24,road,cables,20326.31,0
SO-04902,2025-10-05,C-CHI-004,Memphis DC,Memphis,US,Chicago,US,519,1320.47,road,storage,34440.43,0
SO-05008,2025-10-05,C-LOS-032,Memphis DC,Memphis,US,Los Angeles,US,238,686.78,road,cables,23071.55,0
SO-05277,2025-10-05,C-LOS-030,Memphis DC,Memphis,US,Los Angeles,US,256,843.44,road,cases,19324.95,0
SO-05942,2025-10-05,C-SAO-024,Memphis DC,Memphis,US,Sao Paulo,BR,397,852.9,sea,cables,16302.35,0
SO-06182,2025-10-05,C-SAN-028,Memphis DC,Memphis,US,Santiago,CL,464,1776.78,sea,storage,32703.0,0
SO-07236,2025-10-05,C-KAR-039,Dubai DC,Dubai,AE,Karachi,PK,251,623.44,sea,cables,21125.31,0
SO-07400,2025-10-05,C-KAR-037,Dubai DC,Dubai,AE,Karachi,PK,294,1061.41,sea,wearables,27626.04,0
SO-00176,2025-10-06,C-LON-037,Rotterdam DC,Rotterdam,NL,London,GB,591,908.87,road,cables,12973.71,0
SO-00449,2025-10-06,C-BER-019,Rotterdam DC,Rotterdam,NL,Berlin,DE,361,904.5,road,wearables,29568.22,0
SO-00719,2025-10-06,C-BER-027,Rotterdam DC,Rotterdam,NL,Berlin,DE,486,930.45,road,storage,32199.08,0
SO-01039,2025-10-06,C-PAR-013,Rotterdam DC,Rotterdam,NL,Paris,FR,293,809.58,road,audio,24035.31,0
SO-01124,2025-10-06,C-MAD-013,Rotterdam DC,Rotterdam,NL,Madrid,ES,1106,1676.09,road,cases,19602.09,0
SO-01248,2025-10-06,C-MAD-008,Rotterdam DC,Rotterdam,NL,Madrid,ES,401,1310.9,road,storage,30943.48,0
SO-01601,2025-10-06,C-WAR-001,Rotterdam DC,Rotterdam,NL,Warsaw,PL,593,1516.05,road,storage,22077.31,0
SO-01650,2025-10-06,C-WAR-007,Rotterdam DC,Rotterdam,NL,Warsaw,PL,575,1391.84,road,cases,31363.9,0
SO-01657,2025-10-06,C-WAR-019,Rotterdam DC,Rotterdam,NL,Warsaw,PL,993,1521.79,road,storage,17773.36,0
SO-01834,2025-10-06,C-STO-020,Rotterdam DC,Rotterdam,NL,Stockholm,SE,479,1233.21,road,wearables,32758.29,0
SO-01937,2025-10-06,C-STO-037,Rotterdam DC,Rotterdam,NL,Stockholm,SE,473,1708.78,road,wearables,24897.12,0
SO-02937,2025-10-06,C-SIN-005,Shenzhen DC,Shenzhen,CN,Singapore,SG,335,806.71,sea,audio,44253.07,0
SO-03090,2025-10-06,C-BAN-036,Shenzhen DC,Shenzhen,CN,Bangkok,TH,280,1086.51,sea,storage,20927.46,0
SO-03791,2025-10-06,C-SYD-014,Rotterdam DC,Rotterdam,NL,Sydney,AU,265,982.06,air,audio,37504.95,0
SO-04429,2025-10-06,C-NEW-026,Memphis DC,Memphis,US,New York City,US,565,1057.72,road,audio,20747.91,0
SO-04590,2025-10-06,C-CHI-011,Memphis DC,Memphis,US,Chicago,US,329,915.66,road,chargers,32100.63,0
SO-04659,2025-10-06,C-CHI-002,Memphis DC,Memphis,US,Chicago,US,958,1396.72,road,cases,14158.37,0
SO-04767,2025-10-06,C-CHI-033,Memphis DC,Memphis,US,Chicago,US,235,861.42,road,chargers,29296.81,1
SO-04907,2025-10-06,C-CHI-024,Memphis DC,Memphis,US,Chicago,US,272,1006.73,road,storage,19144.22,0
SO-05163,2025-10-06,C-LOS-027,Memphis DC,Memphis,US,Los Angeles,US,404,652.11,road,wearables,24809.32,0
SO-05491,2025-10-06,C-TOR-026,Memphis DC,Memphis,US,Toronto,CA,251,1001.26,road,wearables,25642.16,0
SO-05778,2025-10-06,C-SAO-013,Memphis DC,Memphis,US,Sao Paulo,BR,425,1009.15,sea,cases,23265.12,0
SO-06385,2025-10-06,C-RIY-010,Dubai DC,Dubai,AE,Riyadh,SA,388,1158.97,road,audio,18220.07,0
SO-06517,2025-10-06,C-RIY-035,Dubai DC,Dubai,AE,Riyadh,SA,286,1040.7,road,wearables,40355.01,0
SO-07293,2025-10-06,C-KAR-029,Dubai DC,Dubai,AE,Karachi,PK,243,907.9,sea,chargers,10210.49,0
SO-07381,2025-10-06,C-KAR-039,Dubai DC,Dubai,AE,Karachi,PK,414,835.69,sea,wearables,13266.86,1
SO-00119,2025-10-07,C-LON-020,Rotterdam DC,Rotterdam,NL,London,GB,985,2145.87,road,audio,33529.81,0
SO-00314,2025-10-07,C-LON-026,Rotterdam DC,Rotterdam,NL,London,GB,485,943.39,road,cases,24110.79,0
SO-00474,2025-10-07,C-BER-013,Rotterdam DC,Rotterdam,NL,Berlin,DE,785,1629.45,road,storage,11857.28,0
SO-00505,2025-10-07,C-BER-033,Rotterdam DC,Rotterdam,NL,Berlin,DE,528,1508.34,road,cases,27248.21,0
SO-00863,2025-10-07,C-PAR-008,Rotterdam DC,Rotterdam,NL,Paris,FR,406,856.23,road,storage,21671.27,0
SO-01163,2025-10-07,C-MAD-006,Rotterdam DC,Rotterdam,NL,Madrid,ES,395,993.01,road,cables,35342.87,0
SO-01231,2025-10-07,C-MAD-033,Rotterdam DC,Rotterdam,NL,Madrid,ES,127,342.45,road,cables,13257.68,0
SO-01606,2025-10-07,C-WAR-010,Rotterdam DC,Rotterdam,NL,Warsaw,PL,452,1310.29,road,audio,29504.62,0
SO-01707,2025-10-07,C-WAR-022,Rotterdam DC,Rotterdam,NL,Warsaw,PL,248,407.47,road,storage,20426.46,0
SO-02424,2025-10-07,C-SEO-006,Shenzhen DC,Shenzhen,CN,Seoul,KR,442,796.6,sea,cables,25457.89,0
SO-02610,2025-10-07,C-SEO-023,Shenzhen DC,Shenzhen,CN,Seoul,KR,748,1244.66,sea,audio,24132.44,0
SO-03458,2025-10-07,C-MAN-006,Shenzhen DC,Shenzhen,CN,Manila,PH,361,990.64,sea,wearables,18107.32,0
SO-03713,2025-10-07,C-MUM-038,Shenzhen DC,Shenzhen,CN,Mumbai,IN,544,877.53,sea,wearables,24829.72,0
SO-03870,2025-10-07,C-SYD-023,Rotterdam DC,Rotterdam,NL,Sydney,AU,581,1156.67,air,wearables,29403.74,0
SO-04384,2025-10-07,C-NEW-032,Memphis DC,Memphis,US,New York City,US,447,756.39,road,audio,35996.65,0
SO-04855,2025-10-07,C-CHI-009,Memphis DC,Memphis,US,Chicago,US,433,680.4,road,cases,28899.99,0
SO-05325,2025-10-07,C-TOR-035,Memphis DC,Memphis,US,Toronto,CA,559,903.24,road,audio,29792.4,0
SO-05502,2025-10-07,C-TOR-032,Memphis DC,Memphis,US,Toronto,CA,372,1104.66,road,chargers,27743.05,0
SO-05747,2025-10-07,C-MEX-002,Memphis DC,Memphis,US,Mexico City,MX,543,1724.63,road,cables,25483.85,0
SO-05806,2025-10-07,C-SAO-010,Memphis DC,Memphis,US,Sao Paulo,BR,534,1927.03,sea,cables,17625.07,0
SO-06901,2025-10-07,C-NAI-015,Dubai DC,Dubai,AE,Nairobi,KE,297,870.04,air,cables,25350.85,0
SO-07093,2025-10-07,C-JOH-005,Dubai DC,Dubai,AE,Johannesburg,ZA,999,2327.73,sea,wearables,20716.2,0
SO-07398,2025-10-07,C-KAR-009,Dubai DC,Dubai,AE,Karachi,PK,530,1276.76,sea,chargers,14501.17,0
SO-00412,2025-10-08,C-BER-032,Rotterdam DC,Rotterdam,NL,Berlin,DE,491,1347.21,road,cables,24244.64,0
SO-01282,2025-10-08,C-MAD-014,Rotterdam DC,Rotterdam,NL,Madrid,ES,875,1728.44,road,cables,32493.9,0
SO-01401,2025-10-08,C-MIL-029,Rotterdam DC,Rotterdam,NL,Milan,IT,219,544.43,road,cables,25233.6,0
SO-01690,2025-10-08,C-WAR-001,Rotterdam DC,Rotterdam,NL,Warsaw,PL,422,951.87,road,cases,32099.68,0
SO-02688,2025-10-08,C-SIN-021,Shenzhen DC,Shenzhen,CN,Singapore,SG,318,803.85,sea,storage,23133.73,0
SO-03267,2025-10-08,C-JAK-019,Shenzhen DC,Shenzhen,CN,Jakarta,ID,559,1610.46,sea,cases,25456.9,0
SO-03893,2025-10-08,C-SYD-036,Rotterdam DC,Rotterdam,NL,Sydney,AU,316,773.76,air,wearables,31019.03,0
SO-04056,2025-10-08,C-NEW-035,Memphis DC,Memphis,US,New York City,US,150,484.27,road,cables,21714.02,0
SO-04452,2025-10-08,C-NEW-024,Memphis DC,Memphis,US,New York City,US,258,1017.07,road,wearables,37648.56,0
SO-04498,2025-10-08,C-NEW-011,Memphis DC,Memphis,US,New York City,US,194,707.9,road,cables,24693.59,1
SO-04689,2025-10-08,C-CHI-026,Memphis DC,Memphis,US,Chicago,US,120,434.53,road,cases,26454.21,0
SO-05429,2025-10-08,C-TOR-008,Memphis DC,Memphis,US,Toronto,CA,291,842.74,road,cases,17933.17,0
SO-05581,2025-10-08,C-MEX-032,Memphis DC,Memphis,US,Mexico City,MX,533,1133.86,road,cables,28067.02,0
SO-06014,2025-10-08,C-BOG-026,Memphis DC,Memphis,US,Bogota,CO,233,686.05,air,chargers,29506.9,0
SO-06335,2025-10-08,C-BUE-005,Memphis DC,Memphis,US,Buenos Aires,AR,700,1652.43,sea,chargers,17129.41,0
SO-06345,2025-10-08,C-BUE-002,Memphis DC,Memphis,US,Buenos Aires,AR,332,861.1,sea,wearables,19607.95,0
SO-06598,2025-10-08,C-RIY-003,Dubai DC,Dubai,AE,Riyadh,SA,303,899.05,road,audio,28616.68,0
SO-00270,2025-10-09,C-LON-026,Rotterdam DC,Rotterdam,NL,London,GB,857,1262.92,road,storage,14808.15,0
SO-00301,2025-10-09,C-LON-033,Rotterdam DC,Rotterdam,NL,London,GB,274,1058.98,road,audio,33318.79,0
SO-00353,2025-10-09,C-LON-014,Rotterdam DC,Rotterdam,NL,London,GB,477,1439.66,road,cables,15273.6,0
SO-00945,2025-10-09,C-PAR-024,Rotterdam DC,Rotterdam,NL,Paris,FR,333,1258.04,road,chargers,25418.38,0
SO-01226,2025-10-09,C-MAD-003,Rotterdam DC,Rotterdam,NL,Madrid,ES,804,1178.58,road,chargers,11621.24,0
SO-02089,2025-10-09,C-TOK-024,Shenzhen DC,Shenzhen,CN,Tokyo,JP,411,1453.85,sea,wearables,22516.79,0
SO-02427,2025-10-09,C-SEO-030,Shenzhen DC,Shenzhen,CN,Seoul,KR,416,1181.38,sea,cables,23795.96,0
SO-02604,2025-10-09,C-SEO-004,Shenzhen DC,Shenzhen,CN,Seoul,KR,639,1388.5,sea,storage,34366.39,0
SO-03583,2025-10-09,C-MUM-006,Shenzhen DC,Shenzhen,CN,Mumbai,IN,629,1455.43,sea,cables,17635.33,0
SO-03630,2025-10-09,C-MUM-027,Shenzhen DC,Shenzhen,CN,Mumbai,IN,438,1651.75,sea,wearables,19264.56,0
SO-03812,2025-10-09,C-SYD-030,Rotterdam DC,Rotterdam,NL,Sydney,AU,347,936.13,air,wearables,16543.65,0
SO-03843,2025-10-09,C-SYD-001,Rotterdam DC,Rotterdam,NL,Sydney,AU,444,928.84,air,cables,27682.27,0
SO-04059,2025-10-09,C-NEW-009,Memphis DC,Memphis,US,New York City,US,343,1299.22,road,cables,42197.79,0
SO-04116,2025-10-09,C-NEW-031,Memphis DC,Memphis,US,New York City,US,337,1095.98,road,wearables,32570.62,0
SO-04635,2025-10-09,C-CHI-025,Memphis DC,Memphis,US,Chicago,US,446,705.66,road,cables,31721.4,0
SO-05143,2025-10-09,C-LOS-014,Memphis DC,Memphis,US,Los Angeles,US,189,659.55,road,cables,41953.87,1
SO-05363,2025-10-09,C-TOR-002,Memphis DC,Memphis,US,Toronto,CA,179,506.02,road,storage,37257.64,0
SO-05643,2025-10-09,C-MEX-002,Memphis DC,Memphis,US,Mexico City,MX,276,1006.01,road,wearables,22987.86,1
SO-05665,2025-10-09,C-MEX-014,Memphis DC,Memphis,US,Mexico City,MX,633,1667.24,road,cases,10290.49,0
SO-06265,2025-10-09,C-BUE-003,Memphis DC,Memphis,US,Buenos Aires,AR,514,1649.13,sea,cases,17463.31,0
SO-06298,2025-10-09,C-BUE-026,Memphis DC,Memphis,US,Buenos Aires,AR,314,878.41,sea,wearables,30408.63,1
SO-06362,2025-10-09,C-BUE-020,Memphis DC,Memphis,US,Buenos Aires,AR,713,1185.63,sea,cables,29607.82,0
SO-06376,2025-10-09,C-RIY-024,Dubai DC,Dubai,AE,Riyadh,SA,643,1924.59,road,chargers,43542.31,0
SO-06471,2025-10-09,C-RIY-031,Dubai DC,Dubai,AE,Riyadh,SA,384,1141.59,road,storage,36753.6,1
SO-06527,2025-10-09,C-RIY-024,Dubai DC,Dubai,AE,Riyadh,SA,447,1270.11,road,storage,43229.78,0
SO-07137,2025-10-09,C-JOH-036,Dubai DC,Dubai,AE,Johannesburg,ZA,529,1284.31,sea,cables,11832.61,0
SO-00568,2025-10-10,C-BER-037,Rotterdam DC,Rotterdam,NL,Berlin,DE,621,1707.36,road,cases,23852.21,0
SO-01215,2025-10-10,C-MAD-017,Rotterdam DC,Rotterdam,NL,Madrid,ES,349,1190.92,road,cables,16990.96,0
SO-01233,2025-10-10,C-MAD-012,Rotterdam DC,Rotterdam,NL,Madrid,ES,634,1414.68,road,cases,17279.73,0
SO-01267,2025-10-10,C-MAD-009,Rotterdam DC,Rotterdam,NL,Madrid,ES,437,1382.92,road,wearables,4039.59,0
SO-01890,2025-10-10,C-STO-029,Rotterdam DC,Rotterdam,NL,Stockholm,SE,290,1030.2,road,storage,17436.68,0
SO-01932,2025-10-10,C-STO-004,Rotterdam DC,Rotterdam,NL,Stockholm,SE,440,1390.3,road,wearables,25765.34,0
SO-02234,2025-10-10,C-TOK-023,Shenzhen DC,Shenzhen,CN,Tokyo,JP,766,1445.52,sea,chargers,34001.47,0
SO-02506,2025-10-10,C-SEO-028,Shenzhen DC,Shenzhen,CN,Seoul,KR,161,326.06,sea,wearables,39620.21,0
SO-02523,2025-10-10,C-SEO-013,Shenzhen DC,Shenzhen,CN,Seoul,KR,184,429.64,sea,wearables,34679.76,0
SO-02829,2025-10-10,C-SIN-020,Shenzhen DC,Shenzhen,CN,Singapore,SG,156,596.69,sea,storage,15651.84,0
SO-03185,2025-10-10,C-JAK-008,Shenzhen DC,Shenzhen,CN,Jakarta,ID,270,540.75,sea,cases,17415.34,0
SO-03423,2025-10-10,C-MAN-016,Shenzhen DC,Shenzhen,CN,Manila,PH,388,905.27,sea,cables,22692.81,0
SO-04115,2025-10-10,C-NEW-012,Memphis DC,Memphis,US,New York City,US,214,631.87,road,audio,24747.62,0
SO-04818,2025-10-10,C-CHI-001,Memphis DC,Memphis,US,Chicago,US,288,789.25,road,storage,29322.58,0
SO-05201,2025-10-10,C-LOS-008,Memphis DC,Memphis,US,Los Angeles,US,490,1161.2,road,cases,21644.27,0
SO-05447,2025-10-10,C-TOR-024,Memphis DC,Memphis,US,Toronto,CA,459,1360.93,road,storage,41166.01,0
SO-05777,2025-10-10,C-SAO-016,Memphis DC,Memphis,US,Sao Paulo,BR,1065,2014.83,sea,cables,27472.6,1
SO-07078,2025-10-10,C-JOH-020,Dubai DC,Dubai,AE,Johannesburg,ZA,481,828.86,sea,storage,26244.84,0
SO-07207,2025-10-10,C-JOH-005,Dubai DC,Dubai,AE,Johannesburg,ZA,642,1682.3,sea,wearables,23644.69,0
SO-00399,2025-10-11,C-LON-026,Rotterdam DC,Rotterdam,NL,London,GB,320,984.3,road,cables,22702.83,0
SO-00439,2025-10-11,C-BER-003,Rotterdam DC,Rotterdam,NL,Berlin,DE,705,1510.88,road,wearables,15225.7,0
SO-00461,2025-10-11,C-BER-039,Rotterdam DC,Rotterdam,NL,Berlin,DE,301,609.14,road,cases,36438.73,0
SO-00782,2025-10-11,C-PAR-006,Rotterdam DC,Rotterdam,NL,Paris,FR,834,1240.27,road,cases,15664.98,0
SO-00845,2025-10-11,C-PAR-037,Rotterdam DC,Rotterdam,NL,Paris,FR,437,864.94,road,cases,26135.49,0
SO-00929,2025-10-11,C-PAR-036,Rotterdam DC,Rotterdam,NL,Paris,FR,540,1693.36,road,chargers,25237.08,1
SO-00979,2025-10-11,C-PAR-015,Rotterdam DC,Rotterdam,NL,Paris,FR,175,436.22,road,chargers,24059.02,0
SO-01123,2025-10-11,C-MAD-003,Rotterdam DC,Rotterdam,NL,Madrid,ES,235,637.2,road,chargers,33385.34,0
SO-01432,2025-10-11,C-MIL-018,Rotterdam DC,Rotterdam,NL,Milan,IT,314,942.05,road,audio,31520.22,0
SO-01762,2025-10-11,C-WAR-036,Rotterdam DC,Rotterdam,NL,Warsaw,PL,629,1130.65,road,storage,24178.73,0
SO-02277,2025-10-11,C-TOK-016,Shenzhen DC,Shenzhen,CN,Tokyo,JP,290,1044.22,sea,storage,27637.28,0
SO-02434,2025-10-11,C-SEO-023,Shenzhen DC,Shenzhen,CN,Seoul,KR,224,655.39,sea,wearables,29919.57,0
SO-02723,2025-10-11,C-SIN-019,Shenzhen DC,Shenzhen,CN,Singapore,SG,328,899.7,sea,wearables,14447.18,0
SO-02839,2025-10-11,C-SIN-021,Shenzhen DC,Shenzhen,CN,Singapore,SG,474,856.51,sea,storage,31018.58,0
SO-03835,2025-10-11,C-SYD-037,Rotterdam DC,Rotterdam,NL,Sydney,AU,384,1120.53,air,cables,32021.73,0
SO-04352,2025-10-11,C-NEW-024,Memphis DC,Memphis,US,New York City,US,386,1129.1,road,wearables,31272.8,0
SO-04954,2025-10-11,C-LOS-036,Memphis DC,Memphis,US,Los Angeles,US,283,780.02,road,audio,18496.0,0
SO-05101,2025-10-11,C-LOS-013,Memphis DC,Memphis,US,Los Angeles,US,602,1050.27,road,wearables,24601.83,0
SO-05141,2025-10-11,C-LOS-013,Memphis DC,Memphis,US,Los Angeles,US,303,938.37,road,audio,17668.14,0
SO-05176,2025-10-11,C-LOS-025,Memphis DC,Memphis,US,Los Angeles,US,509,844.88,road,storage,28734.26,0
SO-05316,2025-10-11,C-TOR-020,Memphis DC,Memphis,US,Toronto,CA,236,905.14,road,chargers,32399.05,0
SO-05727,2025-10-11,C-MEX-021,Memphis DC,Memphis,US,Mexico City,MX,635,1381.0,road,chargers,30461.06,0
SO-05799,2025-10-11,C-SAO-020,Memphis DC,Memphis,US,Sao Paulo,BR,610,997.64,sea,chargers,15572.46,0
SO-05865,2025-10-11,C-SAO-020,Memphis DC,Memphis,US,Sao Paulo,BR,596,1578.08,sea,cables,24033.68,0
SO-06122,2025-10-11,C-SAN-036,Memphis DC,Memphis,US,Santiago,CL,297,1059.19,sea,cases,25782.67,0
SO-06593,2025-10-11,C-RIY-022,Dubai DC,Dubai,AE,Riyadh,SA,595,2170.44,road,wearables,27967.11,0
SO-06596,2025-10-11,C-RIY-001,Dubai DC,Dubai,AE,Riyadh,SA,505,1892.32,road,wearables,28178.76,0
SO-07116,2025-10-11,C-JOH-008,Dubai DC,Dubai,AE,Johannesburg,ZA,309,1154.46,sea,chargers,25867.98,0
SO-07347,2025-10-11,C-KAR-032,Dubai DC,Dubai,AE,Karachi,PK,326,1126.04,sea,cables,30673.87,0
SO-00445,2025-10-12,C-BER-039,Rotterdam DC,Rotterdam,NL,Berlin,DE,69,262.55,road,chargers,21282.24,0
SO-00799,2025-10-12,C-PAR-010,Rotterdam DC,Rotterdam,NL,Paris,FR,549,1275.51,road,wearables,24852.31,0
SO-01070,2025-10-12,C-PAR-004,Rotterdam DC,Rotterdam,NL,Paris,FR,622,1166.2,road,wearables,30227.75,0
SO-02072,2025-10-12,C-TOK-035,Shenzhen DC,Shenzhen,CN,Tokyo,JP,163,389.28,sea,audio,47885.85,0
SO-03033,2025-10-12,C-BAN-027,Shenzhen DC,Shenzhen,CN,Bangkok,TH,553,1889.81,sea,storage,33748.27,0
SO-03086,2025-10-12,C-BAN-028,Shenzhen DC,Shenzhen,CN,Bangkok,TH,478,1306.11,sea,chargers,34867.43,0
SO-03501,2025-10-12,C-MUM-005,Shenzhen DC,Shenzhen,CN,Mumbai,IN,1309,1960.16,sea,wearables,21129.62,0
SO-03844,2025-10-12,C-SYD-010,Rotterdam DC,Rotterdam,NL,Sydney,AU,504,839.42,air,wearables,18015.56,0
SO-04288,2025-10-12,C-NEW-020,Memphis DC,Memphis,US,New York City,US,198,722.85,road,cables,21405.7,0
SO-04719,2025-10-12,C-CHI-010,Memphis DC,Memphis,US,Chicago,US,395,706.21,road,cases,33630.98,0
SO-05659,2025-10-12,C-MEX-039,Memphis DC,Memphis,US,Mexico City,MX,407,960.9,road,cables,30975.59,0
SO-05838,2025-10-12,C-SAO-035,Memphis DC,Memphis,US,Sao Paulo,BR,461,1479.74,sea,audio,18905.26,0
SO-05855,2025-10-12,C-SAO-024,Memphis DC,Memphis,US,Sao Paulo,BR,816,2084.49,sea,audio,25357.4,0
SO-06300,2025-10-12,C-BUE-033,Memphis DC,Memphis,US,Buenos Aires,AR,484,679.4,sea,storage,30743.15,0
SO-06344,2025-10-12,C-BUE-002,Memphis DC,Memphis,US,Buenos Aires,AR,515,2029.25,sea,audio,37301.03,1
SO-00238,2025-10-13,C-LON-038,Rotterdam DC,Rotterdam,NL,London,GB,617,1858.57,road,cables,33998.54,0
SO-00970,2025-10-13,C-PAR-008,Rotterdam DC,Rotterdam,NL,Paris,FR,452,677.22,road,wearables,20761.24,0
SO-01044,2025-10-13,C-PAR-023,Rotterdam DC,Rotterdam,NL,Paris,FR,1022,1513.67,road,cables,14829.17,0
SO-01090,2025-10-13,C-PAR-030,Rotterdam DC,Rotterdam,NL,Paris,FR,543,1025.86,road,wearables,16564.85,0
SO-01166,2025-10-13,C-MAD-028,Rotterdam DC,Rotterdam,NL,Madrid,ES,532,1486.92,road,storage,27438.67,0
SO-01311,2025-10-13,C-MAD-001,Rotterdam DC,Rotterdam,NL,Madrid,ES,757,1114.82,road,cables,27448.39,0
SO-02420,2025-10-13,C-SEO-001,Shenzhen DC,Shenzhen,CN,Seoul,KR,665,1356.98,sea,storage,49517.01,0
SO-02844,2025-10-13,C-SIN-023,Shenzhen DC,Shenzhen,CN,Singapore,SG,733,1341.64,sea,cables,36678.75,0
SO-03743,2025-10-13,C-SYD-010,Rotterdam DC,Rotterdam,NL,Sydney,AU,329,1304.01,air,audio,33820.36,0
SO-03808,2025-10-13,C-SYD-009,Rotterdam DC,Rotterdam,NL,Sydney,AU,402,730.76,air,wearables,30154.97,0
SO-03966,2025-10-13,C-AUC-039,Rotterdam DC,Rotterdam,NL,Auckland,NZ,333,875.37,air,storage,22400.51,0
SO-04143,2025-10-13,C-NEW-004,Memphis DC,Memphis,US,New York City,US,553,1878.77,road,storage,41375.57,0
SO-04191,2025-10-13,C-NEW-030,Memphis DC,Memphis,US,New York City,US,330,978.5,road,storage,22196.65,0
SO-04382,2025-10-13,C-NEW-016,Memphis DC,Memphis,US,New York City,US,364,639.89,road,cases,29803.73,0
SO-04558,2025-10-13,C-CHI-031,Memphis DC,Memphis,US,Chicago,US,650,1262.5,road,cases,27283.64,0
SO-05370,2025-10-13,C-TOR-034,Memphis DC,Memphis,US,Toronto,CA,214,745.49,road,cases,21505.88,0
SO-05490,2025-10-13,C-TOR-013,Memphis DC,Memphis,US,Toronto,CA,466,1471.13,road,storage,38602.79,0
SO-07033,2025-10-13,C-LAG-033,Dubai DC,Dubai,AE,Lagos,NG,111,334.63,air,audio,23460.07,0
SO-00426,2025-10-14,C-BER-016,Rotterdam DC,Rotterdam,NL,Berlin,DE,400,1457.96,road,chargers,20630.87,0
SO-00603,2025-10-14,C-BER-003,Rotterdam DC,Rotterdam,NL,Berlin,DE,165,433.56,road,audio,36171.41,0
SO-00705,2025-10-14,C-BER-001,Rotterdam DC,Rotterdam,NL,Berlin,DE,409,1534.32,road,cases,27119.43,0
SO-00819,2025-10-14,C-PAR-034,Rotterdam DC,Rotterdam,NL,Paris,FR,374,1216.15,road,wearables,24635.49,0
SO-01050,2025-10-14,C-PAR-029,Rotterdam DC,Rotterdam,NL,Paris,FR,757,1832.84,road,chargers,11236.0,0
SO-01278,2025-10-14,C-MAD-012,Rotterdam DC,Rotterdam,NL,Madrid,ES,376,1412.22,road,audio,30846.67,0
SO-01588,2025-10-14,C-MIL-027,Rotterdam DC,Rotterdam,NL,Milan,IT,428,1430.23,road,wearables,22763.72,0
SO-01595,2025-10-14,C-MIL-025,Rotterdam DC,Rotterdam,NL,Milan,IT,513,1673.18,road,cases,19847.06,0
SO-02037,2025-10-14,C-DUB-030,Rotterdam DC,Rotterdam,NL,Dublin,IE,454,637.65,air,audio,11888.94,0
SO-02262,2025-10-14,C-TOK-036,Shenzhen DC,Shenzhen,CN,Tokyo,JP,466,1385.38,sea,chargers,19567.39,0
SO-02617,2025-10-14,C-SEO-032,Shenzhen DC,Shenzhen,CN,Seoul,KR,356,905.84,sea,chargers,29681.09,0
SO-02874,2025-10-14,C-SIN-039,Shenzhen DC,Shenzhen,CN,Singapore,SG,366,1213.82,sea,storage,32121.09,0
SO-03076,2025-10-14,C-BAN-021,Shenzhen DC,Shenzhen,CN,Bangkok,TH,175,533.87,sea,cases,26795.16,0
SO-03187,2025-10-14,C-JAK-031,Shenzhen DC,Shenzhen,CN,Jakarta,ID,275,1005.66,sea,chargers,21444.84,1
SO-03361,2025-10-14,C-MAN-036,Shenzhen DC,Shenzhen,CN,Manila,PH,413,676.36,sea,cables,26432.79,0
SO-03733,2025-10-14,C-MUM-008,Shenzhen DC,Shenzhen,CN,Mumbai,IN,305,1129.19,sea,cases,21304.96,0
SO-03746,2025-10-14,C-SYD-003,Rotterdam DC,Rotterdam,NL,Sydney,AU,245,939.15,air,audio,27524.44,1
SO-04236,2025-10-14,C-NEW-020,Memphis DC,Memphis,US,New York City,US,197,647.36,road,cables,30123.11,0
SO-04317,2025-10-14,C-NEW-027,Memphis DC,Memphis,US,New York City,US,587,866.42,road,cases,27595.41,0
SO-04525,2025-10-14,C-NEW-017,Memphis DC,Memphis,US,New York City,US,359,857.75,road,storage,28087.43,0
SO-04584,2025-10-14,C-CHI-025,Memphis DC,Memphis,US,Chicago,US,518,1035.35,road,cables,40416.68,0
SO-04780,2025-10-14,C-CHI-028,Memphis DC,Memphis,US,Chicago,US,495,1295.47,road,wearables,18448.81,0
SO-04862,2025-10-14,C-CHI-009,Memphis DC,Memphis,US,Chicago,US,117,422.01,road,chargers,30277.56,0
SO-05347,2025-10-14,C-TOR-032,Memphis DC,Memphis,US,Toronto,CA,450,1101.06,road,audio,37662.49,0
SO-05647,2025-10-14,C-MEX-016,Memphis DC,Memphis,US,Mexico City,MX,711,1703.1,road,storage,28729.34,0
SO-05781,2025-10-14,C-SAO-011,Memphis DC,Memphis,US,Sao Paulo,BR,829,2101.6,sea,storage,15457.04,0
SO-06146,2025-10-14,C-SAN-024,Memphis DC,Memphis,US,Santiago,CL,385,1201.28,sea,cases,15603.35,0
SO-06451,2025-10-14,C-RIY-014,Dubai DC,Dubai,AE,Riyadh,SA,503,1361.1,road,audio,46198.29,0
SO-00221,2025-10-15,C-LON-022,Rotterdam DC,Rotterdam,NL,London,GB,487,1060.61,road,cables,21136.04,0
SO-00292,2025-10-15,C-LON-009,Rotterdam DC,Rotterdam,NL,London,GB,759,2492.09,road,cables,31099.13,0
SO-01883,2025-10-15,C-STO-014,Rotterdam DC,Rotterdam,NL,Stockholm,SE,266,1012.24,road,storage,26820.68,1
SO-02129,2025-10-15,C-TOK-030,Shenzhen DC,Shenzhen,CN,Tokyo,JP,187,729.92,sea,wearables,35912.44,0
SO-02134,2025-10-15,C-TOK-033,Shenzhen DC,Shenzhen,CN,Tokyo,JP,687,1935.6,sea,cases,20535.44,0
SO-02219,2025-10-15,C-TOK-017,Shenzhen DC,Shenzhen,CN,Tokyo,JP,157,309.17,sea,storage,26288.85,0
SO-02616,2025-10-15,C-SEO-031,Shenzhen DC,Shenzhen,CN,Seoul,KR,408,888.64,sea,cases,28343.68,0
SO-03013,2025-10-15,C-BAN-025,Shenzhen DC,Shenzhen,CN,Bangkok,TH,785,1237.28,sea,chargers,19992.91,0
SO-03263,2025-10-15,C-JAK-009,Shenzhen DC,Shenzhen,CN,Jakarta,ID,330,1078.15,sea,audio,9360.79,0
SO-03349,2025-10-15,C-MAN-026,Shenzhen DC,Shenzhen,CN,Manila,PH,210,750.85,sea,chargers,33712.27,0
SO-03365,2025-10-15,C-MAN-018,Shenzhen DC,Shenzhen,CN,Manila,PH,327,1005.17,sea,chargers,23147.51,0
SO-03826,2025-10-15,C-SYD-025,Rotterdam DC,Rotterdam,NL,Sydney,AU,624,1026.56,air,storage,38847.35,0
SO-04323,2025-10-15,C-NEW-002,Memphis DC,Memphis,US,New York City,US,476,1050.32,road,cables,22958.64,0
SO-04441,2025-10-15,C-NEW-028,Memphis DC,Memphis,US,New York City,US,321,1101.5,road,chargers,23253.4,0
SO-05499,2025-10-15,C-TOR-039,Memphis DC,Memphis,US,Toronto,CA,297,1054.84,road,audio,32824.62,0
SO-06046,2025-10-15,C-BOG-031,Memphis DC,Memphis,US,Bogota,CO,173,681.49,air,cables,8212.17,0
SO-06084,2025-10-15,C-BOG-007,Memphis DC,Memphis,US,Bogota,CO,253,943.84,air,chargers,13464.19,0
SO-06185,2025-10-15,C-SAN-019,Memphis DC,Memphis,US,Santiago,CL,548,2068.83,sea,chargers,19030.27,0
SO-06586,2025-10-15,C-RIY-009,Dubai DC,Dubai,AE,Riyadh,SA,343,1244.85,road,cables,22833.83,0
SO-06889,2025-10-15,C-NAI-035,Dubai DC,Dubai,AE,Nairobi,KE,463,1102.68,air,storage,18495.53,0
SO-07152,2025-10-15,C-JOH-010,Dubai DC,Dubai,AE,Johannesburg,ZA,245,968.31,sea,storage,26990.15,0
SO-00099,2025-10-16,C-LON-019,Rotterdam DC,Rotterdam,NL,London,GB,677,1998.98,road,wearables,29900.35,0
SO-00535,2025-10-16,C-BER-028,Rotterdam DC,Rotterdam,NL,Berlin,DE,311,808.05,road,chargers,20257.23,0
SO-00965,2025-10-16,C-PAR-019,Rotterdam DC,Rotterdam,NL,Paris,FR,327,941.2,road,cases,19724.16,0
SO-01162,2025-10-16,C-MAD-034,Rotterdam DC,Rotterdam,NL,Madrid,ES,397,1473.47,road,wearables,14183.91,0
SO-01553,2025-10-16,C-MIL-015,Rotterdam DC,Rotterdam,NL,Milan,IT,654,1538.59,road,cases,21253.8,0
SO-02283,2025-10-16,C-TOK-037,Shenzhen DC,Shenzhen,CN,Tokyo,JP,385,1235.16,sea,storage,23832.77,0
SO-02460,2025-10-16,C-SEO-009,Shenzhen DC,Shenzhen,CN,Seoul,KR,354,726.79,sea,chargers,16463.18,0
SO-02744,2025-10-16,C-SIN-014,Shenzhen DC,Shenzhen,CN,Singapore,SG,559,1258.71,sea,cases,35811.31,0
SO-03492,2025-10-16,C-MAN-019,Shenzhen DC,Shenzhen,CN,Manila,PH,647,1208.67,sea,cases,20865.17,0
SO-04598,2025-10-16,C-CHI-037,Memphis DC,Memphis,US,Chicago,US,718,1152.75,road,audio,32801.87,0
SO-04627,2025-10-16,C-CHI-007,Memphis DC,Memphis,US,Chicago,US,376,1061.19,road,cables,33701.97,0
SO-04745,2025-10-16,C-CHI-037,Memphis DC,Memphis,US,Chicago,US,299,924.26,road,chargers,37614.74,0
SO-04802,2025-10-16,C-CHI-021,Memphis DC,Memphis,US,Chicago,US,356,1260.22,road,wearables,35579.2,0
SO-05670,2025-10-16,C-MEX-009,Memphis DC,Memphis,US,Mexico City,MX,121,377.97,road,storage,33518.82,1
SO-06204,2025-10-16,C-SAN-037,Memphis DC,Memphis,US,Santiago,CL,218,608.17,sea,storage,23269.79,0
SO-06357,2025-10-16,C-BUE-022,Memphis DC,Memphis,US,Buenos Aires,AR,1188,1973.74,sea,wearables,28370.66,0
SO-06473,2025-10-16,C-RIY-015,Dubai DC,Dubai,AE,Riyadh,SA,697,1096.62,road,cases,36771.57,0
SO-06512,2025-10-16,C-RIY-010,Dubai DC,Dubai,AE,Riyadh,SA,497,805.62,road,chargers,31982.51,0
SO-06619,2025-10-16,C-CAI-032,Dubai DC,Dubai,AE,Cairo,EG,974,1583.53,sea,storage,18163.51,0
SO-06697,2025-10-16,C-CAI-025,Dubai DC,Dubai,AE,Cairo,EG,801,1735.89,sea,chargers,11516.1,0
SO-06976,2025-10-16,C-LAG-007,Dubai DC,Dubai,AE,Lagos,NG,205,818.27,air,cases,8998.99,1
SO-07158,2025-10-16,C-JOH-022,Dubai DC,Dubai,AE,Johannesburg,ZA,332,1266.38,sea,cases,33254.5,1
SO-07248,2025-10-16,C-KAR-035,Dubai DC,Dubai,AE,Karachi,PK,420,764.02,sea,storage,28197.98,0
SO-00451,2025-10-17,C-BER-035,Rotterdam DC,Rotterdam,NL,Berlin,DE,1,0.5,road,cases,18248.52,0
SO-00502,2025-10-17,C-BER-037,Rotterdam DC,Rotterdam,NL,Berlin,DE,333,975.93,road,audio,30199.82,0
SO-00681,2025-10-17,C-BER-025,Rotterdam DC,Rotterdam,NL,Berlin,DE,381,1266.52,road,cables,32826.21,0
SO-00823,2025-10-17,C-PAR-034,Rotterdam DC,Rotterdam,NL,Paris,FR,812,1166.06,road,chargers,36910.87,0
SO-00954,2025-10-17,C-PAR-013,Rotterdam DC,Rotterdam,NL,Paris,FR,163,564.31,road,wearables,39591.38,0
SO-01188,2025-10-17,C-MAD-036,Rotterdam DC,Rotterdam,NL,Madrid,ES,1315,2018.69,road,cables,35028.76,0
SO-01494,2025-10-17,C-MIL-027,Rotterdam DC,Rotterdam,NL,Milan,IT,1018,1694.37,road,cables,17872.85,0
SO-01740,2025-10-17,C-WAR-025,Rotterdam DC,Rotterdam,NL,Warsaw,PL,1306,2106.72,road,cables,38916.1,0
SO-02557,2025-10-17,C-SEO-007,Shenzhen DC,Shenzhen,CN,Seoul,KR,890,1610.85,sea,storage,14964.04,0
SO-02891,2025-10-17,C-SIN-010,Shenzhen DC,Shenzhen,CN,Singapore,SG,294,609.46,sea,storage,25773.81,0
SO-02935,2025-10-17,C-SIN-014,Shenzhen DC,Shenzhen,CN,Singapore,SG,528,1451.43,sea,cables,31795.86,0
SO-03056,2025-10-17,C-BAN-016,Shenzhen DC,Shenzhen,CN,Bangkok,TH,416,1121.07,sea,storage,32338.25,0
SO-03296,2025-10-17,C-JAK-013,Shenzhen DC,Shenzhen,CN,Jakarta,ID,568,988.93,sea,wearables,7347.34,0
SO-03821,2025-10-17,C-SYD-031,Rotterdam DC,Rotterdam,NL,Sydney,AU,206,487.63,air,wearables,29330.17,0
SO-04092,2025-10-17,C-NEW-032,Memphis DC,Memphis,US,New York City,US,108,368.44,road,audio,28757.39,0
SO-05093,2025-10-17,C-LOS-006,Memphis DC,Memphis,US,Los Angeles,US,274,908.17,road,storage,21390.28,0
SO-05265,2025-10-17,C-LOS-010,Memphis DC,Memphis,US,Los Angeles,US,374,1338.29,road,audio,11607.14,0
SO-05480,2025-10-17,C-TOR-011,Memphis DC,Memphis,US,Toronto,CA,351,1283.63,road,storage,27715.84,0
SO-06198,2025-10-17,C-SAN-035,Memphis DC,Memphis,US,Santiago,CL,394,986.47,sea,chargers,27268.75,0
SO-06295,2025-10-17,C-BUE-025,Memphis DC,Memphis,US,Buenos Aires,AR,605,1298.05,sea,cables,16789.34,0
SO-06493,2025-10-17,C-RIY-039,Dubai DC,Dubai,AE,Riyadh,SA,236,886.84,road,audio,43419.48,0
SO-06626,2025-10-17,C-CAI-029,Dubai DC,Dubai,AE,Cairo,EG,387,1420.99,sea,audio,14549.4,0
SO-06638,2025-10-17,C-CAI-012,Dubai DC,Dubai,AE,Cairo,EG,735,1969.37,sea,cases,31910.28,0
SO-06988,2025-10-17,C-LAG-031,Dubai DC,Dubai,AE,Lagos,NG,257,780.27,air,cables,14619.02,0
SO-07168,2025-10-17,C-JOH-030,Dubai DC,Dubai,AE,Johannesburg,ZA,333,541.04,sea,storage,24219.9,0
SO-07262,2025-10-17,C-KAR-032,Dubai DC,Dubai,AE,Karachi,PK,453,1479.92,sea,storage,23455.03,0
SO-07314,2025-10-17,C-KAR-025,Dubai DC,Dubai,AE,Karachi,PK,339,1041.22,sea,chargers,11765.97,0
SO-07382,2025-10-17,C-KAR-033,Dubai DC,Dubai,AE,Karachi,PK,222,853.0,sea,storage,17445.79,0
SO-00462,2025-10-18,C-BER-036,Rotterdam DC,Rotterdam,NL,Berlin,DE,666,1497.58,road,wearables,20787.41,0
SO-00889,2025-10-18,C-PAR-022,Rotterdam DC,Rotterdam,NL,Paris,FR,681,1608.93,road,cables,8211.13,0
SO-01624,2025-10-18,C-WAR-001,Rotterdam DC,Rotterdam,NL,Warsaw,PL,609,1233.19,road,cables,22765.57,0
SO-01636,2025-10-18,C-WAR-030,Rotterdam DC,Rotterdam,NL,Warsaw,PL,523,1565.67,road,cases,33304.0,0
SO-01679,2025-10-18,C-WAR-002,Rotterdam DC,Rotterdam,NL,Warsaw,PL,386,1296.59,road,cases,45789.08,0
SO-01680,2025-10-18,C-WAR-025,Rotterdam DC,Rotterdam,NL,Warsaw,PL,393,1252.29,road,cases,47537.98,0
SO-01822,2025-10-18,C-STO-014,Rotterdam DC,Rotterdam,NL,Stockholm,SE,585,1600.19,road,chargers,46975.31,0
SO-02877,2025-10-18,C-SIN-029,Shenzhen DC,Shenzhen,CN,Singapore,SG,332,1129.16,sea,chargers,9668.73,0
SO-03615,2025-10-18,C-MUM-028,Shenzhen DC,Shenzhen,CN,Mumbai,IN,460,1598.91,sea,cables,15128.57,0
SO-03996,2025-10-18,C-AUC-033,Rotterdam DC,Rotterdam,NL,Auckland,NZ,366,988.43,air,wearables,28778.28,0
SO-04305,2025-10-18,C-NEW-009,Memphis DC,Memphis,US,New York City,US,332,1243.14,road,cables,27338.66,0
SO-04536,2025-10-18,C-CHI-019,Memphis DC,Memphis,US,Chicago,US,534,801.26,road,storage,19197.9,0
SO-04744,2025-10-18,C-CHI-029,Memphis DC,Memphis,US,Chicago,US,79,263.65,road,storage,27062.13,0
SO-04782,2025-10-18,C-CHI-022,Memphis DC,Memphis,US,Chicago,US,348,864.53,road,audio,27251.18,0
SO-04805,2025-10-18,C-CHI-008,Memphis DC,Memphis,US,Chicago,US,982,1452.78,road,audio,20109.04,0
SO-04826,2025-10-18,C-CHI-036,Memphis DC,Memphis,US,Chicago,US,356,1241.91,road,storage,24068.58,0
SO-04979,2025-10-18,C-LOS-004,Memphis DC,Memphis,US,Los Angeles,US,306,890.21,road,cases,32796.34,0
SO-05252,2025-10-18,C-LOS-028,Memphis DC,Memphis,US,Los Angeles,US,510,837.3,road,cables,23914.57,0
SO-05842,2025-10-18,C-SAO-023,Memphis DC,Memphis,US,Sao Paulo,BR,1262,1964.68,sea,chargers,32473.79,0
SO-05921,2025-10-18,C-SAO-009,Memphis DC,Memphis,US,Sao Paulo,BR,500,1397.4,sea,cables,26599.12,0
SO-06081,2025-10-18,C-BOG-013,Memphis DC,Memphis,US,Bogota,CO,230,635.47,air,chargers,19958.63,0
SO-06184,2025-10-18,C-SAN-017,Memphis DC,Memphis,US,Santiago,CL,323,1283.66,sea,wearables,34676.47,0
SO-06463,2025-10-18,C-RIY-013,Dubai DC,Dubai,AE,Riyadh,SA,300,763.56,road,wearables,5184.21,0
SO-06767,2025-10-18,C-CAI-037,Dubai DC,Dubai,AE,Cairo,EG,805,2369.08,sea,cables,27792.06,0
SO-06797,2025-10-18,C-NAI-013,Dubai DC,Dubai,AE,Nairobi,KE,497,1031.85,air,wearables,10305.46,0
SO-07048,2025-10-18,C-LAG-004,Dubai DC,Dubai,AE,Lagos,NG,181,637.09,air,cases,12299.64,0
SO-00077,2025-10-19,C-LON-003,Rotterdam DC,Rotterdam,NL,London,GB,185,684.67,road,storage,28386.61,0
SO-01047,2025-10-19,C-PAR-023,Rotterdam DC,Rotterdam,NL,Paris,FR,378,1342.51,road,storage,21556.67,0
SO-01089,2025-10-19,C-PAR-023,Rotterdam DC,Rotterdam,NL,Paris,FR,171,362.24,road,audio,32833.18,0
SO-02490,2025-10-19,C-SEO-024,Shenzhen DC,Shenzhen,CN,Seoul,KR,361,707.13,sea,storage,36424.79,0
SO-03751,2025-10-19,C-SYD-031,Rotterdam DC,Rotterdam,NL,Sydney,AU,298,1073.69,air,cases,25930.31,0
SO-03944,2025-10-19,C-AUC-036,Rotterdam DC,Rotterdam,NL,Auckland,NZ,418,838.72,air,cases,36435.3,0
SO-04851,2025-10-19,C-CHI-009,Memphis DC,Memphis,US,Chicago,US,346,1340.48,road,audio,28394.16,1
SO-05053,2025-10-19,C-LOS-033,Memphis DC,Memphis,US,Los Angeles,US,482,1668.09,road,chargers,22844.72,0
SO-05319,2025-10-19,C-TOR-002,Memphis DC,Memphis,US,Toronto,CA,665,1653.06,road,wearables,21694.29,0
SO-06790,2025-10-19,C-CAI-008,Dubai DC,Dubai,AE,Cairo,EG,537,1477.45,sea,chargers,14831.64,1
SO-07192,2025-10-19,C-JOH-013,Dubai DC,Dubai,AE,Johannesburg,ZA,603,1075.03,sea,cases,27187.19,0
SO-00116,2025-10-20,C-LON-030,Rotterdam DC,Rotterdam,NL,London,GB,41,77.83,road,audio,11749.38,0
SO-00339,2025-10-20,C-LON-021,Rotterdam DC,Rotterdam,NL,London,GB,783,1213.47,road,cables,42067.28,0
SO-00437,2025-10-20,C-BER-026,Rotterdam DC,Rotterdam,NL,Berlin,DE,415,1490.61,road,storage,19268.9,0
SO-00490,2025-10-20,C-BER-017,Rotterdam DC,Rotterdam,NL,Berlin,DE,417,925.17,road,audio,27513.25,0
SO-01408,2025-10-20,C-MIL-033,Rotterdam DC,Rotterdam,NL,Milan,IT,376,1044.93,road,storage,19240.84,0
SO-01512,2025-10-20,C-MIL-028,Rotterdam DC,Rotterdam,NL,Milan,IT,396,1456.9,road,storage,16931.75,0
SO-01566,2025-10-20,C-MIL-025,Rotterdam DC,Rotterdam,NL,Milan,IT,995,2036.65,road,wearables,29904.5,0
SO-02419,2025-10-20,C-SEO-019,Shenzhen DC,Shenzhen,CN,Seoul,KR,425,922.53,sea,cables,47423.91,0
SO-02841,2025-10-20,C-SIN-037,Shenzhen DC,Shenzhen,CN,Singapore,SG,576,878.11,sea,storage,29093.91,0
SO-03367,2025-10-20,C-MAN-023,Shenzhen DC,Shenzhen,CN,Manila,PH,618,1151.34,sea,cases,36716.05,0
SO-03400,2025-10-20,C-MAN-038,Shenzhen DC,Shenzhen,CN,Manila,PH,762,1399.94,sea,audio,25808.93,0
SO-03930,2025-10-20,C-SYD-038,Rotterdam DC,Rotterdam,NL,Sydney,AU,166,659.42,air,chargers,29738.02,0
SO-04262,2025-10-20,C-NEW-015,Memphis DC,Memphis,US,New York City,US,687,1314.87,road,storage,31995.93,0
SO-04273,2025-10-20,C-NEW-038,Memphis DC,Memphis,US,New York City,US,284,1125.82,road,storage,22219.61,1
SO-04380,2025-10-20,C-NEW-015,Memphis DC,Memphis,US,New York City,US,165,615.91,road,cases,31265.49,0
SO-04650,2025-10-20,C-CHI-017,Memphis DC,Memphis,US,Chicago,US,620,1541.09,road,audio,34162.22,0
SO-05544,2025-10-20,C-TOR-031,Memphis DC,Memphis,US,Toronto,CA,297,763.85,road,audio,15915.24,0
SO-05592,2025-10-20,C-MEX-020,Memphis DC,Memphis,US,Mexico City,MX,392,1187.32,road,audio,22304.23,0
SO-05633,2025-10-20,C-MEX-005,Memphis DC,Memphis,US,Mexico City,MX,396,1441.06,road,storage,34630.82,1
SO-06282,2025-10-20,C-BUE-020,Memphis DC,Memphis,US,Buenos Aires,AR,453,1413.15,sea,cases,17271.06,0
SO-07145,2025-10-20,C-JOH-030,Dubai DC,Dubai,AE,Johannesburg,ZA,828,1196.71,sea,cables,10593.8,1
SO-07371,2025-10-20,C-KAR-010,Dubai DC,Dubai,AE,Karachi,PK,780,1371.5,sea,cables,3684.31,0
SO-01113,2025-10-21,C-PAR-021,Rotterdam DC,Rotterdam,NL,Paris,FR,371,1380.32,road,cables,25286.02,0
SO-01211,2025-10-21,C-MAD-036,Rotterdam DC,Rotterdam,NL,Madrid,ES,494,1326.72,road,cases,27076.14,0
SO-01928,2025-10-21,C-STO-024,Rotterdam DC,Rotterdam,NL,Stockholm,SE,290,764.21,road,cases,13119.68,0
SO-01985,2025-10-21,C-DUB-027,Rotterdam DC,Rotterdam,NL,Dublin,IE,582,820.99,air,chargers,11569.54,0
SO-02669,2025-10-21,C-SIN-015,Shenzhen DC,Shenzhen,CN,Singapore,SG,663,1206.94,sea,chargers,37170.83,0
SO-02729,2025-10-21,C-SIN-009,Shenzhen DC,Shenzhen,CN,Singapore,SG,356,870.76,sea,cases,25619.47,0
SO-02875,2025-10-21,C-SIN-026,Shenzhen DC,Shenzhen,CN,Singapore,SG,602,1273.05,sea,cases,30486.23,0
SO-02973,2025-10-21,C-BAN-025,Shenzhen DC,Shenzhen,CN,Bangkok,TH,1190,2130.17,sea,chargers,41273.14,0
SO-03242,2025-10-21,C-JAK-010,Shenzhen DC,Shenzhen,CN,Jakarta,ID,832,1491.53,sea,chargers,20109.58,0
SO-04300,2025-10-21,C-NEW-017,Memphis DC,Memphis,US,New York City,US,411,1047.95,road,wearables,26857.66,0
SO-04477,2025-10-21,C-NEW-021,Memphis DC,Memphis,US,New York City,US,460,709.67,road,audio,30232.5,0
SO-05087,2025-10-21,C-LOS-026,Memphis DC,Memphis,US,Los Angeles,US,534,1667.56,road,wearables,28020.16,0
SO-05173,2025-10-21,C-LOS-016,Memphis DC,Memphis,US,Los Angeles,US,519,1579.23,road,storage,48535.58,0
SO-05634,2025-10-21,C-MEX-020,Memphis DC,Memphis,US,Mexico City,MX,258,444.35,road,cables,31542.35,0
SO-05915,2025-10-21,C-SAO-001,Memphis DC,Memphis,US,Sao Paulo,BR,761,2110.16,sea,wearables,18945.18,0
SO-06124,2025-10-21,C-SAN-024,Memphis DC,Memphis,US,Santiago,CL,552,1053.62,sea,wearables,18280.69,0
SO-06383,2025-10-21,C-RIY-008,Dubai DC,Dubai,AE,Riyadh,SA,332,1019.21,road,cases,29263.6,0
SO-06591,2025-10-21,C-RIY-013,Dubai DC,Dubai,AE,Riyadh,SA,517,1758.66,road,cables,30719.53,0
SO-06741,2025-10-21,C-CAI-014,Dubai DC,Dubai,AE,Cairo,EG,767,1408.46,sea,wearables,8384.11,0
SO-07261,2025-10-21,C-KAR-004,Dubai DC,Dubai,AE,Karachi,PK,893,1619.15,sea,cases,19659.57,0
SO-00022,2025-10-22,C-LON-023,Rotterdam DC,Rotterdam,NL,London,GB,605,1472.87,road,chargers,18968.02,0
SO-00733,2025-10-22,C-BER-008,Rotterdam DC,Rotterdam,NL,Berlin,DE,257,960.45,road,audio,31818.58,0
SO-01005,2025-10-22,C-PAR-032,Rotterdam DC,Rotterdam,NL,Paris,FR,522,1032.13,road,chargers,15482.9,0
SO-01078,2025-10-22,C-PAR-010,Rotterdam DC,Rotterdam,NL,Paris,FR,383,1378.76,road,chargers,19941.85,0
SO-01292,2025-10-22,C-MAD-015,Rotterdam DC,Rotterdam,NL,Madrid,ES,614,1344.72,road,storage,19947.16,0
SO-01476,2025-10-22,C-MIL-006,Rotterdam DC,Rotterdam,NL,Milan,IT,278,1004.48,road,cables,24547.71,0
SO-01574,2025-10-22,C-MIL-035,Rotterdam DC,Rotterdam,NL,Milan,IT,249,820.73,road,audio,18400.04,0
SO-01621,2025-10-22,C-WAR-023,Rotterdam DC,Rotterdam,NL,Warsaw,PL,594,937.25,road,chargers,46392.73,0
SO-01828,2025-10-22,C-STO-032,Rotterdam DC,Rotterdam,NL,Stockholm,SE,368,1051.76,road,audio,32179.53,0
SO-01909,2025-10-22,C-STO-004,Rotterdam DC,Rotterdam,NL,Stockholm,SE,532,1534.81,road,audio,31375.63,0
SO-02291,2025-10-22,C-TOK-024,Shenzhen DC,Shenzhen,CN,Tokyo,JP,311,745.34,sea,cables,23235.99,0
SO-02300,2025-10-22,C-TOK-005,Shenzhen DC,Shenzhen,CN,Tokyo,JP,498,1224.05,sea,cables,49937.01,0
SO-02515,2025-10-22,C-SEO-032,Shenzhen DC,Shenzhen,CN,Seoul,KR,337,1208.68,sea,cables,41811.74,0
SO-02721,2025-10-22,C-SIN-036,Shenzhen DC,Shenzhen,CN,Singapore,SG,324,1080.63,sea,storage,20475.0,0
SO-02722,2025-10-22,C-SIN-008,Shenzhen DC,Shenzhen,CN,Singapore,SG,509,1065.01,sea,storage,33672.85,0
SO-03318,2025-10-22,C-JAK-030,Shenzhen DC,Shenzhen,CN,Jakarta,ID,220,861.73,sea,cases,21583.99,0
SO-03830,2025-10-22,C-SYD-022,Rotterdam DC,Rotterdam,NL,Sydney,AU,389,649.15,air,cables,24215.46,0
SO-04119,2025-10-22,C-NEW-021,Memphis DC,Memphis,US,New York City,US,361,1207.99,road,cases,9366.11,0
SO-04688,2025-10-22,C-CHI-023,Memphis DC,Memphis,US,Chicago,US,433,1506.89,road,cables,18790.52,0
SO-04750,2025-10-22,C-CHI-026,Memphis DC,Memphis,US,Chicago,US,168,643.82,road,audio,32371.56,0
SO-05122,2025-10-22,C-LOS-009,Memphis DC,Memphis,US,Los Angeles,US,404,995.03,road,chargers,23446.36,0
SO-05200,2025-10-22,C-LOS-013,Memphis DC,Memphis,US,Los Angeles,US,605,1397.01,road,storage,35568.35,0
SO-05236,2025-10-22,C-LOS-015,Memphis DC,Memphis,US,Los Angeles,US,344,939.6,road,wearables,20932.04,0
SO-05276,2025-10-22,C-LOS-038,Memphis DC,Memphis,US,Los Angeles,US,741,1336.19,road,cases,31379.22,0
SO-05671,2025-10-22,C-MEX-005,Memphis DC,Memphis,US,Mexico City,MX,645,1530.02,road,cases,16487.3,0
SO-06424,2025-10-22,C-RIY-001,Dubai DC,Dubai,AE,Riyadh,SA,472,1390.66,road,storage,39010.84,0
SO-06807,2025-10-22,C-NAI-022,Dubai DC,Dubai,AE,Nairobi,KE,592,858.57,air,cables,25709.26,0
SO-07326,2025-10-22,C-KAR-016,Dubai DC,Dubai,AE,Karachi,PK,795,1309.42,sea,cases,20676.93,0
SO-07379,2025-10-22,C-KAR-025,Dubai DC,Dubai,AE,Karachi,PK,539,1165.11,sea,cases,29930.53,0
SO-00340,2025-10-23,C-LON-015,Rotterdam DC,Rotterdam,NL,London,GB,220,723.93,road,storage,29562.12,0
SO-00344,2025-10-23,C-LON-014,Rotterdam DC,Rotterdam,NL,London,GB,212,738.12,road,cases,33261.97,0
SO-01015,2025-10-23,C-PAR-010,Rotterdam DC,Rotterdam,NL,Paris,FR,768,1276.59,road,audio,21408.53,0
SO-01632,2025-10-23,C-WAR-027,Rotterdam DC,Rotterdam,NL,Warsaw,PL,489,1366.25,road,audio,38026.87,0
SO-02068,2025-10-23,C-TOK-007,Shenzhen DC,Shenzhen,CN,Tokyo,JP,353,1132.04,sea,wearables,31252.92,0
SO-02204,2025-10-23,C-TOK-013,Shenzhen DC,Shenzhen,CN,Tokyo,JP,406,1452.47,sea,wearables,28458.22,0
SO-03105,2025-10-23,C-BAN-037,Shenzhen DC,Shenzhen,CN,Bangkok,TH,595,1219.53,sea,chargers,44749.79,1
SO-03165,2025-10-23,C-JAK-035,Shenzhen DC,Shenzhen,CN,Jakarta,ID,277,1056.17,sea,cables,23316.57,0
SO-03541,2025-10-23,C-MUM-022,Shenzhen DC,Shenzhen,CN,Mumbai,IN,160,464.01,sea,chargers,29767.27,0
SO-04178,2025-10-23,C-NEW-006,Memphis DC,Memphis,US,New York City,US,412,861.81,road,cables,45766.1,0
SO-04375,2025-10-23,C-NEW-031,Memphis DC,Memphis,US,New York City,US,504,1297.03,road,wearables,5949.65,0
SO-04609,2025-10-23,C-CHI-020,Memphis DC,Memphis,US,Chicago,US,275,870.52,road,audio,31713.7,0
SO-04698,2025-10-23,C-CHI-006,Memphis DC,Memphis,US,Chicago,US,440,1250.14,road,audio,18856.29,0
SO-05015,2025-10-23,C-LOS-001,Memphis DC,Memphis,US,Los Angeles,US,441,741.34,road,cases,28204.82,1
SO-05284,2025-10-23,C-LOS-017,Memphis DC,Memphis,US,Los Angeles,US,346,1307.09,road,cables,14744.75,0
SO-05309,2025-10-23,C-TOR-025,Memphis DC,Memphis,US,Toronto,CA,533,1454.54,road,wearables,29452.56,0
SO-05436,2025-10-23,C-TOR-014,Memphis DC,Memphis,US,Toronto,CA,360,1201.59,road,audio,29395.96,0
SO-05629,2025-10-23,C-MEX-010,Memphis DC,Memphis,US,Mexico City,MX,608,1423.49,road,wearables,14269.71,0
SO-05791,2025-10-23,C-SAO-007,Memphis DC,Memphis,US,Sao Paulo,BR,278,917.17,sea,cables,26409.53,1
SO-05834,2025-10-23,C-SAO-001,Memphis DC,Memphis,US,Sao Paulo,BR,553,1212.63,sea,wearables,19942.62,0
SO-05935,2025-10-23,C-SAO-012,Memphis DC,Memphis,US,Sao Paulo,BR,518,1428.06,sea,cases,28359.8,0
SO-06687,2025-10-23,C-CAI-028,Dubai DC,Dubai,AE,Cairo,EG,898,1579.13,sea,cases,30033.37,0
SO-00006,2025-10-24,C-LON-004,Rotterdam DC,Rotterdam,NL,London,GB,453,1259.5,road,cables,24384.59,0
SO-00123,2025-10-24,C-LON-015,Rotterdam DC,Rotterdam,NL,London,GB,799,1869.11,road,chargers,22145.79,0
SO-00812,2025-10-24,C-PAR-027,Rotterdam DC,Rotterdam,NL,Paris,FR,398,918.82,road,cables,24616.98,0
SO-01055,2025-10-24,C-PAR-007,Rotterdam DC,Rotterdam,NL,Paris,FR,272,1008.91,road,cases,27888.61,0
SO-01071,2025-10-24,C-PAR-007,Rotterdam DC,Rotterdam,NL,Paris,FR,438,794.76,road,audio,29226.99,1
SO-01370,2025-10-24,C-MAD-029,Rotterdam DC,Rotterdam,NL,Madrid,ES,698,1496.24,road,audio,20725.03,0
SO-01766,2025-10-24,C-WAR-039,Rotterdam DC,Rotterdam,NL,Warsaw,PL,707,1186.09,road,audio,34674.82,0
SO-02708,2025-10-24,C-SIN-034,Shenzhen DC,Shenzhen,CN,Singapore,SG,449,1468.84,sea,audio,21707.08,0
SO-02892,2025-10-24,C-SIN-014,Shenzhen DC,Shenzhen,CN,Singapore,SG,312,1040.01,sea,storage,31150.88,0
SO-03294,2025-10-24,C-JAK-001,Shenzhen DC,Shenzhen,CN,Jakarta,ID,928,1748.03,sea,storage,33187.16,0
SO-03339,2025-10-24,C-MAN-006,Shenzhen DC,Shenzhen,CN,Manila,PH,376,1211.92,sea,storage,19704.04,0
SO-03413,2025-10-24,C-MAN-031,Shenzhen DC,Shenzhen,CN,Manila,PH,971,1507.22,sea,wearables,4695.41,0
SO-03817,2025-10-24,C-SYD-027,Rotterdam DC,Rotterdam,NL,Sydney,AU,364,786.67,air,wearables,33462.43,0
SO-04150,2025-10-24,C-NEW-014,Memphis DC,Memphis,US,New York City,US,304,985.03,road,chargers,15654.04,0
SO-04206,2025-10-24,C-NEW-019,Memphis DC,Memphis,US,New York City,US,460,961.9,road,cases,23568.32,0
SO-04263,2025-10-24,C-NEW-032,Memphis DC,Memphis,US,New York City,US,389,1199.8,road,cases,25882.5,0
SO-05160,2025-10-24,C-LOS-006,Memphis DC,Memphis,US,Los Angeles,US,326,766.4,road,wearables,11869.85,0
SO-05445,2025-10-24,C-TOR-013,Memphis DC,Memphis,US,Toronto,CA,358,1110.88,road,storage,22770.17,0
SO-06215,2025-10-24,C-SAN-008,Memphis DC,Memphis,US,Santiago,CL,720,1598.2,sea,audio,16325.1,0
SO-06877,2025-10-24,C-NAI-033,Dubai DC,Dubai,AE,Nairobi,KE,298,722.5,air,audio,17179.5,0
SO-07354,2025-10-24,C-KAR-021,Dubai DC,Dubai,AE,Karachi,PK,274,494.68,sea,cases,37166.6,0
SO-00506,2025-10-25,C-BER-009,Rotterdam DC,Rotterdam,NL,Berlin,DE,336,977.68,road,cases,16128.96,0
SO-00604,2025-10-25,C-BER-010,Rotterdam DC,Rotterdam,NL,Berlin,DE,85,321.18,road,chargers,32817.96,0
SO-02475,2025-10-25,C-SEO-016,Shenzhen DC,Shenzhen,CN,Seoul,KR,472,781.06,sea,cables,20980.98,0
SO-03909,2025-10-25,C-SYD-025,Rotterdam DC,Rotterdam,NL,Sydney,AU,143,407.9,air,chargers,36236.27,0
SO-04883,2025-10-25,C-CHI-031,Memphis DC,Memphis,US,Chicago,US,330,1283.19,road,wearables,23744.77,0
SO-05298,2025-10-25,C-LOS-009,Memphis DC,Memphis,US,Los Angeles,US,647,1140.04,road,wearables,28689.65,0
SO-05560,2025-10-25,C-MEX-010,Memphis DC,Memphis,US,Mexico City,MX,584,1451.13,road,wearables,30794.74,0
SO-05885,2025-10-25,C-SAO-022,Memphis DC,Memphis,US,Sao Paulo,BR,299,1062.17,sea,storage,12617.26,0
SO-06822,2025-10-25,C-NAI-034,Dubai DC,Dubai,AE,Nairobi,KE,476,1028.19,air,chargers,27376.15,0
SO-07370,2025-10-25,C-KAR-019,Dubai DC,Dubai,AE,Karachi,PK,826,1444.15,sea,chargers,19973.35,0
SO-00100,2025-10-26,C-LON-014,Rotterdam DC,Rotterdam,NL,London,GB,309,976.76,road,wearables,25748.36,0
SO-01297,2025-10-26,C-MAD-016,Rotterdam DC,Rotterdam,NL,Madrid,ES,294,681.88,road,wearables,46761.85,0
SO-01493,2025-10-26,C-MIL-023,Rotterdam DC,Rotterdam,NL,Milan,IT,731,1301.28,road,wearables,19315.48,0
SO-02188,2025-10-26,C-TOK-027,Shenzhen DC,Shenzhen,CN,Tokyo,JP,325,902.7,sea,storage,26645.91,0
SO-02591,2025-10-26,C-SEO-017,Shenzhen DC,Shenzhen,CN,Seoul,KR,393,826.79,sea,chargers,37827.83,0
SO-02592,2025-10-26,C-SEO-027,Shenzhen DC,Shenzhen,CN,Seoul,KR,427,1406.52,sea,audio,17683.81,0
SO-02977,2025-10-26,C-BAN-035,Shenzhen DC,Shenzhen,CN,Bangkok,TH,369,1165.5,sea,wearables,39050.4,0
SO-03301,2025-10-26,C-JAK-033,Shenzhen DC,Shenzhen,CN,Jakarta,ID,803,1164.1,sea,cables,19971.03,0
SO-03911,2025-10-26,C-SYD-021,Rotterdam DC,Rotterdam,NL,Sydney,AU,381,853.74,air,chargers,21215.84,0
SO-03985,2025-10-26,C-AUC-022,Rotterdam DC,Rotterdam,NL,Auckland,NZ,420,1089.04,air,audio,39890.49,0
SO-04553,2025-10-26,C-CHI-008,Memphis DC,Memphis,US,Chicago,US,519,1127.9,road,cases,26319.98,0
SO-05220,2025-10-26,C-LOS-003,Memphis DC,Memphis,US,Los Angeles,US,377,1179.51,road,chargers,28827.18,0
SO-06066,2025-10-26,C-BOG-018,Memphis DC,Memphis,US,Bogota,CO,199,407.33,air,chargers,13384.77,0
SO-06221,2025-10-26,C-BUE-025,Memphis DC,Memphis,US,Buenos Aires,AR,1,0.5,sea,cables,32945.38,0
SO-06926,2025-10-26,C-NAI-036,Dubai DC,Dubai,AE,Nairobi,KE,231,849.43,air,audio,27454.61,0
SO-06948,2025-10-26,C-LAG-016,Dubai DC,Dubai,AE,Lagos,NG,246,702.28,air,wearables,4837.43,0
SO-07265,2025-10-26,C-KAR-022,Dubai DC,Dubai,AE,Karachi,PK,559,1637.75,sea,cables,9078.62,0
SO-00213,2025-10-27,C-LON-012,Rotterdam DC,Rotterdam,NL,London,GB,502,1058.94,road,cables,24000.34,0
SO-01403,2025-10-27,C-MIL-036,Rotterdam DC,Rotterdam,NL,Milan,IT,844,1362.48,road,cases,20845.64,1
SO-01920,2025-10-27,C-STO-034,Rotterdam DC,Rotterdam,NL,Stockholm,SE,370,1245.0,road,wearables,24458.38,0
SO-02436,2025-10-27,C-SEO-005,Shenzhen DC,Shenzhen,CN,Seoul,KR,347,622.76,sea,chargers,33440.81,0
SO-02558,2025-10-27,C-SEO-014,Shenzhen DC,Shenzhen,CN,Seoul,KR,550,1371.34,sea,storage,15226.45,0
SO-03566,2025-10-27,C-MUM-011,Shenzhen DC,Shenzhen,CN,Mumbai,IN,877,1342.86,sea,cases,35445.14,0
SO-03922,2025-10-27,C-SYD-003,Rotterdam DC,Rotterdam,NL,Sydney,AU,431,860.61,air,storage,34231.19,0
SO-04321,2025-10-27,C-NEW-029,Memphis DC,Memphis,US,New York City,US,665,1416.27,road,chargers,23082.65,0
SO-04511,2025-10-27,C-NEW-030,Memphis DC,Memphis,US,New York City,US,532,1522.91,road,cables,17230.98,0
SO-05097,2025-10-27,C-LOS-029,Memphis DC,Memphis,US,Los Angeles,US,807,1715.76,road,cases,21157.48,0
SO-05155,2025-10-27,C-LOS-031,Memphis DC,Memphis,US,Los Angeles,US,713,1397.3,road,cables,18976.74,0
SO-05367,2025-10-27,C-TOR-023,Memphis DC,Memphis,US,Toronto,CA,517,1042.78,road,cables,25948.11,0
SO-05497,2025-10-27,C-TOR-036,Memphis DC,Memphis,US,Toronto,CA,1391,1975.32,road,wearables,22255.7,0
SO-05846,2025-10-27,C-SAO-022,Memphis DC,Memphis,US,Sao Paulo,BR,125,216.28,sea,storage,18689.25,0
SO-05859,2025-10-27,C-SAO-035,Memphis DC,Memphis,US,Sao Paulo,BR,906,1471.75,sea,wearables,21728.53,0
SO-06389,2025-10-27,C-RIY-009,Dubai DC,Dubai,AE,Riyadh,SA,555,1900.01,road,cables,13920.7,0
SO-06498,2025-10-27,C-RIY-028,Dubai DC,Dubai,AE,Riyadh,SA,270,1020.92,road,cables,29698.83,1
SO-06664,2025-10-27,C-CAI-029,Dubai DC,Dubai,AE,Cairo,EG,250,731.79,sea,storage,23003.62,0
SO-06902,2025-10-27,C-NAI-003,Dubai DC,Dubai,AE,Nairobi,KE,196,715.76,air,storage,24069.93,0
SO-00507,2025-10-28,C-BER-035,Rotterdam DC,Rotterdam,NL,Berlin,DE,198,348.0,road,wearables,25900.13,0
SO-00816,2025-10-28,C-PAR-014,Rotterdam DC,Rotterdam,NL,Paris,FR,393,627.07,road,cases,27554.04,0
SO-00886,2025-10-28,C-PAR-016,Rotterdam DC,Rotterdam,NL,Paris,FR,464,1219.39,road,storage,15965.47,0
SO-01165,2025-10-28,C-MAD-003,Rotterdam DC,Rotterdam,NL,Madrid,ES,275,763.45,road,cables,18786.36,0
SO-01194,2025-10-28,C-MAD-032,Rotterdam DC,Rotterdam,NL,Madrid,ES,320,1110.07,road,cases,24181.76,0
SO-01728,2025-10-28,C-WAR-013,Rotterdam DC,Rotterdam,NL,Warsaw,PL,791,1946.26,road,cases,27654.83,0
SO-02154,2025-10-28,C-TOK-002,Shenzhen DC,Shenzhen,CN,Tokyo,JP,213,761.61,sea,wearables,38935.45,0
SO-03273,2025-10-28,C-JAK-009,Shenzhen DC,Shenzhen,CN,Jakarta,ID,799,1504.5,sea,wearables,31344.67,0
SO-03381,2025-10-28,C-MAN-001,Shenzhen DC,Shenzhen,CN,Manila,PH,1082,1804.42,sea,cables,21005.47,1
SO-04674,2025-10-28,C-CHI-010,Memphis DC,Memphis,US,Chicago,US,1285,1916.75,road,cases,28311.07,0
SO-04980,2025-10-28,C-LOS-036,Memphis DC,Memphis,US,Los Angeles,US,240,945.54,road,cables,8491.04,0
SO-05285,2025-10-28,C-LOS-007,Memphis DC,Memphis,US,Los Angeles,US,200,657.48,road,cables,28588.63,0
SO-05293,2025-10-28,C-LOS-028,Memphis DC,Memphis,US,Los Angeles,US,353,1120.48,road,audio,25863.91,0
SO-06023,2025-10-28,C-BOG-007,Memphis DC,Memphis,US,Bogota,CO,253,673.58,air,chargers,29413.13,0
SO-06080,2025-10-28,C-BOG-013,Memphis DC,Memphis,US,Bogota,CO,203,655.5,air,audio,21047.39,0
SO-06966,2025-10-28,C-LAG-016,Dubai DC,Dubai,AE,Lagos,NG,148,510.94,air,storage,24203.52,0
SO-07392,2025-10-28,C-KAR-030,Dubai DC,Dubai,AE,Karachi,PK,537,1043.71,sea,storage,21731.36,0
SO-00055,2025-10-29,C-LON-012,Rotterdam DC,Rotterdam,NL,London,GB,492,1512.29,road,cases,19201.94,0
SO-00078,2025-10-29,C-LON-036,Rotterdam DC,Rotterdam,NL,London,GB,533,1168.71,road,wearables,23550.18,0
SO-00163,2025-10-29,C-LON-014,Rotterdam DC,Rotterdam,NL,London,GB,229,324.23,road,wearables,24015.9,0
SO-00456,2025-10-29,C-BER-011,Rotterdam DC,Rotterdam,NL,Berlin,DE,357,1116.65,road,storage,32603.18,0
SO-00618,2025-10-29,C-BER-034,Rotterdam DC,Rotterdam,NL,Berlin,DE,558,1504.06,road,cables,38540.94,0
SO-00742,2025-10-29,C-BER-018,Rotterdam DC,Rotterdam,NL,Berlin,DE,1,0.5,road,cases,24827.0,0
SO-01136,2025-10-29,C-MAD-019,Rotterdam DC,Rotterdam,NL,Madrid,ES,407,1223.85,road,cases,32538.57,0
SO-01676,2025-10-29,C-WAR-013,Rotterdam DC,Rotterdam,NL,Warsaw,PL,757,1668.93,road,wearables,27633.11,0
SO-02584,2025-10-29,C-SEO-012,Shenzhen DC,Shenzhen,CN,Seoul,KR,295,620.45,sea,wearables,39789.25,0
SO-02657,2025-10-29,C-SIN-022,Shenzhen DC,Shenzhen,CN,Singapore,SG,241,908.32,sea,cases,34721.35,0
SO-02820,2025-10-29,C-SIN-031,Shenzhen DC,Shenzhen,CN,Singapore,SG,444,1117.44,sea,audio,31633.44,0
SO-03017,2025-10-29,C-BAN-012,Shenzhen DC,Shenzhen,CN,Bangkok,TH,572,1286.27,sea,audio,16941.51,0
SO-03115,2025-10-29,C-BAN-022,Shenzhen DC,Shenzhen,CN,Bangkok,TH,488,726.28,sea,audio,28699.47,0
SO-03446,2025-10-29,C-MAN-014,Shenzhen DC,Shenzhen,CN,Manila,PH,482,1596.24,sea,cases,40586.73,0
SO-03740,2025-10-29,C-SYD-035,Rotterdam DC,Rotterdam,NL,Sydney,AU,201,473.51,air,cases,34756.99,0
SO-03999,2025-10-29,C-AUC-019,Rotterdam DC,Rotterdam,NL,Auckland,NZ,711,1118.5,air,audio,31272.34,0
SO-04130,2025-10-29,C-NEW-029,Memphis DC,Memphis,US,New York City,US,143,542.73,road,chargers,20221.81,0
SO-04357,2025-10-29,C-NEW-016,Memphis DC,Memphis,US,New York City,US,199,676.58,road,storage,17687.9,1
SO-05110,2025-10-29,C-LOS-018,Memphis DC,Memphis,US,Los Angeles,US,266,941.09,road,cases,26981.61,1
SO-05144,2025-10-29,C-LOS-038,Memphis DC,Memphis,US,Los Angeles,US,785,1259.66,road,chargers,18010.96,0
SO-05358,2025-10-29,C-TOR-026,Memphis DC,Memphis,US,Toronto,CA,245,905.18,road,audio,37054.81,0
SO-05596,2025-10-29,C-MEX-015,Memphis DC,Memphis,US,Mexico City,MX,390,1438.38,road,storage,19528.21,0
SO-06340,2025-10-29,C-BUE-014,Memphis DC,Memphis,US,Buenos Aires,AR,411,1380.78,sea,wearables,12660.62,0
SO-06830,2025-10-29,C-NAI-025,Dubai DC,Dubai,AE,Nairobi,KE,214,543.41,air,wearables,20901.67,0
SO-06935,2025-10-29,C-LAG-009,Dubai DC,Dubai,AE,Lagos,NG,223,793.38,air,cases,19311.65,0
SO-07026,2025-10-29,C-LAG-034,Dubai DC,Dubai,AE,Lagos,NG,572,1029.63,air,wearables,24211.06,0
SO-07276,2025-10-29,C-KAR-015,Dubai DC,Dubai,AE,Karachi,PK,279,448.46,sea,chargers,14911.13,0
SO-00526,2025-10-30,C-BER-011,Rotterdam DC,Rotterdam,NL,Berlin,DE,546,1347.45,road,wearables,36965.21,0
SO-00764,2025-10-30,C-PAR-015,Rotterdam DC,Rotterdam,NL,Paris,FR,214,739.92,road,storage,18763.91,0
SO-00838,2025-10-30,C-PAR-021,Rotterdam DC,Rotterdam,NL,Paris,FR,537,1763.23,road,cases,23237.34,0
SO-00937,2025-10-30,C-PAR-005,Rotterdam DC,Rotterdam,NL,Paris,FR,1185,1952.06,road,storage,20327.52,0
SO-01084,2025-10-30,C-PAR-008,Rotterdam DC,Rotterdam,NL,Paris,FR,273,1048.81,road,chargers,30444.17,0
SO-01253,2025-10-30,C-MAD-018,Rotterdam DC,Rotterdam,NL,Madrid,ES,761,2161.46,road,cables,27563.78,0
SO-01639,2025-10-30,C-WAR-010,Rotterdam DC,Rotterdam,NL,Warsaw,PL,370,669.3,road,storage,21912.12,0
SO-02975,2025-10-30,C-BAN-011,Shenzhen DC,Shenzhen,CN,Bangkok,TH,429,1184.19,sea,chargers,18559.49,0
SO-03005,2025-10-30,C-BAN-002,Shenzhen DC,Shenzhen,CN,Bangkok,TH,738,1412.85,sea,audio,28637.11,0
SO-03141,2025-10-30,C-BAN-031,Shenzhen DC,Shenzhen,CN,Bangkok,TH,499,1704.86,sea,audio,15490.35,0
SO-03456,2025-10-30,C-MAN-034,Shenzhen DC,Shenzhen,CN,Manila,PH,282,811.74,sea,cables,17348.57,0
SO-03529,2025-10-30,C-MUM-027,Shenzhen DC,Shenzhen,CN,Mumbai,IN,618,1293.43,sea,wearables,23799.64,0
SO-03786,2025-10-30,C-SYD-021,Rotterdam DC,Rotterdam,NL,Sydney,AU,553,792.01,air,storage,17459.39,0
SO-05229,2025-10-30,C-LOS-014,Memphis DC,Memphis,US,Los Angeles,US,318,1203.08,road,cases,35651.89,0
SO-05737,2025-10-30,C-MEX-018,Memphis DC,Memphis,US,Mexico City,MX,882,1683.45,road,cables,13435.72,0
SO-05901,2025-10-30,C-SAO-011,Memphis DC,Memphis,US,Sao Paulo,BR,836,1226.23,sea,cases,12329.8,0
SO-06713,2025-10-30,C-CAI-012,Dubai DC,Dubai,AE,Cairo,EG,538,1249.34,sea,cases,17867.38,0
SO-07170,2025-10-30,C-JOH-023,Dubai DC,Dubai,AE,Johannesburg,ZA,424,1696.4,sea,cases,29640.23,1
SO-07186,2025-10-30,C-JOH-031,Dubai DC,Dubai,AE,Johannesburg,ZA,398,1038.61,sea,storage,28761.54,0
SO-00045,2025-10-31,C-LON-021,Rotterdam DC,Rotterdam,NL,London,GB,167,564.14,road,wearables,12892.66,0
SO-00212,2025-10-31,C-LON-011,Rotterdam DC,Rotterdam,NL,London,GB,283,1092.42,road,storage,28559.14,0
SO-00725,2025-10-31,C-BER-005,Rotterdam DC,Rotterdam,NL,Berlin,DE,525,1709.04,road,chargers,19659.21,0
SO-00739,2025-10-31,C-BER-012,Rotterdam DC,Rotterdam,NL,Berlin,DE,407,1465.26,road,audio,14123.29,0
SO-01477,2025-10-31,C-MIL-023,Rotterdam DC,Rotterdam,NL,Milan,IT,562,1344.63,road,audio,14203.58,0
SO-01630,2025-10-31,C-WAR-002,Rotterdam DC,Rotterdam,NL,Warsaw,PL,566,1986.49,road,chargers,38823.68,0
SO-01656,2025-10-31,C-WAR-013,Rotterdam DC,Rotterdam,NL,Warsaw,PL,245,875.39,road,chargers,26669.23,0
SO-02215,2025-10-31,C-TOK-016,Shenzhen DC,Shenzhen,CN,Tokyo,JP,7,25.73,sea,wearables,37107.79,0
SO-02268,2025-10-31,C-TOK-035,Shenzhen DC,Shenzhen,CN,Tokyo,JP,290,989.21,sea,audio,24933.85,0
SO-02585,2025-10-31,C-SEO-017,Shenzhen DC,Shenzhen,CN,Seoul,KR,407,1293.73,sea,cables,32899.29,0
SO-02725,2025-10-31,C-SIN-031,Shenzhen DC,Shenzhen,CN,Singapore,SG,301,965.38,sea,wearables,23360.36,0
SO-02953,2025-10-31,C-BAN-007,Shenzhen DC,Shenzhen,CN,Bangkok,TH,275,1022.07,sea,audio,22033.14,0
SO-03222,2025-10-31,C-JAK-021,Shenzhen DC,Shenzhen,CN,Jakarta,ID,499,1027.28,sea,wearables,16307.32,1
SO-03409,2025-10-31,C-MAN-025,Shenzhen DC,Shenzhen,CN,Manila,PH,667,1596.68,sea,cases,12471.1,0
SO-03943,2025-10-31,C-AUC-023,Rotterdam DC,Rotterdam,NL,Auckland,NZ,147,543.04,air,wearables,38208.19,0
SO-04085,2025-10-31,C-NEW-028,Memphis DC,Memphis,US,New York City,US,226,785.61,road,cables,23075.97,0
SO-04104,2025-10-31,C-NEW-039,Memphis DC,Memphis,US,New York City,US,399,930.19,road,storage,27075.22,0
SO-04563,2025-10-31,C-CHI-005,Memphis DC,Memphis,US,Chicago,US,421,1376.38,road,cables,15303.03,0
SO-04657,2025-10-31,C-CHI-038,Memphis DC,Memphis,US,Chicago,US,255,856.72,road,chargers,15316.78,0
SO-05324,2025-10-31,C-TOR-035,Memphis DC,Memphis,US,Toronto,CA,522,1287.75,road,chargers,31754.36,0
SO-05330,2025-10-31,C-TOR-012,Memphis DC,Memphis,US,Toronto,CA,458,1081.18,road,audio,29640.07,0
SO-06707,2025-10-31,C-CAI-008,Dubai DC,Dubai,AE,Cairo,EG,314,1208.24,sea,wearables,17112.11,0
SO-00532,2025-11-01,C-BER-016,Rotterdam DC,Rotterdam,NL,Berlin,DE,384,1162.36,road,chargers,32279.77,0
SO-00565,2025-11-01,C-BER-012,Rotterdam DC,Rotterdam,NL,Berlin,DE,348,1207.42,road,storage,41653.07,0
SO-01437,2025-11-01,C-MIL-005,Rotterdam DC,Rotterdam,NL,Milan,IT,65,218.66,road,storage,19531.82,0
SO-02044,2025-11-01,C-DUB-033,Rotterdam DC,Rotterdam,NL,Dublin,IE,345,924.96,air,cases,28845.34,1
SO-02179,2025-11-01,C-TOK-021,Shenzhen DC,Shenzhen,CN,Tokyo,JP,747,1550.82,sea,chargers,33965.83,0
SO-02569,2025-11-01,C-SEO-031,Shenzhen DC,Shenzhen,CN,Seoul,KR,463,1125.07,sea,storage,33672.33,0
SO-03476,2025-11-01,C-MAN-034,Shenzhen DC,Shenzhen,CN,Manila,PH,444,1234.26,sea,chargers,15704.84,0
SO-03828,2025-11-01,C-SYD-010,Rotterdam DC,Rotterdam,NL,Sydney,AU,366,841.63,air,audio,29436.23,0
SO-04471,2025-11-01,C-NEW-008,Memphis DC,Memphis,US,New York City,US,441,1431.39,road,cables,36893.97,0
SO-04924,2025-11-01,C-CHI-015,Memphis DC,Memphis,US,Chicago,US,474,1334.07,road,chargers,30552.76,0
SO-05041,2025-11-01,C-LOS-003,Memphis DC,Memphis,US,Los Angeles,US,701,1028.46,road,wearables,22628.15,0
SO-05061,2025-11-01,C-LOS-036,Memphis DC,Memphis,US,Los Angeles,US,569,1358.95,road,cases,31023.87,0
SO-06169,2025-11-01,C-SAN-017,Memphis DC,Memphis,US,Santiago,CL,344,806.64,sea,storage,36155.39,0
SO-06181,2025-11-01,C-SAN-035,Memphis DC,Memphis,US,Santiago,CL,524,1818.2,sea,wearables,21821.42,0
SO-06293,2025-11-01,C-BUE-011,Memphis DC,Memphis,US,Buenos Aires,AR,802,2206.63,sea,audio,17728.53,0
SO-06719,2025-11-01,C-CAI-039,Dubai DC,Dubai,AE,Cairo,EG,507,1111.8,sea,cables,31894.31,0
SO-06999,2025-11-01,C-LAG-035,Dubai DC,Dubai,AE,Lagos,NG,198,638.34,air,chargers,21863.83,0
SO-00015,2025-11-02,C-LON-008,Rotterdam DC,Rotterdam,NL,London,GB,869,1854.21,road,storage,28250.71,0
SO-00038,2025-11-02,C-LON-014,Rotterdam DC,Rotterdam,NL,London,GB,402,1347.49,road,cables,27005.49,0
SO-00177,2025-11-02,C-LON-033,Rotterdam DC,Rotterdam,NL,London,GB,369,1082.49,road,wearables,22764.32,0
SO-00509,2025-11-02,C-BER-003,Rotterdam DC,Rotterdam,NL,Berlin,DE,644,2077.2,road,audio,46707.76,0
SO-00661,2025-11-02,C-BER-005,Rotterdam DC,Rotterdam,NL,Berlin,DE,579,1802.98,road,wearables,23295.32,1
SO-02050,2025-11-02,C-DUB-029,Rotterdam DC,Rotterdam,NL,Dublin,IE,109,212.53,air,cases,16231.27,0
SO-02512,2025-11-02,C-SEO-024,Shenzhen DC,Shenzhen,CN,Seoul,KR,340,997.22,sea,wearables,32396.08,0
SO-03377,2025-11-02,C-MAN-039,Shenzhen DC,Shenzhen,CN,Manila,PH,697,1075.71,sea,storage,26782.23,0
SO-03945,2025-11-02,C-AUC-004,Rotterdam DC,Rotterdam,NL,Auckland,NZ,270,967.57,air,storage,22472.35,0
SO-04159,2025-11-02,C-NEW-025,Memphis DC,Memphis,US,New York City,US,318,1203.13,road,chargers,16252.16,0
SO-04198,2025-11-02,C-NEW-008,Memphis DC,Memphis,US,New York City,US,364,917.43,road,storage,24880.88,0
SO-04645,2025-11-02,C-CHI-027,Memphis DC,Memphis,US,Chicago,US,1352,2336.57,road,cables,26614.71,0
SO-04807,2025-11-02,C-CHI-012,Memphis DC,Memphis,US,Chicago,US,420,1342.65,road,audio,19498.28,0
SO-05839,2025-11-02,C-SAO-039,Memphis DC,Memphis,US,Sao Paulo,BR,438,1747.75,sea,audio,25542.99,1
SO-00887,2025-11-03,C-PAR-011,Rotterdam DC,Rotterdam,NL,Paris,FR,143,536.71,road,chargers,34658.99,0
SO-01398,2025-11-03,C-MIL-031,Rotterdam DC,Rotterdam,NL,Milan,IT,270,931.85,road,storage,24997.65,0
SO-01651,2025-11-03,C-WAR-020,Rotterdam DC,Rotterdam,NL,Warsaw,PL,394,1541.99,road,cables,23889.65,0
SO-01831,2025-11-03,C-STO-038,Rotterdam DC,Rotterdam,NL,Stockholm,SE,499,1337.59,road,cases,27003.1,0
SO-03138,2025-11-03,C-BAN-001,Shenzhen DC,Shenzhen,CN,Bangkok,TH,611,1817.58,sea,wearables,41103.41,0
SO-03176,2025-11-03,C-JAK-038,Shenzhen DC,Shenzhen,CN,Jakarta,ID,1267,2080.25,sea,cables,40991.69,0
SO-03351,2025-11-03,C-MAN-021,Shenzhen DC,Shenzhen,CN,Manila,PH,548,861.04,sea,storage,21467.32,0
SO-03362,2025-11-03,C-MAN-037,Shenzhen DC,Shenzhen,CN,Manila,PH,269,1070.67,sea,audio,16160.87,0
SO-04051,2025-11-03,C-NEW-037,Memphis DC,Memphis,US,New York City,US,265,993.26,road,cables,26133.09,0
SO-04278,2025-11-03,C-NEW-032,Memphis DC,Memphis,US,New York City,US,419,1266.42,road,storage,20487.71,0
SO-04559,2025-11-03,C-CHI-027,Memphis DC,Memphis,US,Chicago,US,282,723.88,road,wearables,33869.39,0
SO-04676,2025-11-03,C-CHI-021,Memphis DC,Memphis,US,Chicago,US,818,1372.03,road,storage,34843.13,0
SO-04879,2025-11-03,C-CHI-010,Memphis DC,Memphis,US,Chicago,US,382,1348.19,road,audio,18734.53,0
SO-05180,2025-11-03,C-LOS-020,Memphis DC,Memphis,US,Los Angeles,US,668,1112.77,road,audio,15749.5,0
SO-05552,2025-11-03,C-MEX-030,Memphis DC,Memphis,US,Mexico City,MX,414,1423.24,road,cables,23631.85,0
SO-05864,2025-11-03,C-SAO-021,Memphis DC,Memphis,US,Sao Paulo,BR,337,683.2,sea,audio,15112.74,0
SO-06263,2025-11-03,C-BUE-010,Memphis DC,Memphis,US,Buenos Aires,AR,871,1311.85,sea,wearables,24593.79,0
SO-06667,2025-11-03,C-CAI-023,Dubai DC,Dubai,AE,Cairo,EG,493,1192.9,sea,cases,17150.29,0
SO-06922,2025-11-03,C-NAI-033,Dubai DC,Dubai,AE,Nairobi,KE,111,241.75,air,chargers,19376.44,0
SO-07072,2025-11-03,C-JOH-031,Dubai DC,Dubai,AE,Johannesburg,ZA,512,1304.98,sea,cases,19820.0,0
SO-07266,2025-11-03,C-KAR-014,Dubai DC,Dubai,AE,Karachi,PK,315,1149.32,sea,storage,18714.89,0
SO-00256,2025-11-04,C-LON-025,Rotterdam DC,Rotterdam,NL,London,GB,873,1548.9,road,audio,23611.01,0
SO-00516,2025-11-04,C-BER-017,Rotterdam DC,Rotterdam,NL,Berlin,DE,309,1127.68,road,audio,16285.56,0
SO-00855,2025-11-04,C-PAR-019,Rotterdam DC,Rotterdam,NL,Paris,FR,321,883.22,road,chargers,15862.34,0
SO-01065,2025-11-04,C-PAR-021,Rotterdam DC,Rotterdam,NL,Paris,FR,683,2080.18,road,wearables,14539.58,0
SO-01227,2025-11-04,C-MAD-039,Rotterdam DC,Rotterdam,NL,Madrid,ES,512,1237.64,road,storage,33559.77,0
SO-01391,2025-11-04,C-MIL-006,Rotterdam DC,Rotterdam,NL,Milan,IT,742,2088.56,road,storage,22754.62,0
SO-01500,2025-11-04,C-MIL-034,Rotterdam DC,Rotterdam,NL,Milan,IT,350,1142.1,road,chargers,24695.87,0
SO-01628,2025-11-04,C-WAR-031,Rotterdam DC,Rotterdam,NL,Warsaw,PL,503,1210.85,road,chargers,28412.7,0
SO-01963,2025-11-04,C-DUB-036,Rotterdam DC,Rotterdam,NL,Dublin,IE,477,1082.43,air,cases,10692.75,0
SO-02620,2025-11-04,C-SEO-024,Shenzhen DC,Shenzhen,CN,Seoul,KR,214,573.3,sea,wearables,49864.91,0
SO-02919,2025-11-04,C-SIN-030,Shenzhen DC,Shenzhen,CN,Singapore,SG,39,116.18,sea,chargers,39835.09,0
SO-02961,2025-11-04,C-BAN-029,Shenzhen DC,Shenzhen,CN,Bangkok,TH,613,1379.96,sea,chargers,20706.09,0
SO-03384,2025-11-04,C-MAN-028,Shenzhen DC,Shenzhen,CN,Manila,PH,330,696.27,sea,audio,22685.22,0
SO-03929,2025-11-04,C-SYD-013,Rotterdam DC,Rotterdam,NL,Sydney,AU,309,590.99,air,storage,25976.33,0
SO-04001,2025-11-04,C-AUC-004,Rotterdam DC,Rotterdam,NL,Auckland,NZ,270,542.34,air,wearables,25204.95,0
SO-04794,2025-11-04,C-CHI-010,Memphis DC,Memphis,US,Chicago,US,126,242.36,road,wearables,23258.59,1
SO-04842,2025-11-04,C-CHI-015,Memphis DC,Memphis,US,Chicago,US,292,1100.72,road,storage,25022.02,0
SO-05134,2025-11-04,C-LOS-036,Memphis DC,Memphis,US,Los Angeles,US,601,966.41,road,storage,38003.88,0
SO-05177,2025-11-04,C-LOS-035,Memphis DC,Memphis,US,Los Angeles,US,366,1179.24,road,audio,15093.2,0
SO-05810,2025-11-04,C-SAO-025,Memphis DC,Memphis,US,Sao Paulo,BR,757,1904.63,sea,audio,18035.49,1
SO-05843,2025-11-04,C-SAO-025,Memphis DC,Memphis,US,Sao Paulo,BR,1006,1428.59,sea,storage,36292.77,0
SO-06139,2025-11-04,C-SAN-038,Memphis DC,Memphis,US,Santiago,CL,485,1597.0,sea,cases,24398.93,0
SO-06711,2025-11-04,C-CAI-010,Dubai DC,Dubai,AE,Cairo,EG,481,1640.66,sea,wearables,22280.81,0
SO-07222,2025-11-04,C-JOH-004,Dubai DC,Dubai,AE,Johannesburg,ZA,385,977.59,sea,storage,16217.61,0
SO-07257,2025-11-04,C-KAR-034,Dubai DC,Dubai,AE,Karachi,PK,598,1566.76,sea,cases,30956.09,0
SO-00393,2025-11-05,C-LON-001,Rotterdam DC,Rotterdam,NL,London,GB,273,575.55,road,chargers,38953.86,0
SO-01283,2025-11-05,C-MAD-013,Rotterdam DC,Rotterdam,NL,Madrid,ES,361,711.5,road,audio,23830.26,0
SO-01665,2025-11-05,C-WAR-018,Rotterdam DC,Rotterdam,NL,Warsaw,PL,762,1372.17,road,cables,23353.28,0
SO-01792,2025-11-05,C-STO-023,Rotterdam DC,Rotterdam,NL,Stockholm,SE,749,1242.52,road,storage,16985.09,1
SO-01917,2025-11-05,C-STO-013,Rotterdam DC,Rotterdam,NL,Stockholm,SE,773,1375.67,road,audio,19931.84,0
SO-01941,2025-11-05,C-DUB-017,Rotterdam DC,Rotterdam,NL,Dublin,IE,271,787.88,air,cables,12954.97,0
SO-02488,2025-11-05,C-SEO-019,Shenzhen DC,Shenzhen,CN,Seoul,KR,208,828.26,sea,chargers,19793.29,0
SO-02549,2025-11-05,C-SEO-033,Shenzhen DC,Shenzhen,CN,Seoul,KR,248,718.92,sea,cases,34637.76,0
SO-02929,2025-11-05,C-SIN-022,Shenzhen DC,Shenzhen,CN,Singapore,SG,356,1049.61,sea,storage,32251.07,0
SO-03480,2025-11-05,C-MAN-031,Shenzhen DC,Shenzhen,CN,Manila,PH,403,1098.51,sea,wearables,23584.94,0
SO-03515,2025-11-05,C-MUM-019,Shenzhen DC,Shenzhen,CN,Mumbai,IN,594,2062.47,sea,cables,22140.47,0
SO-04083,2025-11-05,C-NEW-027,Memphis DC,Memphis,US,New York City,US,369,1434.68,road,chargers,20848.84,0
SO-04303,2025-11-05,C-NEW-035,Memphis DC,Memphis,US,New York City,US,342,1329.35,road,storage,25525.37,1
SO-04399,2025-11-05,C-NEW-011,Memphis DC,Memphis,US,New York City,US,482,1595.19,road,chargers,36412.32,0
SO-04456,2025-11-05,C-NEW-030,Memphis DC,Memphis,US,New York City,US,314,770.47,road,wearables,16451.74,0
SO-04664,2025-11-05,C-CHI-001,Memphis DC,Memphis,US,Chicago,US,733,1640.41,road,cables,28278.35,0
SO-04710,2025-11-05,C-CHI-024,Memphis DC,Memphis,US,Chicago,US,359,1416.83,road,chargers,29447.83,0
SO-04993,2025-11-05,C-LOS-012,Memphis DC,Memphis,US,Los Angeles,US,326,850.6,road,cables,34805.56,0
SO-05304,2025-11-05,C-LOS-024,Memphis DC,Memphis,US,Los Angeles,US,419,1440.34,road,cases,10057.04,0
SO-05401,2025-11-05,C-TOR-024,Memphis DC,Memphis,US,Toronto,CA,596,966.49,road,storage,23911.34,1
SO-05410,2025-11-05,C-TOR-010,Memphis DC,Memphis,US,Toronto,CA,594,2028.15,road,chargers,23072.12,0
SO-05534,2025-11-05,C-TOR-036,Memphis DC,Memphis,US,Toronto,CA,376,1105.25,road,chargers,25966.85,0
SO-06004,2025-11-05,C-BOG-010,Memphis DC,Memphis,US,Bogota,CO,215,641.86,air,cases,14957.87,0
SO-06188,2025-11-05,C-SAN-020,Memphis DC,Memphis,US,Santiago,CL,783,1399.72,sea,wearables,23903.79,0
SO-06457,2025-11-05,C-RIY-008,Dubai DC,Dubai,AE,Riyadh,SA,417,1444.42,road,cables,22427.69,0
SO-06794,2025-11-05,C-NAI-035,Dubai DC,Dubai,AE,Nairobi,KE,168,496.45,air,wearables,27876.96,0
SO-07118,2025-11-05,C-JOH-020,Dubai DC,Dubai,AE,Johannesburg,ZA,554,1396.88,sea,wearables,19257.73,0
SO-00861,2025-11-06,C-PAR-008,Rotterdam DC,Rotterdam,NL,Paris,FR,192,713.35,road,storage,21109.88,0
SO-01083,2025-11-06,C-PAR-008,Rotterdam DC,Rotterdam,NL,Paris,FR,533,1070.87,road,wearables,42449.5,0
SO-01467,2025-11-06,C-MIL-029,Rotterdam DC,Rotterdam,NL,Milan,IT,511,1007.2,road,cables,25976.04,0
SO-02160,2025-11-06,C-TOK-025,Shenzhen DC,Shenzhen,CN,Tokyo,JP,577,840.43,sea,audio,27982.53,0
SO-02392,2025-11-06,C-SEO-033,Shenzhen DC,Shenzhen,CN,Seoul,KR,324,1067.53,sea,audio,39763.8,0
SO-02532,2025-11-06,C-SEO-016,Shenzhen DC,Shenzhen,CN,Seoul,KR,466,743.17,sea,cables,16159.43,0
SO-02547,2025-11-06,C-SEO-037,Shenzhen DC,Shenzhen,CN,Seoul,KR,339,1237.99,sea,cases,37934.78,0
SO-04084,2025-11-06,C-NEW-030,Memphis DC,Memphis,US,New York City,US,264,597.55,road,chargers,18016.3,0
SO-04154,2025-11-06,C-NEW-025,Memphis DC,Memphis,US,New York City,US,206,647.64,road,cases,26328.94,0
SO-04224,2025-11-06,C-NEW-011,Memphis DC,Memphis,US,New York City,US,649,1750.92,road,audio,30771.11,0
SO-04547,2025-11-06,C-CHI-014,Memphis DC,Memphis,US,Chicago,US,815,1719.38,road,audio,30963.87,0
SO-04896,2025-11-06,C-CHI-036,Memphis DC,Memphis,US,Chicago,US,399,894.39,road,audio,35167.38,0
SO-05127,2025-11-06,C-LOS-027,Memphis DC,Memphis,US,Los Angeles,US,233,706.72,road,cases,29499.11,0
SO-05312,2025-11-06,C-TOR-039,Memphis DC,Memphis,US,Toronto,CA,375,1410.23,road,cases,28287.71,0
SO-05658,2025-11-06,C-MEX-021,Memphis DC,Memphis,US,Mexico City,MX,945,2228.44,road,cables,33324.99,0
SO-05765,2025-11-06,C-MEX-017,Memphis DC,Memphis,US,Mexico City,MX,490,1653.67,road,audio,24621.54,0
SO-06289,2025-11-06,C-BUE-025,Memphis DC,Memphis,US,Buenos Aires,AR,444,1747.21,sea,chargers,30904.1,0
SO-00476,2025-11-07,C-BER-016,Rotterdam DC,Rotterdam,NL,Berlin,DE,293,696.71,road,cables,14224.32,0
SO-00629,2025-11-07,C-BER-033,Rotterdam DC,Rotterdam,NL,Berlin,DE,1017,2059.1,road,chargers,21903.7,0
SO-00654,2025-11-07,C-BER-036,Rotterdam DC,Rotterdam,NL,Berlin,DE,1373,2181.46,road,cables,20028.52,0
SO-01808,2025-11-07,C-STO-035,Rotterdam DC,Rotterdam,NL,Stockholm,SE,428,1526.37,road,wearables,19793.34,0
SO-02130,2025-11-07,C-TOK-031,Shenzhen DC,Shenzhen,CN,Tokyo,JP,331,714.75,sea,cases,38173.16,0
SO-02159,2025-11-07,C-TOK-024,Shenzhen DC,Shenzhen,CN,Tokyo,JP,386,1214.97,sea,chargers,26671.25,0
SO-03042,2025-11-07,C-BAN-036,Shenzhen DC,Shenzhen,CN,Bangkok,TH,282,971.76,sea,cables,13312.37,0
SO-03140,2025-11-07,C-BAN-013,Shenzhen DC,Shenzhen,CN,Bangkok,TH,338,1227.33,sea,storage,21327.27,0
SO-03256,2025-11-07,C-JAK-003,Shenzhen DC,Shenzhen,CN,Jakarta,ID,295,751.03,sea,storage,21401.11,0
SO-05272,2025-11-07,C-LOS-034,Memphis DC,Memphis,US,Los Angeles,US,663,1782.87,road,wearables,12471.42,0
SO-05814,2025-11-07,C-SAO-036,Memphis DC,Memphis,US,Sao Paulo,BR,723,1445.6,sea,cables,30818.74,0
SO-05969,2025-11-07,C-BOG-025,Memphis DC,Memphis,US,Bogota,CO,362,885.01,air,cables,38261.26,0
SO-06055,2025-11-07,C-BOG-010,Memphis DC,Memphis,US,Bogota,CO,248,655.09,air,audio,33155.84,0
SO-06253,2025-11-07,C-BUE-023,Memphis DC,Memphis,US,Buenos Aires,AR,946,1401.9,sea,cases,21131.4,0
SO-06257,2025-11-07,C-BUE-032,Memphis DC,Memphis,US,Buenos Aires,AR,97,373.23,sea,storage,14136.16,1
SO-06899,2025-11-07,C-NAI-031,Dubai DC,Dubai,AE,Nairobi,KE,344,514.41,air,wearables,24296.2,0
SO-07040,2025-11-07,C-LAG-020,Dubai DC,Dubai,AE,Lagos,NG,338,692.61,air,storage,17053.31,0
SO-00257,2025-11-08,C-LON-027,Rotterdam DC,Rotterdam,NL,London,GB,276,730.68,road,storage,21931.5,0
SO-01173,2025-11-08,C-MAD-002,Rotterdam DC,Rotterdam,NL,Madrid,ES,304,947.66,road,storage,28346.83,0
SO-01258,2025-11-08,C-MAD-010,Rotterdam DC,Rotterdam,NL,Madrid,ES,220,864.06,road,wearables,25870.62,0
SO-01593,2025-11-08,C-MIL-016,Rotterdam DC,Rotterdam,NL,Milan,IT,264,939.52,road,cables,40919.62,0
SO-01678,2025-11-08,C-WAR-003,Rotterdam DC,Rotterdam,NL,Warsaw,PL,324,1102.92,road,chargers,24258.06,0
SO-01975,2025-11-08,C-DUB-013,Rotterdam DC,Rotterdam,NL,Dublin,IE,215,755.42,air,wearables,18320.91,0
SO-02280,2025-11-08,C-TOK-004,Shenzhen DC,Shenzhen,CN,Tokyo,JP,746,1307.13,sea,storage,35600.75,0
SO-02281,2025-11-08,C-TOK-037,Shenzhen DC,Shenzhen,CN,Tokyo,JP,422,646.38,sea,cables,36012.78,0
SO-02324,2025-11-08,C-TOK-011,Shenzhen DC,Shenzhen,CN,Tokyo,JP,317,981.8,sea,cables,34411.07,0
SO-02578,2025-11-08,C-SEO-025,Shenzhen DC,Shenzhen,CN,Seoul,KR,207,661.74,sea,cables,14477.96,0
SO-02707,2025-11-08,C-SIN-014,Shenzhen DC,Shenzhen,CN,Singapore,SG,371,947.01,sea,audio,26358.39,0
SO-02747,2025-11-08,C-SIN-036,Shenzhen DC,Shenzhen,CN,Singapore,SG,334,1221.56,sea,storage,37442.32,0
SO-02795,2025-11-08,C-SIN-015,Shenzhen DC,Shenzhen,CN,Singapore,SG,392,897.88,sea,chargers,35675.46,0
SO-03148,2025-11-08,C-BAN-014,Shenzhen DC,Shenzhen,CN,Bangkok,TH,407,1612.29,sea,storage,34555.25,0
SO-03235,2025-11-08,C-JAK-034,Shenzhen DC,Shenzhen,CN,Jakarta,ID,688,1377.89,sea,chargers,18579.07,0
SO-03924,2025-11-08,C-SYD-021,Rotterdam DC,Rotterdam,NL,Sydney,AU,512,1135.46,air,storage,28788.85,0
SO-03984,2025-11-08,C-AUC-020,Rotterdam DC,Rotterdam,NL,Auckland,NZ,291,817.26,air,cases,25437.67,0
SO-04100,2025-11-08,C-NEW-018,Memphis DC,Memphis,US,New York City,US,352,1061.26,road,storage,34640.33,0
SO-05230,2025-11-08,C-LOS-034,Memphis DC,Memphis,US,Los Angeles,US,418,843.48,road,audio,10960.9,0
SO-05586,2025-11-08,C-MEX-013,Memphis DC,Memphis,US,Mexico City,MX,387,1525.44,road,chargers,14090.24,0
SO-05916,2025-11-08,C-SAO-020,Memphis DC,Memphis,US,Sao Paulo,BR,371,1402.56,sea,cases,38977.1,0
SO-06201,2025-11-08,C-SAN-007,Memphis DC,Memphis,US,Santiago,CL,232,848.5,sea,audio,25392.21,0
SO-06254,2025-11-08,C-BUE-015,Memphis DC,Memphis,US,Buenos Aires,AR,549,824.84,sea,wearables,25193.48,0
SO-06780,2025-11-08,C-CAI-009,Dubai DC,Dubai,AE,Cairo,EG,320,1270.63,sea,audio,22399.0,0
SO-00700,2025-11-09,C-BER-022,Rotterdam DC,Rotterdam,NL,Berlin,DE,348,1343.71,road,storage,22027.23,0
SO-00808,2025-11-09,C-PAR-002,Rotterdam DC,Rotterdam,NL,Paris,FR,295,818.9,road,cases,32204.97,0
SO-00971,2025-11-09,C-PAR-026,Rotterdam DC,Rotterdam,NL,Paris,FR,459,1549.38,road,wearables,24595.92,0
SO-01357,2025-11-09,C-MAD-019,Rotterdam DC,Rotterdam,NL,Madrid,ES,480,1815.1,road,storage,29658.31,0
SO-01700,2025-11-09,C-WAR-035,Rotterdam DC,Rotterdam,NL,Warsaw,PL,663,1465.29,road,cases,26742.65,0
SO-01931,2025-11-09,C-STO-002,Rotterdam DC,Rotterdam,NL,Stockholm,SE,579,978.22,road,wearables,35923.19,0
SO-01987,2025-11-09,C-DUB-038,Rotterdam DC,Rotterdam,NL,Dublin,IE,413,887.13,air,wearables,15480.39,0
SO-01992,2025-11-09,C-DUB-002,Rotterdam DC,Rotterdam,NL,Dublin,IE,130,506.76,air,chargers,12555.77,0
SO-02243,2025-11-09,C-TOK-010,Shenzhen DC,Shenzhen,CN,Tokyo,JP,220,730.98,sea,cases,37541.52,1
SO-02469,2025-11-09,C-SEO-031,Shenzhen DC,Shenzhen,CN,Seoul,KR,146,573.91,sea,wearables,25247.21,0
SO-02770,2025-11-09,C-SIN-012,Shenzhen DC,Shenzhen,CN,Singapore,SG,419,1052.81,sea,audio,33896.56,0
SO-03231,2025-11-09,C-JAK-007,Shenzhen DC,Shenzhen,CN,Jakarta,ID,592,948.5,sea,audio,30815.53,0
SO-03369,2025-11-09,C-MAN-034,Shenzhen DC,Shenzhen,CN,Manila,PH,239,817.75,sea,audio,12549.36,0
SO-03955,2025-11-09,C-AUC-016,Rotterdam DC,Rotterdam,NL,Auckland,NZ,171,559.32,air,cases,30851.32,0
SO-04073,2025-11-09,C-NEW-013,Memphis DC,Memphis,US,New York City,US,313,870.2,road,audio,43103.44,1
SO-04265,2025-11-09,C-NEW-027,Memphis DC,Memphis,US,New York City,US,370,1345.77,road,wearables,32998.0,0
SO-06228,2025-11-09,C-BUE-002,Memphis DC,Memphis,US,Buenos Aires,AR,497,1416.27,sea,wearables,29650.6,0
SO-06487,2025-11-09,C-RIY-011,Dubai DC,Dubai,AE,Riyadh,SA,453,1275.74,road,storage,29781.93,0
SO-06691,2025-11-09,C-CAI-030,Dubai DC,Dubai,AE,Cairo,EG,483,1151.3,sea,audio,13249.9,0
SO-07297,2025-11-09,C-KAR-007,Dubai DC,Dubai,AE,Karachi,PK,278,641.69,sea,cases,16776.39,0
SO-07386,2025-11-09,C-KAR-022,Dubai DC,Dubai,AE,Karachi,PK,382,926.16,sea,wearables,20644.2,0
SO-00165,2025-11-10,C-LON-006,Rotterdam DC,Rotterdam,NL,London,GB,302,1186.14,road,cases,23588.21,0
SO-00364,2025-11-10,C-LON-006,Rotterdam DC,Rotterdam,NL,London,GB,576,1274.45,road,cables,22921.39,0
SO-00429,2025-11-10,C-BER-033,Rotterdam DC,Rotterdam,NL,Berlin,DE,1136,2105.26,road,wearables,26371.86,0
SO-00763,2025-11-10,C-PAR-033,Rotterdam DC,Rotterdam,NL,Paris,FR,392,1358.34,road,cables,30087.13,0
SO-00931,2025-11-10,C-PAR-003,Rotterdam DC,Rotterdam,NL,Paris,FR,706,1333.92,road,chargers,18765.51,0
SO-01157,2025-11-10,C-MAD-022,Rotterdam DC,Rotterdam,NL,Madrid,ES,245,847.96,road,cables,44226.94,0
SO-02999,2025-11-10,C-BAN-037,Shenzhen DC,Shenzhen,CN,Bangkok,TH,369,878.47,sea,cables,19154.14,0
SO-03952,2025-11-10,C-AUC-038,Rotterdam DC,Rotterdam,NL,Auckland,NZ,497,969.32,air,cases,17728.14,0
SO-04212,2025-11-10,C-NEW-022,Memphis DC,Memphis,US,New York City,US,642,1198.85,road,audio,21385.73,0
SO-04378,2025-11-10,C-NEW-012,Memphis DC,Memphis,US,New York City,US,198,637.62,road,chargers,23677.74,0
SO-04716,2025-11-10,C-CHI-006,Memphis DC,Memphis,US,Chicago,US,563,2199.07,road,audio,28526.7,0
SO-05240,2025-11-10,C-LOS-018,Memphis DC,Memphis,US,Los Angeles,US,147,475.83,road,wearables,32528.76,0
SO-05452,2025-11-10,C-TOR-014,Memphis DC,Memphis,US,Toronto,CA,661,1283.65,road,cables,34638.14,0
SO-05650,2025-11-10,C-MEX-012,Memphis DC,Memphis,US,Mexico City,MX,564,1479.47,road,audio,18576.41,0
SO-05713,2025-11-10,C-MEX-027,Memphis DC,Memphis,US,Mexico City,MX,605,1931.77,road,storage,22316.55,0
SO-05794,2025-11-10,C-SAO-031,Memphis DC,Memphis,US,Sao Paulo,BR,728,1193.58,sea,cases,17376.17,0
SO-06021,2025-11-10,C-BOG-008,Memphis DC,Memphis,US,Bogota,CO,118,429.03,air,wearables,27275.5,0
SO-06086,2025-11-10,C-BOG-008,Memphis DC,Memphis,US,Bogota,CO,331,873.91,air,wearables,23453.18,0
SO-06172,2025-11-10,C-SAN-021,Memphis DC,Memphis,US,Santiago,CL,480,1097.13,sea,audio,21061.27,0
SO-06539,2025-11-10,C-RIY-036,Dubai DC,Dubai,AE,Riyadh,SA,300,1066.82,road,storage,17347.99,0
SO-06730,2025-11-10,C-CAI-028,Dubai DC,Dubai,AE,Cairo,EG,468,897.05,sea,cables,29112.73,0
SO-06959,2025-11-10,C-LAG-022,Dubai DC,Dubai,AE,Lagos,NG,383,811.41,air,chargers,19544.3,0
SO-00252,2025-11-11,C-LON-033,Rotterdam DC,Rotterdam,NL,London,GB,322,1261.67,road,cases,14873.43,0
SO-00626,2025-11-11,C-BER-020,Rotterdam DC,Rotterdam,NL,Berlin,DE,360,1346.87,road,storage,27812.15,0
SO-00778,2025-11-11,C-PAR-018,Rotterdam DC,Rotterdam,NL,Paris,FR,142,368.71,road,cables,18533.22,0
SO-00840,2025-11-11,C-PAR-001,Rotterdam DC,Rotterdam,NL,Paris,FR,372,1281.13,road,wearables,20115.63,0
SO-01079,2025-11-11,C-PAR-038,Rotterdam DC,Rotterdam,NL,Paris,FR,383,1299.23,road,cases,21514.24,0
SO-01122,2025-11-11,C-MAD-026,Rotterdam DC,Rotterdam,NL,Madrid,ES,1084,1754.27,road,cases,21897.04,0
SO-01930,2025-11-11,C-STO-010,Rotterdam DC,Rotterdam,NL,Stockholm,SE,346,822.81,road,audio,24007.91,0
SO-02246,2025-11-11,C-TOK-036,Shenzhen DC,Shenzhen,CN,Tokyo,JP,453,1205.45,sea,chargers,22384.86,0
SO-02345,2025-11-11,C-TOK-028,Shenzhen DC,Shenzhen,CN,Tokyo,JP,241,940.4,sea,cables,29988.88,0
SO-03085,2025-11-11,C-BAN-018,Shenzhen DC,Shenzhen,CN,Bangkok,TH,261,955.68,sea,cases,18180.96,0
SO-05439,2025-11-11,C-TOR-035,Memphis DC,Memphis,US,Toronto,CA,827,1620.89,road,audio,17600.75,0
SO-05465,2025-11-11,C-TOR-021,Memphis DC,Memphis,US,Toronto,CA,243,855.62,road,audio,25942.14,0
SO-06676,2025-11-11,C-CAI-012,Dubai DC,Dubai,AE,Cairo,EG,420,1457.16,sea,chargers,29378.47,0
SO-06952,2025-11-11,C-LAG-004,Dubai DC,Dubai,AE,Lagos,NG,171,431.17,air,wearables,17272.73,0
SO-07046,2025-11-11,C-LAG-025,Dubai DC,Dubai,AE,Lagos,NG,328,1123.42,air,audio,17307.91,1
SO-00653,2025-11-12,C-BER-025,Rotterdam DC,Rotterdam,NL,Berlin,DE,367,1428.63,road,wearables,24411.99,0
SO-00712,2025-11-12,C-BER-032,Rotterdam DC,Rotterdam,NL,Berlin,DE,445,1534.87,road,wearables,32981.5,0
SO-01199,2025-11-12,C-MAD-010,Rotterdam DC,Rotterdam,NL,Madrid,ES,539,1943.7,road,audio,28312.32,0
SO-01336,2025-11-12,C-MAD-025,Rotterdam DC,Rotterdam,NL,Madrid,ES,342,1226.32,road,cables,37607.61,0
SO-01447,2025-11-12,C-MIL-026,Rotterdam DC,Rotterdam,NL,Milan,IT,508,1446.49,road,storage,45970.06,0
SO-01515,2025-11-12,C-MIL-021,Rotterdam DC,Rotterdam,NL,Milan,IT,470,1592.96,road,chargers,43930.03,0
SO-02093,2025-11-12,C-TOK-039,Shenzhen DC,Shenzhen,CN,Tokyo,JP,621,951.58,sea,audio,13399.49,0
SO-02199,2025-11-12,C-TOK-004,Shenzhen DC,Shenzhen,CN,Tokyo,JP,587,927.68,sea,cases,38455.07,0
SO-02257,2025-11-12,C-TOK-002,Shenzhen DC,Shenzhen,CN,Tokyo,JP,389,815.89,sea,chargers,26503.37,0
SO-02653,2025-11-12,C-SEO-032,Shenzhen DC,Shenzhen,CN,Seoul,KR,758,1850.22,sea,cases,29261.39,1
SO-06232,2025-11-12,C-BUE-023,Memphis DC,Memphis,US,Buenos Aires,AR,624,1428.2,sea,chargers,35168.97,0
SO-06279,2025-11-12,C-BUE-012,Memphis DC,Memphis,US,Buenos Aires,AR,503,1012.3,sea,storage,13863.27,0
SO-06760,2025-11-12,C-CAI-003,Dubai DC,Dubai,AE,Cairo,EG,305,1126.5,sea,wearables,20875.39,0
SO-07157,2025-11-12,C-JOH-017,Dubai DC,Dubai,AE,Johannesburg,ZA,1043,2013.61,sea,storage,24522.96,0
SO-07245,2025-11-12,C-KAR-021,Dubai DC,Dubai,AE,Karachi,PK,244,874.65,sea,chargers,7805.24,0
SO-00063,2025-11-13,C-LON-005,Rotterdam DC,Rotterdam,NL,London,GB,387,768.23,road,cases,25623.23,0
SO-00105,2025-11-13,C-LON-038,Rotterdam DC,Rotterdam,NL,London,GB,344,637.07,road,storage,18355.14,0
SO-00217,2025-11-13,C-LON-020,Rotterdam DC,Rotterdam,NL,London,GB,55,208.15,road,wearables,15876.05,0
SO-00756,2025-11-13,C-PAR-039,Rotterdam DC,Rotterdam,NL,Paris,FR,314,921.41,road,cables,31527.63,0
SO-00913,2025-11-13,C-PAR-009,Rotterdam DC,Rotterdam,NL,Paris,FR,808,1464.19,road,storage,30708.09,0
SO-01102,2025-11-13,C-PAR-024,Rotterdam DC,Rotterdam,NL,Paris,FR,681,1307.04,road,cables,24921.24,0
SO-01298,2025-11-13,C-MAD-014,Rotterdam DC,Rotterdam,NL,Madrid,ES,464,1630.71,road,storage,28398.02,0
SO-01313,2025-11-13,C-MAD-002,Rotterdam DC,Rotterdam,NL,Madrid,ES,709,1891.36,road,storage,33302.36,0
SO-01867,2025-11-13,C-STO-002,Rotterdam DC,Rotterdam,NL,Stockholm,SE,701,1366.14,road,cables,28985.84,0
SO-02290,2025-11-13,C-TOK-026,Shenzhen DC,Shenzhen,CN,Tokyo,JP,260,780.55,sea,cables,32753.05,0
SO-02574,2025-11-13,C-SEO-038,Shenzhen DC,Shenzhen,CN,Seoul,KR,363,1242.25,sea,cases,28431.23,0
SO-02788,2025-11-13,C-SIN-011,Shenzhen DC,Shenzhen,CN,Singapore,SG,187,713.82,sea,audio,36611.43,0
SO-03454,2025-11-13,C-MAN-038,Shenzhen DC,Shenzhen,CN,Manila,PH,170,611.99,sea,storage,7194.65,0
SO-03724,2025-11-13,C-MUM-005,Shenzhen DC,Shenzhen,CN,Mumbai,IN,266,593.57,sea,cases,14394.77,0
SO-04020,2025-11-13,C-AUC-028,Rotterdam DC,Rotterdam,NL,Auckland,NZ,276,842.72,air,audio,37727.37,0
SO-04145,2025-11-13,C-NEW-002,Memphis DC,Memphis,US,New York City,US,738,1809.5,road,storage,38826.52,0
SO-04986,2025-11-13,C-LOS-036,Memphis DC,Memphis,US,Los Angeles,US,512,1139.23,road,cases,35288.38,0
SO-05100,2025-11-13,C-LOS-022,Memphis DC,Memphis,US,Los Angeles,US,650,1571.86,road,storage,21270.52,0
SO-05167,2025-11-13,C-LOS-011,Memphis DC,Memphis,US,Los Angeles,US,318,1138.45,road,storage,5848.96,0
SO-05199,2025-11-13,C-LOS-011,Memphis DC,Memphis,US,Los Angeles,US,290,1116.35,road,cables,18461.06,0
SO-05580,2025-11-13,C-MEX-011,Memphis DC,Memphis,US,Mexico City,MX,682,1659.47,road,audio,23718.2,0
SO-06007,2025-11-13,C-BOG-013,Memphis DC,Memphis,US,Bogota,CO,266,684.62,air,cases,15198.09,0
SO-06161,2025-11-13,C-SAN-018,Memphis DC,Memphis,US,Santiago,CL,239,685.99,sea,wearables,28466.92,0
SO-07375,2025-11-13,C-KAR-005,Dubai DC,Dubai,AE,Karachi,PK,190,747.34,sea,cables,18527.44,0
SO-00432,2025-11-14,C-BER-032,Rotterdam DC,Rotterdam,NL,Berlin,DE,275,1008.47,road,cases,32825.97,0
SO-00522,2025-11-14,C-BER-002,Rotterdam DC,Rotterdam,NL,Berlin,DE,371,1326.66,road,storage,42058.35,1
SO-00525,2025-11-14,C-BER-039,Rotterdam DC,Rotterdam,NL,Berlin,DE,754,1304.84,road,cables,28123.41,0
SO-00793,2025-11-14,C-PAR-005,Rotterdam DC,Rotterdam,NL,Paris,FR,341,891.06,road,chargers,30680.88,0
SO-00975,2025-11-14,C-PAR-023,Rotterdam DC,Rotterdam,NL,Paris,FR,543,830.57,road,audio,38706.02,0
SO-01353,2025-11-14,C-MAD-024,Rotterdam DC,Rotterdam,NL,Madrid,ES,466,819.48,road,audio,41063.63,0
SO-01949,2025-11-14,C-DUB-010,Rotterdam DC,Rotterdam,NL,Dublin,IE,143,538.5,air,audio,20619.89,0
SO-02132,2025-11-14,C-TOK-037,Shenzhen DC,Shenzhen,CN,Tokyo,JP,672,1077.57,sea,cases,32196.78,1
SO-04497,2025-11-14,C-NEW-010,Memphis DC,Memphis,US,New York City,US,788,1881.03,road,chargers,42684.67,0
SO-05030,2025-11-14,C-LOS-037,Memphis DC,Memphis,US,Los Angeles,US,273,641.53,road,chargers,19089.24,0
SO-05449,2025-11-14,C-TOR-001,Memphis DC,Memphis,US,Toronto,CA,41,157.0,road,cables,32959.57,0
SO-05557,2025-11-14,C-MEX-005,Memphis DC,Memphis,US,Mexico City,MX,1188,1788.19,road,wearables,20854.99,0
SO-05774,2025-11-14,C-SAO-025,Memphis DC,Memphis,US,Sao Paulo,BR,511,995.97,sea,cables,26596.26,0
SO-06199,2025-11-14,C-SAN-012,Memphis DC,Memphis,US,Santiago,CL,561,1570.09,sea,audio,26183.64,0
SO-06472,2025-11-14,C-RIY-032,Dubai DC,Dubai,AE,Riyadh,SA,340,1205.95,road,storage,34169.22,0
SO-06509,2025-11-14,C-RIY-025,Dubai DC,Dubai,AE,Riyadh,SA,782,1651.97,road,wearables,2638.12,0
SO-07268,2025-11-14,C-KAR-028,Dubai DC,Dubai,AE,Karachi,PK,176,505.07,sea,chargers,12986.81,0
SO-00129,2025-11-15,C-LON-006,Rotterdam DC,Rotterdam,NL,London,GB,498,1956.76,road,cases,28850.38,0
SO-00380,2025-11-15,C-LON-007,Rotterdam DC,Rotterdam,NL,London,GB,196,618.61,road,chargers,18189.59,0
SO-00640,2025-11-15,C-BER-029,Rotterdam DC,Rotterdam,NL,Berlin,DE,245,903.3,road,cases,40492.16,0
SO-00693,2025-11-15,C-BER-010,Rotterdam DC,Rotterdam,NL,Berlin,DE,1026,1882.85,road,cables,12640.26,0
SO-01358,2025-11-15,C-MAD-018,Rotterdam DC,Rotterdam,NL,Madrid,ES,426,1645.23,road,storage,42236.47,0
SO-01526,2025-11-15,C-MIL-035,Rotterdam DC,Rotterdam,NL,Milan,IT,301,948.66,road,cases,28734.11,0
SO-01818,2025-11-15,C-STO-016,Rotterdam DC,Rotterdam,NL,Stockholm,SE,377,1174.19,road,wearables,23225.5,0
SO-02124,2025-11-15,C-TOK-017,Shenzhen DC,Shenzhen,CN,Tokyo,JP,349,741.08,sea,storage,42327.1,0
SO-02326,2025-11-15,C-TOK-022,Shenzhen DC,Shenzhen,CN,Tokyo,JP,174,565.02,sea,storage,43253.18,0
SO-02561,2025-11-15,C-SEO-020,Shenzhen DC,Shenzhen,CN,Seoul,KR,410,714.37,sea,cables,21768.33,0
SO-03204,2025-11-15,C-JAK-001,Shenzhen DC,Shenzhen,CN,Jakarta,ID,670,2150.57,sea,audio,18794.27,1
SO-03354,2025-11-15,C-MAN-010,Shenzhen DC,Shenzhen,CN,Manila,PH,274,499.03,sea,chargers,33911.09,0
SO-03681,2025-11-15,C-MUM-038,Shenzhen DC,Shenzhen,CN,Mumbai,IN,273,508.93,sea,storage,23413.25,1
SO-06374,2025-11-15,C-RIY-009,Dubai DC,Dubai,AE,Riyadh,SA,1008,1762.19,road,storage,30381.08,0
SO-00406,2025-11-16,C-LON-003,Rotterdam DC,Rotterdam,NL,London,GB,329,934.97,road,cases,18225.42,1
SO-00613,2025-11-16,C-BER-023,Rotterdam DC,Rotterdam,NL,Berlin,DE,267,995.1,road,wearables,13269.25,1
SO-01475,2025-11-16,C-MIL-038,Rotterdam DC,Rotterdam,NL,Milan,IT,917,1389.07,road,wearables,16641.95,0
SO-01576,2025-11-16,C-MIL-039,Rotterdam DC,Rotterdam,NL,Milan,IT,350,969.49,road,wearables,12603.1,0
SO-02429,2025-11-16,C-SEO-034,Shenzhen DC,Shenzhen,CN,Seoul,KR,468,1229.01,sea,audio,26597.32,0
SO-02518,2025-11-16,C-SEO-016,Shenzhen DC,Shenzhen,CN,Seoul,KR,284,489.49,sea,chargers,41566.46,0
SO-02551,2025-11-16,C-SEO-018,Shenzhen DC,Shenzhen,CN,Seoul,KR,384,808.95,sea,wearables,30829.67,0
SO-02811,2025-11-16,C-SIN-004,Shenzhen DC,Shenzhen,CN,Singapore,SG,108,399.81,sea,chargers,41734.44,0
SO-03195,2025-11-16,C-JAK-035,Shenzhen DC,Shenzhen,CN,Jakarta,ID,450,1762.92,sea,storage,21852.22,0
SO-03268,2025-11-16,C-JAK-007,Shenzhen DC,Shenzhen,CN,Jakarta,ID,563,1044.12,sea,wearables,22391.87,0
SO-03290,2025-11-16,C-JAK-004,Shenzhen DC,Shenzhen,CN,Jakarta,ID,416,1329.93,sea,audio,37529.99,0
SO-03702,2025-11-16,C-MUM-018,Shenzhen DC,Shenzhen,CN,Mumbai,IN,694,1475.99,sea,cables,18472.67,0
SO-04124,2025-11-16,C-NEW-019,Memphis DC,Memphis,US,New York City,US,617,911.42,road,storage,22167.87,0
SO-04467,2025-11-16,C-NEW-012,Memphis DC,Memphis,US,New York City,US,231,631.08,road,audio,31932.98,0
SO-05286,2025-11-16,C-LOS-032,Memphis DC,Memphis,US,Los Angeles,US,578,1117.65,road,audio,27319.95,0
SO-05340,2025-11-16,C-TOR-025,Memphis DC,Memphis,US,Toronto,CA,384,1462.91,road,storage,35115.17,0
SO-06115,2025-11-16,C-SAN-019,Memphis DC,Memphis,US,Santiago,CL,588,1734.31,sea,cables,26789.77,0
SO-06252,2025-11-16,C-BUE-033,Memphis DC,Memphis,US,Buenos Aires,AR,308,712.9,sea,storage,8676.15,0
SO-06428,2025-11-16,C-RIY-031,Dubai DC,Dubai,AE,Riyadh,SA,480,1594.2,road,cases,26062.19,0
SO-06987,2025-11-16,C-LAG-001,Dubai DC,Dubai,AE,Lagos,NG,357,1038.49,air,storage,16824.0,0
SO-07143,2025-11-16,C-JOH-035,Dubai DC,Dubai,AE,Johannesburg,ZA,558,1307.24,sea,cables,15549.15,0
SO-00480,2025-11-17,C-BER-002,Rotterdam DC,Rotterdam,NL,Berlin,DE,328,939.0,road,wearables,18092.13,0
SO-01011,2025-11-17,C-PAR-014,Rotterdam DC,Rotterdam,NL,Paris,FR,401,1576.48,road,wearables,25164.59,0
SO-01317,2025-11-17,C-MAD-010,Rotterdam DC,Rotterdam,NL,Madrid,ES,284,765.8,road,cables,27297.84,0
SO-02175,2025-11-17,C-TOK-014,Shenzhen DC,Shenzhen,CN,Tokyo,JP,441,1156.64,sea,wearables,28817.44,0
SO-02221,2025-11-17,C-TOK-001,Shenzhen DC,Shenzhen,CN,Tokyo,JP,954,1382.88,sea,chargers,41664.67,0
SO-02232,2025-11-17,C-TOK-028,Shenzhen DC,Shenzhen,CN,Tokyo,JP,379,925.43,sea,storage,26469.54,0
SO-02437,2025-11-17,C-SEO-032,Shenzhen DC,Shenzhen,CN,Seoul,KR,176,544.23,sea,audio,36011.61,0
SO-02881,2025-11-17,C-SIN-006,Shenzhen DC,Shenzhen,CN,Singapore,SG,695,1220.42,sea,wearables,26283.68,0
SO-03134,2025-11-17,C-BAN-032,Shenzhen DC,Shenzhen,CN,Bangkok,TH,224,847.7,sea,wearables,20706.55,0
SO-04065,2025-11-17,C-NEW-013,Memphis DC,Memphis,US,New York City,US,332,868.48,road,storage,39270.78,0
SO-04700,2025-11-17,C-CHI-030,Memphis DC,Memphis,US,Chicago,US,399,1426.84,road,cases,42248.63,0
SO-05001,2025-11-17,C-LOS-032,Memphis DC,Memphis,US,Los Angeles,US,365,959.92,road,cables,39321.52,0
SO-06220,2025-11-17,C-BUE-006,Memphis DC,Memphis,US,Buenos Aires,AR,461,1648.53,sea,cables,19667.02,0
SO-06380,2025-11-17,C-RIY-005,Dubai DC,Dubai,AE,Riyadh,SA,725,1256.41,road,storage,27036.16,0
SO-06510,2025-11-17,C-RIY-035,Dubai DC,Dubai,AE,Riyadh,SA,267,866.1,road,chargers,52336.63,0
SO-00111,2025-11-18,C-LON-004,Rotterdam DC,Rotterdam,NL,London,GB,209,768.04,road,chargers,32809.59,0
SO-00512,2025-11-18,C-BER-033,Rotterdam DC,Rotterdam,NL,Berlin,DE,533,1637.61,road,audio,16698.49,0
SO-00735,2025-11-18,C-BER-023,Rotterdam DC,Rotterdam,NL,Berlin,DE,640,1828.81,road,storage,33160.24,0
SO-00921,2025-11-18,C-PAR-034,Rotterdam DC,Rotterdam,NL,Paris,FR,393,1001.46,road,cables,23307.82,0
SO-01788,2025-11-18,C-STO-021,Rotterdam DC,Rotterdam,NL,Stockholm,SE,457,819.1,road,cases,28926.6,0
SO-02784,2025-11-18,C-SIN-001,Shenzhen DC,Shenzhen,CN,Singapore,SG,502,784.72,sea,audio,36696.87,0
SO-03335,2025-11-18,C-JAK-019,Shenzhen DC,Shenzhen,CN,Jakarta,ID,338,909.92,sea,storage,23328.34,0
SO-03372,2025-11-18,C-MAN-014,Shenzhen DC,Shenzhen,CN,Manila,PH,702,1028.09,sea,chargers,19872.08,0
SO-03472,2025-11-18,C-MAN-001,Shenzhen DC,Shenzhen,CN,Manila,PH,490,817.49,sea,cases,33603.49,0
SO-03647,2025-11-18,C-MUM-006,Shenzhen DC,Shenzhen,CN,Mumbai,IN,735,1334.92,sea,audio,20942.82,0
SO-03774,2025-11-18,C-SYD-033,Rotterdam DC,Rotterdam,NL,Sydney,AU,305,991.64,air,audio,27598.71,0
SO-04475,2025-11-18,C-NEW-025,Memphis DC,Memphis,US,New York City,US,514,1394.05,road,audio,18470.56,0
SO-04854,2025-11-18,C-CHI-002,Memphis DC,Memphis,US,Chicago,US,363,1221.19,road,chargers,19989.12,0
SO-05085,2025-11-18,C-LOS-008,Memphis DC,Memphis,US,Los Angeles,US,573,894.84,road,storage,34340.56,0
SO-05331,2025-11-18,C-TOR-005,Memphis DC,Memphis,US,Toronto,CA,802,1171.63,road,cables,22896.57,0
SO-06548,2025-11-18,C-RIY-036,Dubai DC,Dubai,AE,Riyadh,SA,448,1214.05,road,cases,25279.34,0
SO-06627,2025-11-18,C-CAI-002,Dubai DC,Dubai,AE,Cairo,EG,616,924.06,sea,cables,31412.41,0
SO-06728,2025-11-18,C-CAI-014,Dubai DC,Dubai,AE,Cairo,EG,519,1283.5,sea,wearables,21014.39,0
SO-06971,2025-11-18,C-LAG-028,Dubai DC,Dubai,AE,Lagos,NG,691,1030.77,air,audio,20181.36,0
SO-07008,2025-11-18,C-LAG-017,Dubai DC,Dubai,AE,Lagos,NG,735,1564.34,air,cables,16104.05,0
SO-01109,2025-11-19,C-PAR-037,Rotterdam DC,Rotterdam,NL,Paris,FR,970,1697.33,road,storage,18091.69,0
SO-01204,2025-11-19,C-MAD-025,Rotterdam DC,Rotterdam,NL,Madrid,ES,339,689.74,road,wearables,22799.22,0
SO-01276,2025-11-19,C-MAD-032,Rotterdam DC,Rotterdam,NL,Madrid,ES,1307,1851.99,road,chargers,23226.29,0
SO-01586,2025-11-19,C-MIL-032,Rotterdam DC,Rotterdam,NL,Milan,IT,324,1095.94,road,cables,22944.33,0
SO-02148,2025-11-19,C-TOK-009,Shenzhen DC,Shenzhen,CN,Tokyo,JP,303,974.95,sea,cases,25518.61,0
SO-02562,2025-11-19,C-SEO-033,Shenzhen DC,Shenzhen,CN,Seoul,KR,614,1821.25,sea,chargers,29991.93,0
SO-03347,2025-11-19,C-MAN-005,Shenzhen DC,Shenzhen,CN,Manila,PH,314,878.65,sea,chargers,15190.02,0
SO-03612,2025-11-19,C-MUM-038,Shenzhen DC,Shenzhen,CN,Mumbai,IN,1030,2226.82,sea,chargers,33488.87,0
SO-03980,2025-11-19,C-AUC-029,Rotterdam DC,Rotterdam,NL,Auckland,NZ,114,354.01,air,audio,38804.78,0
SO-04118,2025-11-19,C-NEW-038,Memphis DC,Memphis,US,New York City,US,263,838.5,road,storage,33716.95,0
SO-05269,2025-11-19,C-LOS-037,Memphis DC,Memphis,US,Los Angeles,US,377,846.9,road,cases,25344.1,0
SO-05353,2025-11-19,C-TOR-035,Memphis DC,Memphis,US,Toronto,CA,233,551.96,road,storage,28768.43,0
SO-05749,2025-11-19,C-MEX-001,Memphis DC,Memphis,US,Mexico City,MX,1114,2308.2,road,storage,29356.72,0
SO-05890,2025-11-19,C-SAO-008,Memphis DC,Memphis,US,Sao Paulo,BR,799,1777.23,sea,cables,13032.13,0
SO-06087,2025-11-19,C-BOG-015,Memphis DC,Memphis,US,Bogota,CO,223,884.54,air,storage,14535.42,1
SO-06777,2025-11-19,C-CAI-017,Dubai DC,Dubai,AE,Cairo,EG,534,1274.83,sea,storage,2389.48,0
SO-07247,2025-11-19,C-KAR-016,Dubai DC,Dubai,AE,Karachi,PK,367,1099.23,sea,cases,10373.52,0
SO-00856,2025-11-20,C-PAR-022,Rotterdam DC,Rotterdam,NL,Paris,FR,545,1460.67,road,cables,34487.48,0
SO-00994,2025-11-20,C-PAR-014,Rotterdam DC,Rotterdam,NL,Paris,FR,481,1049.01,road,cables,29456.69,0
SO-01465,2025-11-20,C-MIL-036,Rotterdam DC,Rotterdam,NL,Milan,IT,335,640.83,road,wearables,22867.45,0
SO-01881,2025-11-20,C-STO-014,Rotterdam DC,Rotterdam,NL,Stockholm,SE,384,1381.49,road,wearables,27360.09,0
SO-02112,2025-11-20,C-TOK-014,Shenzhen DC,Shenzhen,CN,Tokyo,JP,346,1092.98,sea,audio,24235.6,0
SO-02477,2025-11-20,C-SEO-019,Shenzhen DC,Shenzhen,CN,Seoul,KR,514,811.85,sea,chargers,30171.55,0
SO-02954,2025-11-20,C-BAN-033,Shenzhen DC,Shenzhen,CN,Bangkok,TH,388,1387.47,sea,audio,14575.6,0
SO-03794,2025-11-20,C-SYD-021,Rotterdam DC,Rotterdam,NL,Sydney,AU,244,867.35,air,storage,43263.2,0
SO-03832,2025-11-20,C-SYD-020,Rotterdam DC,Rotterdam,NL,Sydney,AU,250,926.34,air,audio,21487.13,0
SO-04396,2025-11-20,C-NEW-035,Memphis DC,Memphis,US,New York City,US,431,1331.58,road,cases,25198.25,0
SO-05148,2025-11-20,C-LOS-004,Memphis DC,Memphis,US,Los Angeles,US,356,983.84,road,chargers,37214.39,0
SO-05910,2025-11-20,C-SAO-022,Memphis DC,Memphis,US,Sao Paulo,BR,917,1636.25,sea,cases,22435.91,0
SO-06242,2025-11-20,C-BUE-020,Memphis DC,Memphis,US,Buenos Aires,AR,900,1978.78,sea,storage,39226.38,0
SO-06835,2025-11-20,C-NAI-010,Dubai DC,Dubai,AE,Nairobi,KE,242,717.49,air,chargers,18033.64,0
SO-07051,2025-11-20,C-LAG-017,Dubai DC,Dubai,AE,Lagos,NG,241,893.63,air,chargers,21143.76,1
SO-00098,2025-11-21,C-LON-021,Rotterdam DC,Rotterdam,NL,London,GB,409,1399.78,road,chargers,32214.49,0
SO-00101,2025-11-21,C-LON-003,Rotterdam DC,Rotterdam,NL,London,GB,427,1313.91,road,audio,27108.14,0
SO-00143,2025-11-21,C-LON-010,Rotterdam DC,Rotterdam,NL,London,GB,519,1425.49,road,audio,28019.24,0
SO-01092,2025-11-21,C-PAR-023,Rotterdam DC,Rotterdam,NL,Paris,FR,676,1442.57,road,storage,14077.9,0
SO-01487,2025-11-21,C-MIL-017,Rotterdam DC,Rotterdam,NL,Milan,IT,1040,1650.01,road,cables,8267.21,0
SO-01510,2025-11-21,C-MIL-015,Rotterdam DC,Rotterdam,NL,Milan,IT,448,970.68,road,wearables,24140.78,0
SO-01841,2025-11-21,C-STO-030,Rotterdam DC,Rotterdam,NL,Stockholm,SE,1042,1731.86,road,cables,24749.98,0
SO-02639,2025-11-21,C-SEO-033,Shenzhen DC,Shenzhen,CN,Seoul,KR,376,982.59,sea,chargers,31317.13,1
SO-02894,2025-11-21,C-SIN-018,Shenzhen DC,Shenzhen,CN,Singapore,SG,230,592.59,sea,chargers,29133.89,0
SO-03126,2025-11-21,C-BAN-002,Shenzhen DC,Shenzhen,CN,Bangkok,TH,588,1084.85,sea,chargers,24464.75,0
SO-03293,2025-11-21,C-JAK-030,Shenzhen DC,Shenzhen,CN,Jakarta,ID,631,1419.1,sea,cables,32629.98,0
SO-03299,2025-11-21,C-JAK-007,Shenzhen DC,Shenzhen,CN,Jakarta,ID,259,964.87,sea,audio,10497.42,0
SO-04123,2025-11-21,C-NEW-024,Memphis DC,Memphis,US,New York City,US,372,1162.92,road,audio,27273.21,0
SO-04210,2025-11-21,C-NEW-021,Memphis DC,Memphis,US,New York City,US,232,895.33,road,audio,29561.18,0
SO-04271,2025-11-21,C-NEW-013,Memphis DC,Memphis,US,New York City,US,401,1436.95,road,wearables,23120.73,0
SO-04450,2025-11-21,C-NEW-034,Memphis DC,Memphis,US,New York City,US,469,1495.01,road,cables,22564.18,0
SO-04618,2025-11-21,C-CHI-020,Memphis DC,Memphis,US,Chicago,US,590,1391.94,road,audio,31221.75,0
SO-05133,2025-11-21,C-LOS-019,Memphis DC,Memphis,US,Los Angeles,US,225,855.93,road,wearables,23449.12,0
SO-05359,2025-11-21,C-TOR-010,Memphis DC,Memphis,US,Toronto,CA,294,1100.99,road,cables,24813.51,0
SO-05588,2025-11-21,C-MEX-025,Memphis DC,Memphis,US,Mexico City,MX,480,1669.35,road,storage,11864.27,0
SO-05752,2025-11-21,C-MEX-006,Memphis DC,Memphis,US,Mexico City,MX,821,1444.14,road,cables,17463.86,1
SO-06302,2025-11-21,C-BUE-031,Memphis DC,Memphis,US,Buenos Aires,AR,529,1534.05,sea,wearables,29685.96,0
SO-06442,2025-11-21,C-RIY-022,Dubai DC,Dubai,AE,Riyadh,SA,239,723.65,road,audio,31444.83,0
SO-07067,2025-11-21,C-JOH-004,Dubai DC,Dubai,AE,Johannesburg,ZA,296,926.49,sea,audio,21657.76,0
SO-00463,2025-11-22,C-BER-038,Rotterdam DC,Rotterdam,NL,Berlin,DE,199,665.28,road,chargers,22972.58,0
SO-00469,2025-11-22,C-BER-007,Rotterdam DC,Rotterdam,NL,Berlin,DE,448,919.63,road,cases,21282.77,0
SO-00633,2025-11-22,C-BER-029,Rotterdam DC,Rotterdam,NL,Berlin,DE,331,1234.88,road,cases,28654.42,0
SO-01439,2025-11-22,C-MIL-038,Rotterdam DC,Rotterdam,NL,Milan,IT,378,1047.51,road,cases,24174.44,0
SO-01918,2025-11-22,C-STO-031,Rotterdam DC,Rotterdam,NL,Stockholm,SE,368,856.32,road,chargers,15808.41,0
SO-02876,2025-11-22,C-SIN-010,Shenzhen DC,Shenzhen,CN,Singapore,SG,288,784.46,sea,cases,23120.06,0
SO-02974,2025-11-22,C-BAN-029,Shenzhen DC,Shenzhen,CN,Bangkok,TH,357,821.27,sea,wearables,31317.06,0
SO-03009,2025-11-22,C-BAN-030,Shenzhen DC,Shenzhen,CN,Bangkok,TH,257,860.68,sea,chargers,17287.12,0
SO-03096,2025-11-22,C-BAN-039,Shenzhen DC,Shenzhen,CN,Bangkok,TH,945,1853.59,sea,chargers,27297.2,0
SO-03144,2025-11-22,C-BAN-027,Shenzhen DC,Shenzhen,CN,Bangkok,TH,528,757.39,sea,chargers,24204.83,0
SO-03547,2025-11-22,C-MUM-004,Shenzhen DC,Shenzhen,CN,Mumbai,IN,488,760.58,sea,cables,18597.51,0
SO-03723,2025-11-22,C-MUM-033,Shenzhen DC,Shenzhen,CN,Mumbai,IN,720,1296.71,sea,chargers,22887.65,0
SO-03788,2025-11-22,C-SYD-029,Rotterdam DC,Rotterdam,NL,Sydney,AU,204,778.87,air,storage,28064.62,0
SO-03864,2025-11-22,C-SYD-022,Rotterdam DC,Rotterdam,NL,Sydney,AU,240,464.64,air,cases,13603.77,0
SO-03869,2025-11-22,C-SYD-006,Rotterdam DC,Rotterdam,NL,Sydney,AU,531,1228.13,air,wearables,23940.83,0
SO-04188,2025-11-22,C-NEW-038,Memphis DC,Memphis,US,New York City,US,799,1513.4,road,audio,17014.7,0
SO-04242,2025-11-22,C-NEW-009,Memphis DC,Memphis,US,New York City,US,369,1237.37,road,audio,20244.44,0
SO-04604,2025-11-22,C-CHI-024,Memphis DC,Memphis,US,Chicago,US,249,861.72,road,audio,26200.65,0
SO-04758,2025-11-22,C-CHI-033,Memphis DC,Memphis,US,Chicago,US,346,1367.33,road,storage,17724.91,0
SO-06400,2025-11-22,C-RIY-013,Dubai DC,Dubai,AE,Riyadh,SA,371,1456.0,road,chargers,30198.73,0
SO-06654,2025-11-22,C-CAI-028,Dubai DC,Dubai,AE,Cairo,EG,924,2036.98,sea,audio,21076.95,0
SO-00377,2025-11-23,C-LON-030,Rotterdam DC,Rotterdam,NL,London,GB,233,780.95,road,cables,24645.37,0
SO-00531,2025-11-23,C-BER-035,Rotterdam DC,Rotterdam,NL,Berlin,DE,470,1497.14,road,wearables,20598.23,0
SO-00666,2025-11-23,C-BER-037,Rotterdam DC,Rotterdam,NL,Berlin,DE,600,2090.57,road,wearables,31081.23,0
SO-00946,2025-11-23,C-PAR-026,Rotterdam DC,Rotterdam,NL,Paris,FR,442,1314.37,road,audio,34491.65,0
SO-00991,2025-11-23,C-PAR-033,Rotterdam DC,Rotterdam,NL,Paris,FR,220,844.76,road,chargers,27640.62,0
SO-02088,2025-11-23,C-TOK-026,Shenzhen DC,Shenzhen,CN,Tokyo,JP,506,812.69,sea,cables,29452.1,0
SO-02808,2025-11-23,C-SIN-029,Shenzhen DC,Shenzhen,CN,Singapore,SG,640,1466.26,sea,cases,33995.0,0
SO-03618,2025-11-23,C-MUM-014,Shenzhen DC,Shenzhen,CN,Mumbai,IN,625,1405.15,sea,cases,24321.65,0
SO-04010,2025-11-23,C-AUC-034,Rotterdam DC,Rotterdam,NL,Auckland,NZ,321,696.65,air,audio,37990.12,0
SO-04552,2025-11-23,C-CHI-023,Memphis DC,Memphis,US,Chicago,US,275,784.23,road,storage,13278.78,0
SO-04587,2025-11-23,C-CHI-010,Memphis DC,Memphis,US,Chicago,US,368,1012.79,road,cables,37039.89,0
SO-04625,2025-11-23,C-CHI-002,Memphis DC,Memphis,US,Chicago,US,607,1891.71,road,storage,19511.56,0
SO-04859,2025-11-23,C-CHI-028,Memphis DC,Memphis,US,Chicago,US,384,927.39,road,cases,18851.28,0
SO-05035,2025-11-23,C-LOS-019,Memphis DC,Memphis,US,Los Angeles,US,341,1283.41,road,cases,30268.06,0
SO-05283,2025-11-23,C-LOS-018,Memphis DC,Memphis,US,Los Angeles,US,381,1072.3,road,wearables,20500.57,0
SO-05726,2025-11-23,C-MEX-026,Memphis DC,Memphis,US,Mexico City,MX,476,1424.8,road,cables,29653.88,0
SO-06317,2025-11-23,C-BUE-027,Memphis DC,Memphis,US,Buenos Aires,AR,636,2058.8,sea,cables,31817.8,0
SO-06566,2025-11-23,C-RIY-036,Dubai DC,Dubai,AE,Riyadh,SA,377,1488.15,road,audio,22443.92,0
SO-06615,2025-11-23,C-CAI-037,Dubai DC,Dubai,AE,Cairo,EG,308,1102.54,sea,audio,31875.16,0
SO-06826,2025-11-23,C-NAI-021,Dubai DC,Dubai,AE,Nairobi,KE,213,617.97,air,cables,18495.79,0
SO-07342,2025-11-23,C-KAR-035,Dubai DC,Dubai,AE,Karachi,PK,532,1241.14,sea,cases,29367.28,0
SO-00149,2025-11-24,C-LON-030,Rotterdam DC,Rotterdam,NL,London,GB,637,1081.68,road,cases,24180.31,0
SO-00271,2025-11-24,C-LON-013,Rotterdam DC,Rotterdam,NL,London,GB,758,1365.37,road,storage,30179.15,0
SO-00519,2025-11-24,C-BER-001,Rotterdam DC,Rotterdam,NL,Berlin,DE,704,1787.42,road,audio,26019.97,0
SO-00552,2025-11-24,C-BER-037,Rotterdam DC,Rotterdam,NL,Berlin,DE,901,1607.51,road,cables,36986.27,0
SO-00623,2025-11-24,C-BER-034,Rotterdam DC,Rotterdam,NL,Berlin,DE,573,1448.4,road,chargers,24414.03,0
SO-00658,2025-11-24,C-BER-037,Rotterdam DC,Rotterdam,NL,Berlin,DE,751,1555.37,road,wearables,36307.29,0
SO-00750,2025-11-24,C-BER-020,Rotterdam DC,Rotterdam,NL,Berlin,DE,727,1776.1,road,cases,27058.84,0
SO-00956,2025-11-24,C-PAR-006,Rotterdam DC,Rotterdam,NL,Paris,FR,941,1390.94,road,cases,12013.93,0
SO-01067,2025-11-24,C-PAR-021,Rotterdam DC,Rotterdam,NL,Paris,FR,373,1292.73,road,wearables,30201.05,0
SO-01754,2025-11-24,C-WAR-034,Rotterdam DC,Rotterdam,NL,Warsaw,PL,1381,2411.15,road,wearables,33551.12,0
SO-01906,2025-11-24,C-STO-038,Rotterdam DC,Rotterdam,NL,Stockholm,SE,224,866.94,road,cases,14015.94,0
SO-01998,2025-11-24,C-DUB-028,Rotterdam DC,Rotterdam,NL,Dublin,IE,348,917.16,air,chargers,24209.06,0
SO-02117,2025-11-24,C-TOK-008,Shenzhen DC,Shenzhen,CN,Tokyo,JP,274,998.74,sea,wearables,26031.51,0
SO-02133,2025-11-24,C-TOK-037,Shenzhen DC,Shenzhen,CN,Tokyo,JP,495,810.89,sea,cases,18114.19,0
SO-02423,2025-11-24,C-SEO-009,Shenzhen DC,Shenzhen,CN,Seoul,KR,945,1695.65,sea,cases,14588.68,0
SO-02911,2025-11-24,C-SIN-017,Shenzhen DC,Shenzhen,CN,Singapore,SG,154,547.67,sea,storage,24200.2,0
SO-03285,2025-11-24,C-JAK-011,Shenzhen DC,Shenzhen,CN,Jakarta,ID,887,1675.39,sea,cases,10416.18,0
SO-03327,2025-11-24,C-JAK-021,Shenzhen DC,Shenzhen,CN,Jakarta,ID,334,924.81,sea,audio,21366.31,0
SO-04069,2025-11-24,C-NEW-035,Memphis DC,Memphis,US,New York City,US,427,1523.19,road,cables,21263.95,1
SO-04649,2025-11-24,C-CHI-028,Memphis DC,Memphis,US,Chicago,US,555,858.84,road,storage,44120.4,0
SO-04958,2025-11-24,C-LOS-036,Memphis DC,Memphis,US,Los Angeles,US,290,684.93,road,chargers,29732.26,0
SO-05154,2025-11-24,C-LOS-031,Memphis DC,Memphis,US,Los Angeles,US,223,706.62,road,audio,21322.49,0
SO-05168,2025-11-24,C-LOS-005,Memphis DC,Memphis,US,Los Angeles,US,231,645.88,road,cables,27857.91,0
SO-05185,2025-11-24,C-LOS-034,Memphis DC,Memphis,US,Los Angeles,US,570,1049.08,road,cables,26841.05,1
SO-06588,2025-11-24,C-RIY-013,Dubai DC,Dubai,AE,Riyadh,SA,839,2590.86,road,cables,35290.12,0
SO-06817,2025-11-24,C-NAI-032,Dubai DC,Dubai,AE,Nairobi,KE,426,1190.72,air,wearables,21105.38,0
SO-06912,2025-11-24,C-NAI-008,Dubai DC,Dubai,AE,Nairobi,KE,182,654.9,air,cases,7701.71,0
SO-07105,2025-11-24,C-JOH-021,Dubai DC,Dubai,AE,Johannesburg,ZA,394,1412.36,sea,wearables,32028.27,0
SO-00131,2025-11-25,C-LON-037,Rotterdam DC,Rotterdam,NL,London,GB,667,1138.03,road,cases,35751.14,1
SO-01484,2025-11-25,C-MIL-027,Rotterdam DC,Rotterdam,NL,Milan,IT,196,610.71,road,cases,28137.33,0
SO-01961,2025-11-25,C-DUB-025,Rotterdam DC,Rotterdam,NL,Dublin,IE,152,545.54,air,cables,17748.06,0
SO-01973,2025-11-25,C-DUB-013,Rotterdam DC,Rotterdam,NL,Dublin,IE,28,99.05,air,wearables,20656.98,0
SO-02696,2025-11-25,C-SIN-010,Shenzhen DC,Shenzhen,CN,Singapore,SG,201,726.15,sea,wearables,26257.52,0
SO-03479,2025-11-25,C-MAN-038,Shenzhen DC,Shenzhen,CN,Manila,PH,297,795.99,sea,cases,22332.37,1
SO-03601,2025-11-25,C-MUM-022,Shenzhen DC,Shenzhen,CN,Mumbai,IN,334,1215.97,sea,wearables,30172.25,0
SO-03683,2025-11-25,C-MUM-005,Shenzhen DC,Shenzhen,CN,Mumbai,IN,251,901.98,sea,chargers,12563.74,0
SO-03949,2025-11-25,C-AUC-015,Rotterdam DC,Rotterdam,NL,Auckland,NZ,157,519.09,air,storage,39745.31,0
SO-04420,2025-11-25,C-NEW-003,Memphis DC,Memphis,US,New York City,US,402,1418.31,road,audio,30569.06,0
SO-04804,2025-11-25,C-CHI-032,Memphis DC,Memphis,US,Chicago,US,478,1240.98,road,chargers,21523.33,0
SO-04898,2025-11-25,C-CHI-017,Memphis DC,Memphis,US,Chicago,US,276,472.17,road,cables,29711.21,0
SO-05130,2025-11-25,C-LOS-009,Memphis DC,Memphis,US,Los Angeles,US,392,1168.01,road,audio,30607.68,1
SO-05194,2025-11-25,C-LOS-007,Memphis DC,Memphis,US,Los Angeles,US,466,981.73,road,storage,4867.95,0
SO-01238,2025-11-26,C-MAD-007,Rotterdam DC,Rotterdam,NL,Madrid,ES,435,1281.5,road,storage,16944.18,0
SO-01383,2025-11-26,C-MIL-038,Rotterdam DC,Rotterdam,NL,Milan,IT,499,1385.79,road,chargers,19561.7,0
SO-01389,2025-11-26,C-MIL-005,Rotterdam DC,Rotterdam,NL,Milan,IT,520,1280.0,road,audio,33820.03,0
SO-01767,2025-11-26,C-WAR-023,Rotterdam DC,Rotterdam,NL,Warsaw,PL,435,1594.54,road,wearables,29626.59,0
SO-01796,2025-11-26,C-STO-005,Rotterdam DC,Rotterdam,NL,Stockholm,SE,341,983.46,road,wearables,28390.53,0
SO-01845,2025-11-26,C-STO-012,Rotterdam DC,Rotterdam,NL,Stockholm,SE,355,1148.76,road,chargers,30238.53,0
SO-01859,2025-11-26,C-STO-010,Rotterdam DC,Rotterdam,NL,Stockholm,SE,281,917.58,road,cables,28338.88,0
SO-02086,2025-11-26,C-TOK-017,Shenzhen DC,Shenzhen,CN,Tokyo,JP,399,1327.56,sea,cables,21192.81,0
SO-02192,2025-11-26,C-TOK-020,Shenzhen DC,Shenzhen,CN,Tokyo,JP,524,1055.04,sea,cases,27507.04,0
SO-02213,2025-11-26,C-TOK-038,Shenzhen DC,Shenzhen,CN,Tokyo,JP,221,544.66,sea,wearables,37605.61,1
SO-02224,2025-11-26,C-TOK-016,Shenzhen DC,Shenzhen,CN,Tokyo,JP,138,388.34,sea,wearables,43170.42,0
SO-02673,2025-11-26,C-SIN-029,Shenzhen DC,Shenzhen,CN,Singapore,SG,129,449.42,sea,audio,42789.41,0
SO-02946,2025-11-26,C-BAN-024,Shenzhen DC,Shenzhen,CN,Bangkok,TH,506,1194.53,sea,cables,32628.53,0
SO-03072,2025-11-26,C-BAN-004,Shenzhen DC,Shenzhen,CN,Bangkok,TH,618,1550.22,sea,chargers,30729.41,0
SO-03576,2025-11-26,C-MUM-025,Shenzhen DC,Shenzhen,CN,Mumbai,IN,386,1354.71,sea,audio,31035.92,1
SO-04984,2025-11-26,C-LOS-002,Memphis DC,Memphis,US,Los Angeles,US,700,1000.06,road,cables,23318.2,0
SO-05524,2025-11-26,C-TOR-011,Memphis DC,Memphis,US,Toronto,CA,741,1059.74,road,chargers,17484.09,0
SO-05685,2025-11-26,C-MEX-039,Memphis DC,Memphis,US,Mexico City,MX,349,800.15,road,cases,22214.1,0
SO-05832,2025-11-26,C-SAO-005,Memphis DC,Memphis,US,Sao Paulo,BR,769,1706.16,sea,audio,29008.98,0
SO-07341,2025-11-26,C-KAR-008,Dubai DC,Dubai,AE,Karachi,PK,696,1469.9,sea,wearables,20127.31,0
SO-07356,2025-11-26,C-KAR-015,Dubai DC,Dubai,AE,Karachi,PK,428,1255.66,sea,audio,37211.27,0
SO-00962,2025-11-27,C-PAR-017,Rotterdam DC,Rotterdam,NL,Paris,FR,527,1074.18,road,chargers,33303.02,0
SO-01316,2025-11-27,C-MAD-034,Rotterdam DC,Rotterdam,NL,Madrid,ES,714,2022.78,road,chargers,36508.22,0
SO-01331,2025-11-27,C-MAD-019,Rotterdam DC,Rotterdam,NL,Madrid,ES,476,1265.97,road,wearables,34013.4,0
SO-01421,2025-11-27,C-MIL-028,Rotterdam DC,Rotterdam,NL,Milan,IT,221,817.03,road,audio,19825.67,0
SO-01425,2025-11-27,C-MIL-030,Rotterdam DC,Rotterdam,NL,Milan,IT,438,1187.09,road,storage,24579.11,0
SO-01464,2025-11-27,C-MIL-013,Rotterdam DC,Rotterdam,NL,Milan,IT,658,1925.68,road,chargers,27735.52,0
SO-01772,2025-11-27,C-WAR-030,Rotterdam DC,Rotterdam,NL,Warsaw,PL,382,837.44,road,storage,18644.0,0
SO-02141,2025-11-27,C-TOK-012,Shenzhen DC,Shenzhen,CN,Tokyo,JP,450,822.84,sea,audio,50945.33,0
SO-02193,2025-11-27,C-TOK-007,Shenzhen DC,Shenzhen,CN,Tokyo,JP,99,368.06,sea,wearables,48326.45,0
SO-02376,2025-11-27,C-TOK-014,Shenzhen DC,Shenzhen,CN,Tokyo,JP,256,862.1,sea,cases,33923.86,0
SO-03200,2025-11-27,C-JAK-023,Shenzhen DC,Shenzhen,CN,Jakarta,ID,702,1346.78,sea,cases,26735.84,0
SO-03687,2025-11-27,C-MUM-008,Shenzhen DC,Shenzhen,CN,Mumbai,IN,379,1262.87,sea,chargers,22908.47,0
SO-04281,2025-11-27,C-NEW-035,Memphis DC,Memphis,US,New York City,US,210,368.58,road,wearables,22252.63,0
SO-05074,2025-11-27,C-LOS-024,Memphis DC,Memphis,US,Los Angeles,US,454,1040.65,road,cases,17372.18,0
SO-05239,2025-11-27,C-LOS-027,Memphis DC,Memphis,US,Los Angeles,US,733,1471.56,road,storage,26985.21,0
SO-05477,2025-11-27,C-TOR-005,Memphis DC,Memphis,US,Toronto,CA,376,1027.43,road,wearables,12167.9,0
SO-05516,2025-11-27,C-TOR-036,Memphis DC,Memphis,US,Toronto,CA,439,1238.42,road,cases,25606.62,0
SO-05700,2025-11-27,C-MEX-023,Memphis DC,Memphis,US,Mexico City,MX,434,1532.36,road,cases,20770.69,0
SO-05895,2025-11-27,C-SAO-032,Memphis DC,Memphis,US,Sao Paulo,BR,1068,1656.08,sea,audio,21345.06,0
SO-06069,2025-11-27,C-BOG-030,Memphis DC,Memphis,US,Bogota,CO,398,607.14,air,cases,27496.08,0
SO-06075,2025-11-27,C-BOG-024,Memphis DC,Memphis,US,Bogota,CO,311,798.68,air,storage,20733.67,0
SO-06171,2025-11-27,C-SAN-037,Memphis DC,Memphis,US,Santiago,CL,284,803.87,sea,wearables,26921.56,0
SO-06931,2025-11-27,C-LAG-004,Dubai DC,Dubai,AE,Lagos,NG,360,1058.35,air,wearables,21704.5,0
SO-06998,2025-11-27,C-LAG-028,Dubai DC,Dubai,AE,Lagos,NG,198,606.93,air,audio,16258.44,1
SO-07009,2025-11-27,C-LAG-008,Dubai DC,Dubai,AE,Lagos,NG,240,623.76,air,storage,18763.45,0
SO-07136,2025-11-27,C-JOH-030,Dubai DC,Dubai,AE,Johannesburg,ZA,532,1548.91,sea,cables,24406.63,0
SO-07278,2025-11-27,C-KAR-014,Dubai DC,Dubai,AE,Karachi,PK,380,942.64,sea,storage,32310.94,0
SO-00285,2025-11-28,C-LON-038,Rotterdam DC,Rotterdam,NL,London,GB,258,881.04,road,storage,30640.19,0
SO-00422,2025-11-28,C-BER-011,Rotterdam DC,Rotterdam,NL,Berlin,DE,625,1513.15,road,cables,29212.2,0
SO-00586,2025-11-28,C-BER-006,Rotterdam DC,Rotterdam,NL,Berlin,DE,649,1387.74,road,cables,19857.47,0
SO-01118,2025-11-28,C-PAR-031,Rotterdam DC,Rotterdam,NL,Paris,FR,643,1399.64,road,wearables,22381.69,0
SO-02900,2025-11-28,C-SIN-033,Shenzhen DC,Shenzhen,CN,Singapore,SG,551,1258.14,sea,cases,24647.57,0
SO-03174,2025-11-28,C-JAK-025,Shenzhen DC,Shenzhen,CN,Jakarta,ID,195,660.07,sea,cases,29073.05,0
SO-03252,2025-11-28,C-JAK-030,Shenzhen DC,Shenzhen,CN,Jakarta,ID,336,1262.17,sea,cases,19636.71,0
SO-03704,2025-11-28,C-MUM-033,Shenzhen DC,Shenzhen,CN,Mumbai,IN,117,391.43,sea,storage,20015.58,0
SO-03927,2025-11-28,C-SYD-014,Rotterdam DC,Rotterdam,NL,Sydney,AU,239,651.01,air,cases,38164.56,0
SO-04076,2025-11-28,C-NEW-002,Memphis DC,Memphis,US,New York City,US,231,818.74,road,cases,17837.69,0
SO-04383,2025-11-28,C-NEW-017,Memphis DC,Memphis,US,New York City,US,191,436.87,road,storage,22656.11,0
SO-04566,2025-11-28,C-CHI-032,Memphis DC,Memphis,US,Chicago,US,547,1683.26,road,chargers,14914.75,0
SO-05003,2025-11-28,C-LOS-037,Memphis DC,Memphis,US,Los Angeles,US,749,1260.45,road,cables,23212.12,0
SO-05699,2025-11-28,C-MEX-007,Memphis DC,Memphis,US,Mexico City,MX,236,750.07,road,audio,23768.1,0
SO-06486,2025-11-28,C-RIY-020,Dubai DC,Dubai,AE,Riyadh,SA,78,241.72,road,cables,13267.31,0
SO-07023,2025-11-28,C-LAG-012,Dubai DC,Dubai,AE,Lagos,NG,301,912.68,air,cables,23099.79,0
SO-00624,2025-11-29,C-BER-024,Rotterdam DC,Rotterdam,NL,Berlin,DE,737,1555.52,road,audio,25644.22,0
SO-00957,2025-11-29,C-PAR-038,Rotterdam DC,Rotterdam,NL,Paris,FR,842,1368.64,road,chargers,15034.48,0
SO-01051,2025-11-29,C-PAR-014,Rotterdam DC,Rotterdam,NL,Paris,FR,205,694.9,road,cases,19437.34,0
SO-01438,2025-11-29,C-MIL-024,Rotterdam DC,Rotterdam,NL,Milan,IT,486,915.31,road,wearables,16374.95,0
SO-01655,2025-11-29,C-WAR-013,Rotterdam DC,Rotterdam,NL,Warsaw,PL,219,480.87,road,wearables,43149.91,0
SO-01747,2025-11-29,C-WAR-022,Rotterdam DC,Rotterdam,NL,Warsaw,PL,338,1251.59,road,cables,32718.96,0
SO-02931,2025-11-29,C-SIN-013,Shenzhen DC,Shenzhen,CN,Singapore,SG,367,898.46,sea,wearables,35720.9,0
SO-04540,2025-11-29,C-CHI-024,Memphis DC,Memphis,US,Chicago,US,286,1028.26,road,storage,35435.98,0
SO-04759,2025-11-29,C-CHI-028,Memphis DC,Memphis,US,Chicago,US,232,544.92,road,cases,30907.09,0
SO-05179,2025-11-29,C-LOS-028,Memphis DC,Memphis,US,Los Angeles,US,551,1226.6,road,wearables,30505.06,0
SO-05406,2025-11-29,C-TOR-027,Memphis DC,Memphis,US,Toronto,CA,934,1524.1,road,chargers,25537.09,0
SO-06092,2025-11-29,C-BOG-010,Memphis DC,Memphis,US,Bogota,CO,305,594.26,air,cases,22976.62,0
SO-06114,2025-11-29,C-SAN-032,Memphis DC,Memphis,US,Santiago,CL,106,390.08,sea,cases,21076.83,0
SO-06308,2025-11-29,C-BUE-011,Memphis DC,Memphis,US,Buenos Aires,AR,331,564.8,sea,chargers,12140.52,0
SO-06320,2025-11-29,C-BUE-016,Memphis DC,Memphis,US,Buenos Aires,AR,560,1668.73,sea,cables,23007.87,0
SO-06399,2025-11-29,C-RIY-024,Dubai DC,Dubai,AE,Riyadh,SA,791,1818.54,road,cases,34534.14,0
SO-06477,2025-11-29,C-RIY-020,Dubai DC,Dubai,AE,Riyadh,SA,672,1779.88,road,wearables,28157.85,0
SO-06585,2025-11-29,C-RIY-018,Dubai DC,Dubai,AE,Riyadh,SA,193,458.24,road,cases,16334.18,0
SO-06810,2025-11-29,C-NAI-006,Dubai DC,Dubai,AE,Nairobi,KE,272,679.86,air,chargers,18724.96,0
SO-06979,2025-11-29,C-LAG-033,Dubai DC,Dubai,AE,Lagos,NG,478,833.91,air,wearables,17231.43,0
SO-00184,2025-11-30,C-LON-012,Rotterdam DC,Rotterdam,NL,London,GB,357,1343.88,road,wearables,15357.96,0
SO-00865,2025-11-30,C-PAR-020,Rotterdam DC,Rotterdam,NL,Paris,FR,686,1515.9,road,wearables,24185.16,0
SO-01129,2025-11-30,C-MAD-024,Rotterdam DC,Rotterdam,NL,Madrid,ES,421,1684.13,road,cables,21243.44,0
SO-01345,2025-11-30,C-MAD-035,Rotterdam DC,Rotterdam,NL,Madrid,ES,906,1694.73,road,audio,34912.77,0
SO-01695,2025-11-30,C-WAR-022,Rotterdam DC,Rotterdam,NL,Warsaw,PL,324,985.54,road,cables,17884.74,0
SO-01855,2025-11-30,C-STO-027,Rotterdam DC,Rotterdam,NL,Stockholm,SE,877,1288.99,road,chargers,31103.21,0
SO-02008,2025-11-30,C-DUB-013,Rotterdam DC,Rotterdam,NL,Dublin,IE,334,639.69,air,cases,20156.87,0
SO-02550,2025-11-30,C-SEO-026,Shenzhen DC,Shenzhen,CN,Seoul,KR,657,970.83,sea,audio,32468.49,0
SO-02693,2025-11-30,C-SIN-006,Shenzhen DC,Shenzhen,CN,Singapore,SG,776,1178.3,sea,audio,39317.02,0
SO-03083,2025-11-30,C-BAN-004,Shenzhen DC,Shenzhen,CN,Bangkok,TH,26,50.91,sea,storage,26992.91,0
SO-03175,2025-11-30,C-JAK-031,Shenzhen DC,Shenzhen,CN,Jakarta,ID,404,1433.61,sea,chargers,17967.24,0
SO-03838,2025-11-30,C-SYD-012,Rotterdam DC,Rotterdam,NL,Sydney,AU,123,273.68,air,cables,26650.16,0
SO-04113,2025-11-30,C-NEW-017,Memphis DC,Memphis,US,New York City,US,300,953.93,road,cases,23095.01,0
SO-04239,2025-11-30,C-NEW-003,Memphis DC,Memphis,US,New York City,US,365,1271.67,road,audio,12979.25,0
SO-04307,2025-11-30,C-NEW-009,Memphis DC,Memphis,US,New York City,US,165,590.9,road,wearables,30257.84,0
SO-04343,2025-11-30,C-NEW-016,Memphis DC,Memphis,US,New York City,US,399,1237.88,road,wearables,12399.41,0
SO-04900,2025-11-30,C-CHI-018,Memphis DC,Memphis,US,Chicago,US,388,1077.11,road,chargers,23058.01,0
SO-04930,2025-11-30,C-CHI-032,Memphis DC,Memphis,US,Chicago,US,286,1029.99,road,chargers,29677.66,0
SO-05638,2025-11-30,C-MEX-001,Memphis DC,Memphis,US,Mexico City,MX,357,1204.28,road,storage,33473.62,0
SO-05663,2025-11-30,C-MEX-029,Memphis DC,Memphis,US,Mexico City,MX,60,167.7,road,cases,22541.56,0
SO-06310,2025-11-30,C-BUE-025,Memphis DC,Memphis,US,Buenos Aires,AR,1149,1822.97,sea,cases,29565.36,0
SO-06662,2025-11-30,C-CAI-006,Dubai DC,Dubai,AE,Cairo,EG,457,1211.78,sea,storage,18223.83,0
SO-07308,2025-11-30,C-KAR-015,Dubai DC,Dubai,AE,Karachi,PK,531,948.24,sea,chargers,36928.23,0
SO-00040,2025-12-01,C-LON-016,Rotterdam DC,Rotterdam,NL,London,GB,278,560.74,road,wearables,27123.13,0
SO-00596,2025-12-01,C-BER-030,Rotterdam DC,Rotterdam,NL,Berlin,DE,342,1128.59,road,cases,16221.92,0
SO-00933,2025-12-01,C-PAR-039,Rotterdam DC,Rotterdam,NL,Paris,FR,365,849.81,road,cables,35505.38,0
SO-01394,2025-12-01,C-MIL-015,Rotterdam DC,Rotterdam,NL,Milan,IT,441,1719.06,road,storage,34892.1,0
SO-02330,2025-12-01,C-TOK-014,Shenzhen DC,Shenzhen,CN,Tokyo,JP,537,1203.16,sea,audio,28754.09,0
SO-02409,2025-12-01,C-SEO-026,Shenzhen DC,Shenzhen,CN,Seoul,KR,515,1351.67,sea,audio,24023.73,0
SO-02466,2025-12-01,C-SEO-006,Shenzhen DC,Shenzhen,CN,Seoul,KR,184,665.07,sea,cables,17592.85,0
SO-02719,2025-12-01,C-SIN-003,Shenzhen DC,Shenzhen,CN,Singapore,SG,432,765.42,sea,cables,44029.6,0
SO-03095,2025-12-01,C-BAN-021,Shenzhen DC,Shenzhen,CN,Bangkok,TH,373,1242.7,sea,storage,21376.16,0
SO-03251,2025-12-01,C-JAK-016,Shenzhen DC,Shenzhen,CN,Jakarta,ID,448,1583.07,sea,wearables,15025.67,0
SO-03292,2025-12-01,C-JAK-027,Shenzhen DC,Shenzhen,CN,Jakarta,ID,715,2373.41,sea,wearables,24380.7,0
SO-03790,2025-12-01,C-SYD-032,Rotterdam DC,Rotterdam,NL,Sydney,AU,558,845.02,air,chargers,29970.7,0
SO-04089,2025-12-01,C-NEW-022,Memphis DC,Memphis,US,New York City,US,461,1572.74,road,chargers,37262.65,1
SO-04133,2025-12-01,C-NEW-014,Memphis DC,Memphis,US,New York City,US,328,1110.86,road,audio,35315.47,0
SO-04134,2025-12-01,C-NEW-010,Memphis DC,Memphis,US,New York City,US,620,1419.16,road,cases,29727.93,0
SO-04661,2025-12-01,C-CHI-036,Memphis DC,Memphis,US,Chicago,US,353,1050.58,road,storage,20568.29,0
SO-05129,2025-12-01,C-LOS-031,Memphis DC,Memphis,US,Los Angeles,US,650,1815.49,road,chargers,32190.17,0
SO-05164,2025-12-01,C-LOS-021,Memphis DC,Memphis,US,Los Angeles,US,264,926.74,road,cases,18456.97,0
SO-05492,2025-12-01,C-TOR-010,Memphis DC,Memphis,US,Toronto,CA,345,1188.36,road,cases,25032.59,0
SO-06013,2025-12-01,C-BOG-018,Memphis DC,Memphis,US,Bogota,CO,444,999.76,air,cables,16432.41,0
SO-06458,2025-12-01,C-RIY-029,Dubai DC,Dubai,AE,Riyadh,SA,385,1218.28,road,chargers,33490.34,0
SO-07307,2025-12-01,C-KAR-010,Dubai DC,Dubai,AE,Karachi,PK,114,413.36,sea,cables,12585.46,0
SO-00093,2025-12-02,C-LON-003,Rotterdam DC,Rotterdam,NL,London,GB,548,1322.43,road,cases,22077.92,0
SO-00879,2025-12-02,C-PAR-009,Rotterdam DC,Rotterdam,NL,Paris,FR,523,1557.38,road,cables,20603.66,0
SO-00911,2025-12-02,C-PAR-024,Rotterdam DC,Rotterdam,NL,Paris,FR,304,1017.46,road,audio,29506.45,0
SO-00988,2025-12-02,C-PAR-001,Rotterdam DC,Rotterdam,NL,Paris,FR,456,920.16,road,audio,18438.75,0
SO-01440,2025-12-02,C-MIL-022,Rotterdam DC,Rotterdam,NL,Milan,IT,292,1118.85,road,cases,33737.9,0
SO-01814,2025-12-02,C-STO-011,Rotterdam DC,Rotterdam,NL,Stockholm,SE,243,513.51,road,audio,32145.0,0
SO-02069,2025-12-02,C-TOK-005,Shenzhen DC,Shenzhen,CN,Tokyo,JP,265,613.07,sea,chargers,16648.56,0
SO-03889,2025-12-02,C-SYD-010,Rotterdam DC,Rotterdam,NL,Sydney,AU,240,897.55,air,cables,26477.44,0
SO-04213,2025-12-02,C-NEW-013,Memphis DC,Memphis,US,New York City,US,274,1013.13,road,audio,36092.46,0
SO-04376,2025-12-02,C-NEW-038,Memphis DC,Memphis,US,New York City,US,282,825.07,road,chargers,17827.61,0
SO-04479,2025-12-02,C-NEW-006,Memphis DC,Memphis,US,New York City,US,188,676.92,road,audio,29899.72,0
SO-05270,2025-12-02,C-LOS-024,Memphis DC,Memphis,US,Los Angeles,US,310,712.39,road,storage,28722.63,0
SO-05495,2025-12-02,C-TOR-023,Memphis DC,Memphis,US,Toronto,CA,226,804.37,road,wearables,28042.69,0
SO-05595,2025-12-02,C-MEX-022,Memphis DC,Memphis,US,Mexico City,MX,542,1961.29,road,audio,21549.5,0
SO-05938,2025-12-02,C-SAO-026,Memphis DC,Memphis,US,Sao Paulo,BR,230,911.25,sea,chargers,23900.63,0
SO-06270,2025-12-02,C-BUE-004,Memphis DC,Memphis,US,Buenos Aires,AR,340,834.11,sea,cases,20320.11,1
SO-06496,2025-12-02,C-RIY-009,Dubai DC,Dubai,AE,Riyadh,SA,736,1602.5,road,storage,48578.82,0
SO-06575,2025-12-02,C-RIY-020,Dubai DC,Dubai,AE,Riyadh,SA,328,967.79,road,wearables,34711.18,0
SO-06842,2025-12-02,C-NAI-010,Dubai DC,Dubai,AE,Nairobi,KE,195,708.36,air,cases,11640.44,0
SO-00322,2025-12-03,C-LON-014,Rotterdam DC,Rotterdam,NL,London,GB,630,1433.5,road,chargers,23486.07,0
SO-00573,2025-12-03,C-BER-027,Rotterdam DC,Rotterdam,NL,Berlin,DE,214,457.4,road,cables,23867.87,0
SO-00740,2025-12-03,C-BER-012,Rotterdam DC,Rotterdam,NL,Berlin,DE,879,1758.02,road,cables,29384.69,0
SO-01119,2025-12-03,C-PAR-039,Rotterdam DC,Rotterdam,NL,Paris,FR,552,1740.27,road,cables,33515.92,0
SO-01549,2025-12-03,C-MIL-019,Rotterdam DC,Rotterdam,NL,Milan,IT,955,1556.19,road,audio,28106.23,0
SO-01878,2025-12-03,C-STO-036,Rotterdam DC,Rotterdam,NL,Stockholm,SE,287,745.65,road,chargers,16887.9,0
SO-02590,2025-12-03,C-SEO-031,Shenzhen DC,Shenzhen,CN,Seoul,KR,466,1062.76,sea,audio,45203.08,0
SO-02893,2025-12-03,C-SIN-004,Shenzhen DC,Shenzhen,CN,Singapore,SG,271,687.42,sea,storage,17621.25,0
SO-03461,2025-12-03,C-MAN-035,Shenzhen DC,Shenzhen,CN,Manila,PH,445,1343.53,sea,storage,22613.82,0
SO-03714,2025-12-03,C-MUM-020,Shenzhen DC,Shenzhen,CN,Mumbai,IN,461,1420.95,sea,chargers,8833.14,1
SO-03755,2025-12-03,C-SYD-004,Rotterdam DC,Rotterdam,NL,Sydney,AU,728,1171.39,air,cables,32265.15,0
SO-03903,2025-12-03,C-SYD-027,Rotterdam DC,Rotterdam,NL,Sydney,AU,312,733.44,air,cables,32772.49,0
SO-04839,2025-12-03,C-CHI-003,Memphis DC,Memphis,US,Chicago,US,108,171.28,road,chargers,28043.76,1
SO-05482,2025-12-03,C-TOR-006,Memphis DC,Memphis,US,Toronto,CA,456,1379.43,road,storage,11523.59,0
SO-05551,2025-12-03,C-MEX-026,Memphis DC,Memphis,US,Mexico City,MX,724,1714.09,road,wearables,21451.01,0
SO-05822,2025-12-03,C-SAO-017,Memphis DC,Memphis,US,Sao Paulo,BR,1084,2337.02,sea,cases,13985.07,0
SO-06058,2025-12-03,C-BOG-027,Memphis DC,Memphis,US,Bogota,CO,314,581.26,air,chargers,28209.06,0
SO-06564,2025-12-03,C-RIY-019,Dubai DC,Dubai,AE,Riyadh,SA,579,1356.05,road,cables,26852.69,0
SO-06851,2025-12-03,C-NAI-003,Dubai DC,Dubai,AE,Nairobi,KE,269,718.4,air,cables,20148.6,0
SO-07014,2025-12-03,C-LAG-023,Dubai DC,Dubai,AE,Lagos,NG,342,1074.41,air,cables,25933.64,0
SO-07200,2025-12-03,C-JOH-006,Dubai DC,Dubai,AE,Johannesburg,ZA,211,625.18,sea,storage,25419.88,0
SO-07274,2025-12-03,C-KAR-021,Dubai DC,Dubai,AE,Karachi,PK,95,370.69,sea,chargers,15384.47,0
SO-00352,2025-12-04,C-LON-005,Rotterdam DC,Rotterdam,NL,London,GB,464,1718.86,road,cases,19919.01,0
SO-00504,2025-12-04,C-BER-021,Rotterdam DC,Rotterdam,NL,Berlin,DE,578,1839.52,road,chargers,45213.25,0
SO-01448,2025-12-04,C-MIL-007,Rotterdam DC,Rotterdam,NL,Milan,IT,700,1540.46,road,audio,22084.5,0
SO-01471,2025-12-04,C-MIL-006,Rotterdam DC,Rotterdam,NL,Milan,IT,154,481.76,road,chargers,31482.88,0
SO-01869,2025-12-04,C-STO-031,Rotterdam DC,Rotterdam,NL,Stockholm,SE,555,1696.65,road,chargers,20785.41,0
SO-02286,2025-12-04,C-TOK-023,Shenzhen DC,Shenzhen,CN,Tokyo,JP,297,751.94,sea,chargers,43499.72,0
SO-03338,2025-12-04,C-MAN-002,Shenzhen DC,Shenzhen,CN,Manila,PH,255,681.61,sea,storage,15855.1,0
SO-03345,2025-12-04,C-MAN-025,Shenzhen DC,Shenzhen,CN,Manila,PH,244,811.27,sea,cables,28233.53,0
SO-04215,2025-12-04,C-NEW-001,Memphis DC,Memphis,US,New York City,US,458,1196.16,road,cables,28524.18,0
SO-04358,2025-12-04,C-NEW-003,Memphis DC,Memphis,US,New York City,US,299,788.94,road,storage,39808.08,0
SO-04578,2025-12-04,C-CHI-032,Memphis DC,Memphis,US,Chicago,US,348,1037.38,road,wearables,24847.91,0
SO-05352,2025-12-04,C-TOR-010,Memphis DC,Memphis,US,Toronto,CA,287,802.8,road,cables,32667.01,1
SO-05390,2025-12-04,C-TOR-032,Memphis DC,Memphis,US,Toronto,CA,261,877.03,road,storage,37422.71,0
SO-05541,2025-12-04,C-TOR-001,Memphis DC,Memphis,US,Toronto,CA,680,1991.81,road,cases,23566.91,0
SO-05666,2025-12-04,C-MEX-002,Memphis DC,Memphis,US,Mexico City,MX,475,1530.63,road,cases,30968.63,0
SO-06632,2025-12-04,C-CAI-007,Dubai DC,Dubai,AE,Cairo,EG,445,1259.34,sea,chargers,16940.92,0
SO-07126,2025-12-04,C-JOH-014,Dubai DC,Dubai,AE,Johannesburg,ZA,968,2117.21,sea,storage,19491.94,0
SO-07249,2025-12-04,C-KAR-039,Dubai DC,Dubai,AE,Karachi,PK,297,937.24,sea,chargers,28399.9,0
SO-07318,2025-12-04,C-KAR-006,Dubai DC,Dubai,AE,Karachi,PK,440,1054.34,sea,chargers,10421.64,0
SO-00320,2025-12-05,C-LON-024,Rotterdam DC,Rotterdam,NL,London,GB,809,1512.7,road,storage,17266.15,0
SO-02220,2025-12-05,C-TOK-028,Shenzhen DC,Shenzhen,CN,Tokyo,JP,176,660.42,sea,audio,32538.55,0
SO-02265,2025-12-05,C-TOK-019,Shenzhen DC,Shenzhen,CN,Tokyo,JP,489,975.13,sea,cables,29732.76,0
SO-02385,2025-12-05,C-TOK-025,Shenzhen DC,Shenzhen,CN,Tokyo,JP,428,1450.47,sea,wearables,38378.88,0
SO-03137,2025-12-05,C-BAN-003,Shenzhen DC,Shenzhen,CN,Bangkok,TH,425,1143.74,sea,cables,30252.83,0
SO-03512,2025-12-05,C-MUM-018,Shenzhen DC,Shenzhen,CN,Mumbai,IN,213,717.52,sea,cases,17228.15,0
SO-05802,2025-12-05,C-SAO-017,Memphis DC,Memphis,US,Sao Paulo,BR,431,1051.61,sea,audio,24027.2,0
SO-06843,2025-12-05,C-NAI-033,Dubai DC,Dubai,AE,Nairobi,KE,209,671.01,air,wearables,22890.72,0
SO-06884,2025-12-05,C-NAI-031,Dubai DC,Dubai,AE,Nairobi,KE,181,651.33,air,audio,6574.98,0
SO-06954,2025-12-05,C-LAG-010,Dubai DC,Dubai,AE,Lagos,NG,550,978.15,air,wearables,21267.85,0
SO-07350,2025-12-05,C-KAR-012,Dubai DC,Dubai,AE,Karachi,PK,206,696.03,sea,storage,20469.93,0
SO-00013,2025-12-06,C-LON-020,Rotterdam DC,Rotterdam,NL,London,GB,408,1512.3,road,storage,17195.08,0
SO-00895,2025-12-06,C-PAR-001,Rotterdam DC,Rotterdam,NL,Paris,FR,353,617.61,road,cables,31301.09,0
SO-01009,2025-12-06,C-PAR-019,Rotterdam DC,Rotterdam,NL,Paris,FR,582,1062.58,road,cables,27822.73,0
SO-01449,2025-12-06,C-MIL-001,Rotterdam DC,Rotterdam,NL,Milan,IT,322,1070.32,road,chargers,40330.51,0
SO-01527,2025-12-06,C-MIL-033,Rotterdam DC,Rotterdam,NL,Milan,IT,441,1129.83,road,wearables,21488.25,0
SO-02445,2025-12-06,C-SEO-007,Shenzhen DC,Shenzhen,CN,Seoul,KR,293,969.47,sea,cables,31144.48,0
SO-03304,2025-12-06,C-JAK-005,Shenzhen DC,Shenzhen,CN,Jakarta,ID,449,1579.92,sea,storage,21987.21,0
SO-03420,2025-12-06,C-MAN-005,Shenzhen DC,Shenzhen,CN,Manila,PH,93,342.81,sea,cables,34225.44,0
SO-03532,2025-12-06,C-MUM-030,Shenzhen DC,Shenzhen,CN,Mumbai,IN,244,839.52,sea,wearables,17038.25,0
SO-03953,2025-12-06,C-AUC-011,Rotterdam DC,Rotterdam,NL,Auckland,NZ,357,869.55,air,cables,26548.76,0
SO-04258,2025-12-06,C-NEW-003,Memphis DC,Memphis,US,New York City,US,315,665.02,road,chargers,24738.21,0
SO-04395,2025-12-06,C-NEW-031,Memphis DC,Memphis,US,New York City,US,786,1153.6,road,storage,36475.99,0
SO-04679,2025-12-06,C-CHI-029,Memphis DC,Memphis,US,Chicago,US,310,909.82,road,cases,20623.32,0
SO-04789,2025-12-06,C-CHI-023,Memphis DC,Memphis,US,Chicago,US,259,919.97,road,cases,27619.39,0
SO-05318,2025-12-06,C-TOR-009,Memphis DC,Memphis,US,Toronto,CA,462,1258.64,road,cables,36446.6,0
SO-05453,2025-12-06,C-TOR-020,Memphis DC,Memphis,US,Toronto,CA,512,1006.02,road,wearables,28944.92,0
SO-05619,2025-12-06,C-MEX-011,Memphis DC,Memphis,US,Mexico City,MX,122,380.33,road,chargers,27343.36,0
SO-05829,2025-12-06,C-SAO-024,Memphis DC,Memphis,US,Sao Paulo,BR,638,1362.36,sea,storage,19152.58,0
SO-06507,2025-12-06,C-RIY-028,Dubai DC,Dubai,AE,Riyadh,SA,587,1290.07,road,audio,9022.58,0
SO-06784,2025-12-06,C-CAI-013,Dubai DC,Dubai,AE,Cairo,EG,599,1182.26,sea,chargers,23822.69,0
SO-00644,2025-12-07,C-BER-002,Rotterdam DC,Rotterdam,NL,Berlin,DE,367,1315.82,road,audio,26980.41,0
SO-01206,2025-12-07,C-MAD-006,Rotterdam DC,Rotterdam,NL,Madrid,ES,515,1229.72,road,audio,40708.76,0
SO-01508,2025-12-07,C-MIL-019,Rotterdam DC,Rotterdam,NL,Milan,IT,565,1294.63,road,cases,19300.86,0
SO-01597,2025-12-07,C-WAR-001,Rotterdam DC,Rotterdam,NL,Warsaw,PL,416,1404.73,road,storage,39878.89,0
SO-01777,2025-12-07,C-WAR-005,Rotterdam DC,Rotterdam,NL,Warsaw,PL,424,955.02,road,wearables,25492.25,0
SO-02452,2025-12-07,C-SEO-038,Shenzhen DC,Shenzhen,CN,Seoul,KR,399,821.8,sea,wearables,16725.95,0
SO-03346,2025-12-07,C-MAN-001,Shenzhen DC,Shenzhen,CN,Manila,PH,195,574.36,sea,wearables,30341.29,0
SO-03754,2025-12-07,C-SYD-027,Rotterdam DC,Rotterdam,NL,Sydney,AU,195,669.22,air,cases,33234.53,0
SO-04230,2025-12-07,C-NEW-028,Memphis DC,Memphis,US,New York City,US,386,1415.21,road,cases,12942.43,0
SO-04444,2025-12-07,C-NEW-005,Memphis DC,Memphis,US,New York City,US,288,1086.42,road,storage,25238.65,0
SO-04931,2025-12-07,C-LOS-022,Memphis DC,Memphis,US,Los Angeles,US,342,891.87,road,storage,18541.85,0
SO-05486,2025-12-07,C-TOR-020,Memphis DC,Memphis,US,Toronto,CA,431,1229.4,road,cables,41737.18,0
SO-06072,2025-12-07,C-BOG-013,Memphis DC,Memphis,US,Bogota,CO,163,477.34,air,wearables,19687.26,0
SO-06152,2025-12-07,C-SAN-007,Memphis DC,Memphis,US,Santiago,CL,983,2304.0,sea,storage,22330.56,0
SO-06329,2025-12-07,C-BUE-025,Memphis DC,Memphis,US,Buenos Aires,AR,407,1184.14,sea,cases,19535.33,0
SO-06698,2025-12-07,C-CAI-004,Dubai DC,Dubai,AE,Cairo,EG,678,1701.67,sea,cables,24166.91,0
SO-06748,2025-12-07,C-CAI-017,Dubai DC,Dubai,AE,Cairo,EG,503,1396.84,sea,chargers,17714.85,0
SO-06759,2025-12-07,C-CAI-038,Dubai DC,Dubai,AE,Cairo,EG,215,751.28,sea,cases,17163.36,0
SO-07229,2025-12-07,C-KAR-032,Dubai DC,Dubai,AE,Karachi,PK,516,1273.06,sea,wearables,21450.14,0
SO-00109,2025-12-08,C-LON-010,Rotterdam DC,Rotterdam,NL,London,GB,467,1208.11,road,cables,27360.84,0
SO-00268,2025-12-08,C-LON-037,Rotterdam DC,Rotterdam,NL,London,GB,267,1035.33,road,chargers,26623.5,0
SO-00651,2025-12-08,C-BER-021,Rotterdam DC,Rotterdam,NL,Berlin,DE,315,1135.88,road,cables,35460.9,0
SO-00656,2025-12-08,C-BER-023,Rotterdam DC,Rotterdam,NL,Berlin,DE,954,1362.59,road,storage,17160.19,0
SO-01730,2025-12-08,C-WAR-016,Rotterdam DC,Rotterdam,NL,Warsaw,PL,477,1843.5,road,cases,30846.56,0
SO-02011,2025-12-08,C-DUB-035,Rotterdam DC,Rotterdam,NL,Dublin,IE,184,694.71,air,cases,19721.42,0
SO-02462,2025-12-08,C-SEO-001,Shenzhen DC,Shenzhen,CN,Seoul,KR,177,592.91,sea,audio,38450.42,0
SO-03491,2025-12-08,C-MAN-032,Shenzhen DC,Shenzhen,CN,Manila,PH,503,939.46,sea,cases,28887.18,0
SO-03837,2025-12-08,C-SYD-026,Rotterdam DC,Rotterdam,NL,Sydney,AU,319,786.53,air,cables,47527.47,0
SO-03916,2025-12-08,C-SYD-021,Rotterdam DC,Rotterdam,NL,Sydney,AU,235,593.15,air,chargers,29854.95,0
SO-03920,2025-12-08,C-SYD-029,Rotterdam DC,Rotterdam,NL,Sydney,AU,342,753.64,air,audio,49582.03,0
SO-04148,2025-12-08,C-NEW-021,Memphis DC,Memphis,US,New York City,US,576,1219.74,road,wearables,23781.04,0
SO-04387,2025-12-08,C-NEW-003,Memphis DC,Memphis,US,New York City,US,339,837.17,road,audio,15188.89,0
SO-04455,2025-12-08,C-NEW-031,Memphis DC,Memphis,US,New York City,US,304,1009.78,road,wearables,24633.47,0
SO-04632,2025-12-08,C-CHI-027,Memphis DC,Memphis,US,Chicago,US,245,620.78,road,cables,29772.45,0
SO-04662,2025-12-08,C-CHI-026,Memphis DC,Memphis,US,Chicago,US,401,1432.35,road,audio,33341.23,0
SO-04756,2025-12-08,C-CHI-025,Memphis DC,Memphis,US,Chicago,US,468,1239.27,road,audio,35517.76,0
SO-05641,2025-12-08,C-MEX-030,Memphis DC,Memphis,US,Mexico City,MX,946,2081.09,road,wearables,34367.0,0
SO-05925,2025-12-08,C-SAO-031,Memphis DC,Memphis,US,Sao Paulo,BR,716,2294.26,sea,chargers,13628.23,0
SO-06600,2025-12-08,C-RIY-014,Dubai DC,Dubai,AE,Riyadh,SA,1401,1967.98,road,cases,25535.48,0
SO-06651,2025-12-08,C-CAI-001,Dubai DC,Dubai,AE,Cairo,EG,472,1515.14,sea,cases,18603.35,0
SO-06894,2025-12-08,C-NAI-005,Dubai DC,Dubai,AE,Nairobi,KE,172,544.8,air,storage,19417.95,0
SO-06967,2025-12-08,C-LAG-018,Dubai DC,Dubai,AE,Lagos,NG,252,857.5,air,cases,8300.94,0
SO-07059,2025-12-08,C-LAG-021,Dubai DC,Dubai,AE,Lagos,NG,573,934.35,air,storage,10929.88,0
SO-07309,2025-12-08,C-KAR-007,Dubai DC,Dubai,AE,Karachi,PK,690,1136.71,sea,audio,12796.88,0
SO-00602,2025-12-09,C-BER-002,Rotterdam DC,Rotterdam,NL,Berlin,DE,441,1664.59,road,audio,30813.63,0
SO-00621,2025-12-09,C-BER-017,Rotterdam DC,Rotterdam,NL,Berlin,DE,486,1366.45,road,cables,36477.86,0
SO-00646,2025-12-09,C-BER-023,Rotterdam DC,Rotterdam,NL,Berlin,DE,637,992.02,road,audio,27867.87,0
SO-01169,2025-12-09,C-MAD-031,Rotterdam DC,Rotterdam,NL,Madrid,ES,328,943.15,road,storage,35673.8,0
SO-01395,2025-12-09,C-MIL-011,Rotterdam DC,Rotterdam,NL,Milan,IT,253,882.81,road,audio,24647.35,0
SO-02105,2025-12-09,C-TOK-011,Shenzhen DC,Shenzhen,CN,Tokyo,JP,222,820.88,sea,cables,29568.51,0
SO-02667,2025-12-09,C-SIN-005,Shenzhen DC,Shenzhen,CN,Singapore,SG,198,634.31,sea,cases,25593.6,0
SO-02804,2025-12-09,C-SIN-020,Shenzhen DC,Shenzhen,CN,Singapore,SG,599,1089.01,sea,cases,31384.86,0
SO-03161,2025-12-09,C-JAK-038,Shenzhen DC,Shenzhen,CN,Jakarta,ID,861,1223.1,sea,audio,35467.49,0
SO-03356,2025-12-09,C-MAN-011,Shenzhen DC,Shenzhen,CN,Manila,PH,381,1123.61,sea,chargers,27386.69,1
SO-04208,2025-12-09,C-NEW-008,Memphis DC,Memphis,US,New York City,US,329,1179.92,road,chargers,18172.01,0
SO-04486,2025-12-09,C-NEW-006,Memphis DC,Memphis,US,New York City,US,324,1132.84,road,audio,25583.07,0
SO-04885,2025-12-09,C-CHI-018,Memphis DC,Memphis,US,Chicago,US,415,1148.43,road,audio,21771.25,0
SO-05315,2025-12-09,C-TOR-004,Memphis DC,Memphis,US,Toronto,CA,360,1143.93,road,storage,27161.86,0
SO-05481,2025-12-09,C-TOR-031,Memphis DC,Memphis,US,Toronto,CA,393,1482.06,road,chargers,26327.46,0
SO-05653,2025-12-09,C-MEX-004,Memphis DC,Memphis,US,Mexico City,MX,435,814.66,road,audio,25416.95,0
SO-06238,2025-12-09,C-BUE-028,Memphis DC,Memphis,US,Buenos Aires,AR,481,1773.9,sea,cables,24246.81,0
SO-06261,2025-12-09,C-BUE-015,Memphis DC,Memphis,US,Buenos Aires,AR,506,1462.49,sea,cases,17540.76,0
SO-06324,2025-12-09,C-BUE-022,Memphis DC,Memphis,US,Buenos Aires,AR,471,1195.91,sea,cases,33374.11,0
SO-06537,2025-12-09,C-RIY-028,Dubai DC,Dubai,AE,Riyadh,SA,128,442.05,road,audio,38191.34,0
SO-06636,2025-12-09,C-CAI-018,Dubai DC,Dubai,AE,Cairo,EG,460,1711.14,sea,wearables,13962.67,0
SO-06689,2025-12-09,C-CAI-010,Dubai DC,Dubai,AE,Cairo,EG,440,1166.64,sea,audio,21189.82,0
SO-07193,2025-12-09,C-JOH-029,Dubai DC,Dubai,AE,Johannesburg,ZA,403,1373.56,sea,wearables,32956.45,0
SO-00830,2025-12-10,C-PAR-001,Rotterdam DC,Rotterdam,NL,Paris,FR,327,1194.36,road,wearables,15219.7,0
SO-00835,2025-12-10,C-PAR-007,Rotterdam DC,Rotterdam,NL,Paris,FR,561,2044.75,road,audio,34086.79,0
SO-00890,2025-12-10,C-PAR-009,Rotterdam DC,Rotterdam,NL,Paris,FR,851,1334.53,road,cables,32139.27,0
SO-01054,2025-12-10,C-PAR-007,Rotterdam DC,Rotterdam,NL,Paris,FR,448,1418.99,road,wearables,28639.62,0
SO-01265,2025-12-10,C-MAD-032,Rotterdam DC,Rotterdam,NL,Madrid,ES,429,1422.79,road,wearables,26618.85,0
SO-03623,2025-12-10,C-MUM-021,Shenzhen DC,Shenzhen,CN,Mumbai,IN,508,895.0,sea,chargers,35251.57,0
SO-03637,2025-12-10,C-MUM-026,Shenzhen DC,Shenzhen,CN,Mumbai,IN,288,1112.99,sea,audio,13346.52,0
SO-03776,2025-12-10,C-SYD-037,Rotterdam DC,Rotterdam,NL,Sydney,AU,311,875.49,air,chargers,24662.68,0
SO-04298,2025-12-10,C-NEW-017,Memphis DC,Memphis,US,New York City,US,610,968.92,road,cases,24831.87,0
SO-04391,2025-12-10,C-NEW-019,Memphis DC,Memphis,US,New York City,US,441,1494.23,road,cables,17019.65,0
SO-04445,2025-12-10,C-NEW-024,Memphis DC,Memphis,US,New York City,US,318,1145.04,road,chargers,27504.66,0
SO-04447,2025-12-10,C-NEW-019,Memphis DC,Memphis,US,New York City,US,358,793.76,road,storage,17161.3,0
SO-04464,2025-12-10,C-NEW-022,Memphis DC,Memphis,US,New York City,US,422,607.76,road,storage,43707.17,0
SO-04562,2025-12-10,C-CHI-039,Memphis DC,Memphis,US,Chicago,US,435,917.04,road,wearables,20976.93,0
SO-04577,2025-12-10,C-CHI-012,Memphis DC,Memphis,US,Chicago,US,475,1684.58,road,cables,21792.19,0
SO-05291,2025-12-10,C-LOS-029,Memphis DC,Memphis,US,Los Angeles,US,574,2011.24,road,audio,21658.01,1
SO-06392,2025-12-10,C-RIY-029,Dubai DC,Dubai,AE,Riyadh,SA,521,1616.51,road,storage,27830.43,0
SO-06573,2025-12-10,C-RIY-016,Dubai DC,Dubai,AE,Riyadh,SA,221,753.75,road,cases,29199.94,0
SO-06841,2025-12-10,C-NAI-024,Dubai DC,Dubai,AE,Nairobi,KE,429,1209.88,air,storage,23477.84,1
SO-06872,2025-12-10,C-NAI-038,Dubai DC,Dubai,AE,Nairobi,KE,237,868.86,air,storage,18382.0,0
SO-06965,2025-12-10,C-LAG-004,Dubai DC,Dubai,AE,Lagos,NG,310,1167.81,air,chargers,5765.22,1
SO-07258,2025-12-10,C-KAR-025,Dubai DC,Dubai,AE,Karachi,PK,567,978.25,sea,cases,28097.44,0
SO-00418,2025-12-11,C-BER-012,Rotterdam DC,Rotterdam,NL,Berlin,DE,664,1539.17,road,cables,23986.84,0
SO-01287,2025-12-11,C-MAD-039,Rotterdam DC,Rotterdam,NL,Madrid,ES,165,364.18,road,wearables,10815.37,0
SO-01482,2025-12-11,C-MIL-032,Rotterdam DC,Rotterdam,NL,Milan,IT,632,1588.89,road,storage,22147.15,0
SO-01972,2025-12-11,C-DUB-013,Rotterdam DC,Rotterdam,NL,Dublin,IE,368,872.57,air,chargers,22118.46,1
SO-03116,2025-12-11,C-BAN-018,Shenzhen DC,Shenzhen,CN,Bangkok,TH,828,1475.68,sea,cables,36362.63,0
SO-03697,2025-12-11,C-MUM-026,Shenzhen DC,Shenzhen,CN,Mumbai,IN,641,2264.79,sea,cables,32309.8,0
SO-03887,2025-12-11,C-SYD-036,Rotterdam DC,Rotterdam,NL,Sydney,AU,414,1044.11,air,storage,37435.5,0
SO-03941,2025-12-11,C-AUC-028,Rotterdam DC,Rotterdam,NL,Auckland,NZ,146,442.9,air,wearables,39912.25,0
SO-04633,2025-12-11,C-CHI-018,Memphis DC,Memphis,US,Chicago,US,290,1048.82,road,cables,22982.5,0
SO-04884,2025-12-11,C-CHI-030,Memphis DC,Memphis,US,Chicago,US,749,1544.62,road,chargers,24409.03,0
SO-05891,2025-12-11,C-SAO-013,Memphis DC,Memphis,US,Sao Paulo,BR,389,672.88,sea,cases,22205.77,0
SO-06307,2025-12-11,C-BUE-023,Memphis DC,Memphis,US,Buenos Aires,AR,499,1844.01,sea,wearables,36794.37,0
SO-07108,2025-12-11,C-JOH-037,Dubai DC,Dubai,AE,Johannesburg,ZA,525,1218.68,sea,cases,21213.69,0
SO-00619,2025-12-12,C-BER-028,Rotterdam DC,Rotterdam,NL,Berlin,DE,270,901.1,road,cases,40033.86,0
SO-00638,2025-12-12,C-BER-028,Rotterdam DC,Rotterdam,NL,Berlin,DE,309,1140.59,road,chargers,30553.84,0
SO-00684,2025-12-12,C-BER-033,Rotterdam DC,Rotterdam,NL,Berlin,DE,422,1287.63,road,storage,25600.14,0
SO-00694,2025-12-12,C-BER-035,Rotterdam DC,Rotterdam,NL,Berlin,DE,617,1071.24,road,chargers,29492.45,0
SO-02361,2025-12-12,C-TOK-018,Shenzhen DC,Shenzhen,CN,Tokyo,JP,266,396.39,sea,storage,31564.75,0
SO-02923,2025-12-12,C-SIN-024,Shenzhen DC,Shenzhen,CN,Singapore,SG,340,1045.83,sea,audio,25678.97,0
SO-02966,2025-12-12,C-BAN-034,Shenzhen DC,Shenzhen,CN,Bangkok,TH,85,301.01,sea,chargers,23589.18,1
SO-03168,2025-12-12,C-JAK-005,Shenzhen DC,Shenzhen,CN,Jakarta,ID,565,1161.72,sea,storage,28567.67,0
SO-03502,2025-12-12,C-MUM-019,Shenzhen DC,Shenzhen,CN,Mumbai,IN,380,990.08,sea,audio,12895.19,0
SO-04725,2025-12-12,C-CHI-008,Memphis DC,Memphis,US,Chicago,US,659,1302.56,road,cables,19514.39,0
SO-04790,2025-12-12,C-CHI-034,Memphis DC,Memphis,US,Chicago,US,914,1326.57,road,cases,22940.84,0
SO-04853,2025-12-12,C-CHI-026,Memphis DC,Memphis,US,Chicago,US,790,1269.82,road,cables,32393.54,0
SO-04921,2025-12-12,C-CHI-033,Memphis DC,Memphis,US,Chicago,US,651,943.22,road,cables,27809.7,0
SO-04966,2025-12-12,C-LOS-033,Memphis DC,Memphis,US,Los Angeles,US,748,1541.15,road,cables,19068.3,0
SO-05712,2025-12-12,C-MEX-014,Memphis DC,Memphis,US,Mexico City,MX,145,458.34,road,wearables,14192.26,0
SO-05836,2025-12-12,C-SAO-027,Memphis DC,Memphis,US,Sao Paulo,BR,530,1921.99,sea,wearables,35215.64,0
SO-05878,2025-12-12,C-SAO-027,Memphis DC,Memphis,US,Sao Paulo,BR,801,1640.0,sea,wearables,31284.21,0
SO-06311,2025-12-12,C-BUE-037,Memphis DC,Memphis,US,Buenos Aires,AR,340,1215.42,sea,audio,20399.62,1
SO-06574,2025-12-12,C-RIY-005,Dubai DC,Dubai,AE,Riyadh,SA,692,1330.39,road,cases,25037.79,0
SO-06919,2025-12-12,C-NAI-019,Dubai DC,Dubai,AE,Nairobi,KE,417,957.62,air,chargers,27506.81,0
SO-00097,2025-12-13,C-LON-001,Rotterdam DC,Rotterdam,NL,London,GB,803,1276.0,road,chargers,27149.08,1
SO-00161,2025-12-13,C-LON-018,Rotterdam DC,Rotterdam,NL,London,GB,333,748.91,road,cables,29586.48,0
SO-00182,2025-12-13,C-LON-022,Rotterdam DC,Rotterdam,NL,London,GB,44,156.19,road,chargers,13912.28,0
SO-00484,2025-12-13,C-BER-022,Rotterdam DC,Rotterdam,NL,Berlin,DE,506,1142.0,road,chargers,22267.17,0
SO-00639,2025-12-13,C-BER-019,Rotterdam DC,Rotterdam,NL,Berlin,DE,302,639.12,road,cables,24128.3,0
SO-00877,2025-12-13,C-PAR-022,Rotterdam DC,Rotterdam,NL,Paris,FR,781,1305.77,road,audio,21244.61,0
SO-01085,2025-12-13,C-PAR-017,Rotterdam DC,Rotterdam,NL,Paris,FR,717,1423.68,road,wearables,19445.69,1
SO-01713,2025-12-13,C-WAR-001,Rotterdam DC,Rotterdam,NL,Warsaw,PL,972,1444.79,road,audio,24865.48,1
SO-02640,2025-12-13,C-SEO-004,Shenzhen DC,Shenzhen,CN,Seoul,KR,368,816.71,sea,cables,30764.8,0
SO-02949,2025-12-13,C-BAN-004,Shenzhen DC,Shenzhen,CN,Bangkok,TH,570,1510.84,sea,cases,28653.56,0
SO-03157,2025-12-13,C-JAK-002,Shenzhen DC,Shenzhen,CN,Jakarta,ID,464,1140.06,sea,storage,18726.84,0
SO-03179,2025-12-13,C-JAK-020,Shenzhen DC,Shenzhen,CN,Jakarta,ID,269,853.73,sea,wearables,15771.18,0
SO-03246,2025-12-13,C-JAK-025,Shenzhen DC,Shenzhen,CN,Jakarta,ID,252,887.95,sea,cases,28003.07,0
SO-04062,2025-12-13,C-NEW-002,Memphis DC,Memphis,US,New York City,US,636,999.9,road,storage,18130.98,1
SO-04771,2025-12-13,C-CHI-034,Memphis DC,Memphis,US,Chicago,US,296,979.94,road,wearables,30121.65,0
SO-06848,2025-12-13,C-NAI-001,Dubai DC,Dubai,AE,Nairobi,KE,313,915.74,air,chargers,21096.87,0
SO-06858,2025-12-13,C-NAI-023,Dubai DC,Dubai,AE,Nairobi,KE,384,850.93,air,audio,20227.69,0
SO-00007,2025-12-14,C-LON-033,Rotterdam DC,Rotterdam,NL,London,GB,399,999.52,road,audio,22285.68,1
SO-00047,2025-12-14,C-LON-010,Rotterdam DC,Rotterdam,NL,London,GB,407,1597.18,road,cables,23489.1,1
SO-00546,2025-12-14,C-BER-019,Rotterdam DC,Rotterdam,NL,Berlin,DE,91,212.66,road,wearables,30564.08,0
SO-00959,2025-12-14,C-PAR-009,Rotterdam DC,Rotterdam,NL,Paris,FR,754,1722.17,road,wearables,18947.72,0
SO-02076,2025-12-14,C-TOK-020,Shenzhen DC,Shenzhen,CN,Tokyo,JP,260,959.99,sea,cases,33177.15,0
SO-02348,2025-12-14,C-TOK-004,Shenzhen DC,Shenzhen,CN,Tokyo,JP,622,1390.6,sea,cables,19603.73,0
SO-02594,2025-12-14,C-SEO-001,Shenzhen DC,Shenzhen,CN,Seoul,KR,461,1548.47,sea,wearables,21546.69,0
SO-02691,2025-12-14,C-SIN-034,Shenzhen DC,Shenzhen,CN,Singapore,SG,431,1488.66,sea,wearables,21395.66,0
SO-02861,2025-12-14,C-SIN-007,Shenzhen DC,Shenzhen,CN,Singapore,SG,351,922.05,sea,cases,25822.07,0
SO-03061,2025-12-14,C-BAN-013,Shenzhen DC,Shenzhen,CN,Bangkok,TH,489,786.71,sea,cables,39632.84,0
SO-04026,2025-12-14,C-AUC-026,Rotterdam DC,Rotterdam,NL,Auckland,NZ,154,509.56,air,chargers,34371.09,0
SO-04369,2025-12-14,C-NEW-035,Memphis DC,Memphis,US,New York City,US,279,735.15,road,wearables,34515.19,0
SO-04721,2025-12-14,C-CHI-001,Memphis DC,Memphis,US,Chicago,US,554,1382.36,road,cases,31927.3,0
SO-05328,2025-12-14,C-TOR-014,Memphis DC,Memphis,US,Toronto,CA,647,1130.84,road,chargers,27440.15,0
SO-05520,2025-12-14,C-TOR-021,Memphis DC,Memphis,US,Toronto,CA,508,1434.02,road,cables,22469.98,0
SO-05652,2025-12-14,C-MEX-005,Memphis DC,Memphis,US,Mexico City,MX,836,1359.91,road,cases,30761.59,0
SO-06098,2025-12-14,C-SAN-022,Memphis DC,Memphis,US,Santiago,CL,783,2073.36,sea,wearables,34029.13,0
SO-06673,2025-12-14,C-CAI-024,Dubai DC,Dubai,AE,Cairo,EG,1339,2363.06,sea,audio,15086.72,0
SO-06892,2025-12-14,C-NAI-001,Dubai DC,Dubai,AE,Nairobi,KE,241,678.95,air,storage,25116.59,0
SO-00460,2025-12-15,C-BER-003,Rotterdam DC,Rotterdam,NL,Berlin,DE,485,1655.4,road,wearables,15037.73,0
SO-00753,2025-12-15,C-PAR-033,Rotterdam DC,Rotterdam,NL,Paris,FR,484,1282.05,road,cases,20027.36,0
SO-00767,2025-12-15,C-PAR-003,Rotterdam DC,Rotterdam,NL,Paris,FR,340,1328.1,road,cases,19297.7,0
SO-01377,2025-12-15,C-MIL-038,Rotterdam DC,Rotterdam,NL,Milan,IT,552,1560.82,road,cables,29270.96,0
SO-01592,2025-12-15,C-MIL-012,Rotterdam DC,Rotterdam,NL,Milan,IT,239,828.43,road,chargers,23371.16,0
SO-02440,2025-12-15,C-SEO-012,Shenzhen DC,Shenzhen,CN,Seoul,KR,400,757.0,sea,audio,46210.39,0
SO-02833,2025-12-15,C-SIN-006,Shenzhen DC,Shenzhen,CN,Singapore,SG,381,1216.2,sea,audio,37907.75,0
SO-03077,2025-12-15,C-BAN-029,Shenzhen DC,Shenzhen,CN,Bangkok,TH,438,1299.59,sea,wearables,21584.15,0
SO-04319,2025-12-15,C-NEW-020,Memphis DC,Memphis,US,New York City,US,366,1059.27,road,cables,35703.12,0
SO-04359,2025-12-15,C-NEW-029,Memphis DC,Memphis,US,New York City,US,533,927.98,road,wearables,23944.34,0
SO-04644,2025-12-15,C-CHI-015,Memphis DC,Memphis,US,Chicago,US,655,1317.26,road,wearables,17378.55,0
SO-05029,2025-12-15,C-LOS-034,Memphis DC,Memphis,US,Los Angeles,US,258,855.33,road,wearables,27494.88,0
SO-05049,2025-12-15,C-LOS-004,Memphis DC,Memphis,US,Los Angeles,US,543,1693.37,road,chargers,19150.81,0
SO-05159,2025-12-15,C-LOS-014,Memphis DC,Memphis,US,Los Angeles,US,1,0.5,road,wearables,24198.82,0
SO-05924,2025-12-15,C-SAO-005,Memphis DC,Memphis,US,Sao Paulo,BR,391,896.76,sea,chargers,21650.15,0
SO-05953,2025-12-15,C-SAO-019,Memphis DC,Memphis,US,Sao Paulo,BR,451,1097.75,sea,cables,31876.18,0
SO-05987,2025-12-15,C-BOG-016,Memphis DC,Memphis,US,Bogota,CO,374,990.82,air,cables,31170.49,0
SO-06189,2025-12-15,C-SAN-034,Memphis DC,Memphis,US,Santiago,CL,686,1879.63,sea,cables,18913.45,0
SO-06932,2025-12-15,C-LAG-005,Dubai DC,Dubai,AE,Lagos,NG,310,966.87,air,chargers,7146.61,1
SO-00002,2025-12-16,C-LON-009,Rotterdam DC,Rotterdam,NL,London,GB,515,1120.45,road,audio,18846.5,0
SO-00280,2025-12-16,C-LON-010,Rotterdam DC,Rotterdam,NL,London,GB,313,1032.73,road,storage,29096.67,0
SO-00347,2025-12-16,C-LON-025,Rotterdam DC,Rotterdam,NL,London,GB,263,822.97,road,cases,25490.69,0
SO-01126,2025-12-16,C-MAD-023,Rotterdam DC,Rotterdam,NL,Madrid,ES,264,1032.39,road,cables,33252.34,0
SO-01388,2025-12-16,C-MIL-028,Rotterdam DC,Rotterdam,NL,Milan,IT,228,871.91,road,storage,26263.3,0
SO-01659,2025-12-16,C-WAR-012,Rotterdam DC,Rotterdam,NL,Warsaw,PL,186,649.39,road,chargers,29521.47,0
SO-02139,2025-12-16,C-TOK-035,Shenzhen DC,Shenzhen,CN,Tokyo,JP,138,539.9,sea,wearables,31936.92,0
SO-02843,2025-12-16,C-SIN-006,Shenzhen DC,Shenzhen,CN,Singapore,SG,180,430.67,sea,cases,35029.29,0
SO-03020,2025-12-16,C-BAN-011,Shenzhen DC,Shenzhen,CN,Bangkok,TH,882,1457.21,sea,storage,17456.74,0
SO-03302,2025-12-16,C-JAK-003,Shenzhen DC,Shenzhen,CN,Jakarta,ID,378,1440.04,sea,cases,22816.44,0
SO-04509,2025-12-16,C-NEW-012,Memphis DC,Memphis,US,New York City,US,194,529.24,road,cables,22104.4,0
SO-04513,2025-12-16,C-NEW-026,Memphis DC,Memphis,US,New York City,US,410,919.21,road,cables,27164.55,0
SO-05418,2025-12-16,C-TOR-027,Memphis DC,Memphis,US,Toronto,CA,705,1207.69,road,cases,22920.02,0
SO-05743,2025-12-16,C-MEX-036,Memphis DC,Memphis,US,Mexico City,MX,540,1638.51,road,chargers,18493.28,0
SO-06162,2025-12-16,C-SAN-033,Memphis DC,Memphis,US,Santiago,CL,392,1475.76,sea,storage,34304.59,0
SO-07216,2025-12-16,C-JOH-015,Dubai DC,Dubai,AE,Johannesburg,ZA,948,1808.21,sea,wearables,22529.5,0
SO-00357,2025-12-17,C-LON-009,Rotterdam DC,Rotterdam,NL,London,GB,413,1496.74,road,audio,25420.83,0
SO-00860,2025-12-17,C-PAR-015,Rotterdam DC,Rotterdam,NL,Paris,FR,359,1369.52,road,storage,39825.82,0
SO-01925,2025-12-17,C-STO-035,Rotterdam DC,Rotterdam,NL,Stockholm,SE,322,805.22,road,cases,21264.95,0
SO-02200,2025-12-17,C-TOK-004,Shenzhen DC,Shenzhen,CN,Tokyo,JP,342,1054.22,sea,cables,14822.8,0
SO-02202,2025-12-17,C-TOK-003,Shenzhen DC,Shenzhen,CN,Tokyo,JP,452,756.39,sea,chargers,14211.87,0
SO-02568,2025-12-17,C-SEO-030,Shenzhen DC,Shenzhen,CN,Seoul,KR,216,528.8,sea,storage,36165.14,0
SO-02813,2025-12-17,C-SIN-024,Shenzhen DC,Shenzhen,CN,Singapore,SG,219,802.32,sea,cables,31089.18,0
SO-03151,2025-12-17,C-BAN-022,Shenzhen DC,Shenzhen,CN,Bangkok,TH,547,857.97,sea,chargers,17293.02,0
SO-03216,2025-12-17,C-JAK-031,Shenzhen DC,Shenzhen,CN,Jakarta,ID,566,1580.16,sea,cables,10989.77,0
SO-03525,2025-12-17,C-MUM-004,Shenzhen DC,Shenzhen,CN,Mumbai,IN,618,1392.34,sea,audio,18061.76,0
SO-03886,2025-12-17,C-SYD-006,Rotterdam DC,Rotterdam,NL,Sydney,AU,359,915.5,air,audio,36925.35,0
SO-06396,2025-12-17,C-RIY-028,Dubai DC,Dubai,AE,Riyadh,SA,242,962.05,road,audio,14176.4,0
SO-00156,2025-12-18,C-LON-012,Rotterdam DC,Rotterdam,NL,London,GB,509,1018.77,road,audio,32659.85,0
SO-00337,2025-12-18,C-LON-033,Rotterdam DC,Rotterdam,NL,London,GB,339,988.56,road,cases,33140.35,0
SO-01304,2025-12-18,C-MAD-036,Rotterdam DC,Rotterdam,NL,Madrid,ES,631,1508.87,road,chargers,38206.0,0
SO-02020,2025-12-18,C-DUB-011,Rotterdam DC,Rotterdam,NL,Dublin,IE,272,383.49,air,storage,24862.06,0
SO-02023,2025-12-18,C-DUB-033,Rotterdam DC,Rotterdam,NL,Dublin,IE,321,544.89,air,cables,20187.59,0
SO-02362,2025-12-18,C-TOK-020,Shenzhen DC,Shenzhen,CN,Tokyo,JP,282,1050.82,sea,cables,30554.99,0
SO-02521,2025-12-18,C-SEO-035,Shenzhen DC,Shenzhen,CN,Seoul,KR,810,1498.34,sea,cables,27795.0,0
SO-02664,2025-12-18,C-SIN-030,Shenzhen DC,Shenzhen,CN,Singapore,SG,162,412.91,sea,audio,34000.46,0
SO-02746,2025-12-18,C-SIN-011,Shenzhen DC,Shenzhen,CN,Singapore,SG,398,1078.68,sea,storage,17370.33,0
SO-03194,2025-12-18,C-JAK-033,Shenzhen DC,Shenzhen,CN,Jakarta,ID,484,1106.99,sea,cases,32844.99,0
SO-03763,2025-12-18,C-SYD-001,Rotterdam DC,Rotterdam,NL,Sydney,AU,244,879.92,air,storage,20612.14,0
SO-03879,2025-12-18,C-SYD-033,Rotterdam DC,Rotterdam,NL,Sydney,AU,365,897.51,air,storage,3171.88,0
SO-04332,2025-12-18,C-NEW-034,Memphis DC,Memphis,US,New York City,US,363,1031.54,road,cables,24556.38,0
SO-04545,2025-12-18,C-CHI-012,Memphis DC,Memphis,US,Chicago,US,446,1298.7,road,cables,39322.03,1
SO-04613,2025-12-18,C-CHI-021,Memphis DC,Memphis,US,Chicago,US,564,800.86,road,cables,16596.55,0
SO-04913,2025-12-18,C-CHI-002,Memphis DC,Memphis,US,Chicago,US,588,1225.58,road,wearables,28271.39,0
SO-05192,2025-12-18,C-LOS-030,Memphis DC,Memphis,US,Los Angeles,US,445,936.99,road,cables,38181.91,0
SO-05253,2025-12-18,C-LOS-015,Memphis DC,Memphis,US,Los Angeles,US,817,1164.08,road,chargers,20963.54,0
SO-06048,2025-12-18,C-BOG-017,Memphis DC,Memphis,US,Bogota,CO,299,865.3,air,wearables,17695.59,0
SO-00150,2025-12-19,C-LON-031,Rotterdam DC,Rotterdam,NL,London,GB,331,1187.7,road,cables,23483.9,0
SO-00787,2025-12-19,C-PAR-035,Rotterdam DC,Rotterdam,NL,Paris,FR,267,635.79,road,cables,30304.87,0
SO-01181,2025-12-19,C-MAD-034,Rotterdam DC,Rotterdam,NL,Madrid,ES,790,1858.04,road,storage,40012.84,0
SO-01615,2025-12-19,C-WAR-030,Rotterdam DC,Rotterdam,NL,Warsaw,PL,942,2113.64,road,cases,47122.33,0
SO-02950,2025-12-19,C-BAN-037,Shenzhen DC,Shenzhen,CN,Bangkok,TH,500,1717.85,sea,cables,19684.12,0
SO-02963,2025-12-19,C-BAN-004,Shenzhen DC,Shenzhen,CN,Bangkok,TH,546,1596.71,sea,cables,33404.16,0
SO-03671,2025-12-19,C-MUM-001,Shenzhen DC,Shenzhen,CN,Mumbai,IN,209,727.12,sea,storage,31492.77,0
SO-04585,2025-12-19,C-CHI-008,Memphis DC,Memphis,US,Chicago,US,723,1492.52,road,storage,18411.7,0
SO-05219,2025-12-19,C-LOS-031,Memphis DC,Memphis,US,Los Angeles,US,657,1493.82,road,wearables,30617.18,0
SO-05231,2025-12-19,C-LOS-011,Memphis DC,Memphis,US,Los Angeles,US,412,1360.43,road,audio,22362.03,0
SO-06192,2025-12-19,C-SAN-012,Memphis DC,Memphis,US,Santiago,CL,606,1913.06,sea,chargers,29997.19,0
SO-06301,2025-12-19,C-BUE-002,Memphis DC,Memphis,US,Buenos Aires,AR,863,2065.22,sea,wearables,34669.51,0
SO-06479,2025-12-19,C-RIY-004,Dubai DC,Dubai,AE,Riyadh,SA,274,1085.12,road,audio,29776.25,0
SO-06953,2025-12-19,C-LAG-015,Dubai DC,Dubai,AE,Lagos,NG,415,639.95,air,audio,6418.36,0
SO-07007,2025-12-19,C-LAG-023,Dubai DC,Dubai,AE,Lagos,NG,269,901.94,air,cables,18710.63,0
SO-07060,2025-12-19,C-LAG-033,Dubai DC,Dubai,AE,Lagos,NG,273,808.49,air,audio,13325.03,0
SO-07210,2025-12-19,C-JOH-039,Dubai DC,Dubai,AE,Johannesburg,ZA,641,1742.33,sea,audio,21068.42,0
SO-00288,2025-12-20,C-LON-033,Rotterdam DC,Rotterdam,NL,London,GB,291,834.18,road,storage,19033.82,0
SO-00884,2025-12-20,C-PAR-018,Rotterdam DC,Rotterdam,NL,Paris,FR,155,578.4,road,cases,21646.58,0
SO-01532,2025-12-20,C-MIL-031,Rotterdam DC,Rotterdam,NL,Milan,IT,347,1114.39,road,cables,25793.1,0
SO-01960,2025-12-20,C-DUB-031,Rotterdam DC,Rotterdam,NL,Dublin,IE,142,387.57,air,cables,11986.64,0
SO-02589,2025-12-20,C-SEO-013,Shenzhen DC,Shenzhen,CN,Seoul,KR,247,949.23,sea,chargers,36473.89,0
SO-02686,2025-12-20,C-SIN-026,Shenzhen DC,Shenzhen,CN,Singapore,SG,306,1011.54,sea,chargers,34511.4,0
SO-02749,2025-12-20,C-SIN-011,Shenzhen DC,Shenzhen,CN,Singapore,SG,317,814.67,sea,storage,28681.33,0
SO-02823,2025-12-20,C-SIN-039,Shenzhen DC,Shenzhen,CN,Singapore,SG,643,1338.85,sea,cases,41675.43,0
SO-02832,2025-12-20,C-SIN-022,Shenzhen DC,Shenzhen,CN,Singapore,SG,233,787.74,sea,cases,12239.17,1
SO-02868,2025-12-20,C-SIN-039,Shenzhen DC,Shenzhen,CN,Singapore,SG,481,762.17,sea,cases,43078.39,1
SO-03068,2025-12-20,C-BAN-004,Shenzhen DC,Shenzhen,CN,Bangkok,TH,1125,1823.54,sea,cables,27810.79,0
SO-03213,2025-12-20,C-JAK-002,Shenzhen DC,Shenzhen,CN,Jakarta,ID,367,1302.05,sea,wearables,33363.05,0
SO-04531,2025-12-20,C-CHI-032,Memphis DC,Memphis,US,Chicago,US,551,1253.01,road,cables,17562.95,0
SO-05096,2025-12-20,C-LOS-012,Memphis DC,Memphis,US,Los Angeles,US,463,1133.34,road,chargers,29838.3,0
SO-05124,2025-12-20,C-LOS-034,Memphis DC,Memphis,US,Los Angeles,US,307,1208.22,road,cables,18432.51,0
SO-05677,2025-12-20,C-MEX-017,Memphis DC,Memphis,US,Mexico City,MX,503,1932.21,road,cables,31302.57,0
SO-06011,2025-12-20,C-BOG-036,Memphis DC,Memphis,US,Bogota,CO,288,742.79,air,chargers,32718.28,0
SO-06113,2025-12-20,C-SAN-008,Memphis DC,Memphis,US,Santiago,CL,853,1648.67,sea,storage,15700.21,0
SO-06523,2025-12-20,C-RIY-032,Dubai DC,Dubai,AE,Riyadh,SA,222,622.72,road,wearables,31439.26,0
SO-06525,2025-12-20,C-RIY-008,Dubai DC,Dubai,AE,Riyadh,SA,960,1359.93,road,chargers,36111.83,0
SO-06708,2025-12-20,C-CAI-014,Dubai DC,Dubai,AE,Cairo,EG,155,508.98,sea,cases,31589.89,0
SO-06745,2025-12-20,C-CAI-038,Dubai DC,Dubai,AE,Cairo,EG,405,1549.85,sea,wearables,12144.0,0
SO-06914,2025-12-20,C-NAI-012,Dubai DC,Dubai,AE,Nairobi,KE,220,722.71,air,storage,20833.61,0
SO-00003,2025-12-21,C-LON-038,Rotterdam DC,Rotterdam,NL,London,GB,317,1192.42,road,storage,24188.87,0
SO-00452,2025-12-21,C-BER-018,Rotterdam DC,Rotterdam,NL,Berlin,DE,817,1336.66,road,cables,12216.9,0
SO-01105,2025-12-21,C-PAR-004,Rotterdam DC,Rotterdam,NL,Paris,FR,699,1102.63,road,storage,23078.01,0
SO-01294,2025-12-21,C-MAD-020,Rotterdam DC,Rotterdam,NL,Madrid,ES,474,1101.73,road,cases,31750.25,0
SO-01782,2025-12-21,C-WAR-003,Rotterdam DC,Rotterdam,NL,Warsaw,PL,1141,2064.87,road,storage,18215.91,0
SO-02138,2025-12-21,C-TOK-021,Shenzhen DC,Shenzhen,CN,Tokyo,JP,380,999.21,sea,cables,38278.5,0
SO-02161,2025-12-21,C-TOK-026,Shenzhen DC,Shenzhen,CN,Tokyo,JP,369,1145.52,sea,chargers,27132.87,0
SO-02256,2025-12-21,C-TOK-001,Shenzhen DC,Shenzhen,CN,Tokyo,JP,332,537.08,sea,storage,18342.1,0
SO-02478,2025-12-21,C-SEO-016,Shenzhen DC,Shenzhen,CN,Seoul,KR,400,1354.75,sea,wearables,35537.04,0
SO-03738,2025-12-21,C-SYD-012,Rotterdam DC,Rotterdam,NL,Sydney,AU,396,906.68,air,wearables,27533.44,0
SO-03742,2025-12-21,C-SYD-018,Rotterdam DC,Rotterdam,NL,Sydney,AU,273,998.4,air,wearables,25369.57,1
SO-03969,2025-12-21,C-AUC-037,Rotterdam DC,Rotterdam,NL,Auckland,NZ,330,1002.9,air,storage,29508.35,0
SO-04046,2025-12-21,C-NEW-038,Memphis DC,Memphis,US,New York City,US,390,862.51,road,chargers,30946.89,0
SO-04207,2025-12-21,C-NEW-026,Memphis DC,Memphis,US,New York City,US,161,481.38,road,storage,35454.5,0
SO-04209,2025-12-21,C-NEW-023,Memphis DC,Memphis,US,New York City,US,235,896.58,road,cables,23609.66,0
SO-04223,2025-12-21,C-NEW-026,Memphis DC,Memphis,US,New York City,US,400,911.75,road,storage,34059.74,0
SO-04400,2025-12-21,C-NEW-019,Memphis DC,Memphis,US,New York City,US,901,1317.77,road,chargers,21471.05,0
SO-04549,2025-12-21,C-CHI-005,Memphis DC,Memphis,US,Chicago,US,526,1702.44,road,cases,25197.45,0
SO-04869,2025-12-21,C-CHI-001,Memphis DC,Memphis,US,Chicago,US,554,1115.53,road,cables,19803.12,0
SO-04992,2025-12-21,C-LOS-016,Memphis DC,Memphis,US,Los Angeles,US,852,1685.6,road,cases,27653.59,0
SO-05435,2025-12-21,C-TOR-014,Memphis DC,Memphis,US,Toronto,CA,273,1031.12,road,cases,11542.49,0
SO-06304,2025-12-21,C-BUE-033,Memphis DC,Memphis,US,Buenos Aires,AR,654,1671.2,sea,cases,31812.16,0
SO-00157,2025-12-22,C-LON-017,Rotterdam DC,Rotterdam,NL,London,GB,264,885.07,road,cables,32016.83,0
SO-00321,2025-12-22,C-LON-018,Rotterdam DC,Rotterdam,NL,London,GB,198,455.67,road,cables,27445.59,0
SO-00350,2025-12-22,C-LON-007,Rotterdam DC,Rotterdam,NL,London,GB,684,1248.88,road,wearables,24576.54,0
SO-00354,2025-12-22,C-LON-034,Rotterdam DC,Rotterdam,NL,London,GB,349,1221.27,road,storage,33797.52,0
SO-00577,2025-12-22,C-BER-021,Rotterdam DC,Rotterdam,NL,Berlin,DE,180,672.65,road,cables,31624.62,0
SO-02272,2025-12-22,C-TOK-022,Shenzhen DC,Shenzhen,CN,Tokyo,JP,295,961.63,sea,cables,54220.98,0
SO-02679,2025-12-22,C-SIN-002,Shenzhen DC,Shenzhen,CN,Singapore,SG,419,1469.38,sea,cables,19121.03,0
SO-03210,2025-12-22,C-JAK-020,Shenzhen DC,Shenzhen,CN,Jakarta,ID,368,1283.65,sea,cases,14695.82,0
SO-03686,2025-12-22,C-MUM-001,Shenzhen DC,Shenzhen,CN,Mumbai,IN,666,1390.9,sea,storage,11365.18,0
SO-03986,2025-12-22,C-AUC-013,Rotterdam DC,Rotterdam,NL,Auckland,NZ,136,319.26,air,chargers,37323.65,0
SO-04458,2025-12-22,C-NEW-015,Memphis DC,Memphis,US,New York City,US,226,647.93,road,storage,20515.89,0
SO-04868,2025-12-22,C-CHI-007,Memphis DC,Memphis,US,Chicago,US,1051,1484.17,road,chargers,34967.94,0
SO-05346,2025-12-22,C-TOR-013,Memphis DC,Memphis,US,Toronto,CA,557,1668.31,road,wearables,32370.53,0
SO-05705,2025-12-22,C-MEX-033,Memphis DC,Memphis,US,Mexico City,MX,625,1706.58,road,chargers,22543.8,1
SO-06278,2025-12-22,C-BUE-025,Memphis DC,Memphis,US,Buenos Aires,AR,829,1177.28,sea,audio,16082.44,0
SO-06318,2025-12-22,C-BUE-018,Memphis DC,Memphis,US,Buenos Aires,AR,1024,1822.46,sea,audio,20061.03,0
SO-06331,2025-12-22,C-BUE-008,Memphis DC,Memphis,US,Buenos Aires,AR,557,1382.37,sea,storage,24465.03,0
SO-06720,2025-12-22,C-CAI-011,Dubai DC,Dubai,AE,Cairo,EG,532,1038.82,sea,cables,23477.97,1
SO-06772,2025-12-22,C-CAI-034,Dubai DC,Dubai,AE,Cairo,EG,330,1239.78,sea,storage,16466.91,0
SO-06821,2025-12-22,C-NAI-037,Dubai DC,Dubai,AE,Nairobi,KE,261,782.56,air,storage,9607.25,0
SO-06874,2025-12-22,C-NAI-033,Dubai DC,Dubai,AE,Nairobi,KE,502,1391.03,air,wearables,18633.69,0
SO-06909,2025-12-22,C-NAI-025,Dubai DC,Dubai,AE,Nairobi,KE,195,476.66,air,chargers,19917.3,0
SO-07295,2025-12-22,C-KAR-009,Dubai DC,Dubai,AE,Karachi,PK,273,964.86,sea,storage,20260.97,0
SO-00018,2025-12-23,C-LON-012,Rotterdam DC,Rotterdam,NL,London,GB,551,1108.87,road,wearables,29849.75,0
SO-00025,2025-12-23,C-LON-025,Rotterdam DC,Rotterdam,NL,London,GB,142,474.61,road,cables,22867.92,0
SO-00374,2025-12-23,C-LON-030,Rotterdam DC,Rotterdam,NL,London,GB,838,1568.06,road,storage,24697.44,0
SO-00391,2025-12-23,C-LON-014,Rotterdam DC,Rotterdam,NL,London,GB,288,649.12,road,chargers,26898.27,0
SO-00727,2025-12-23,C-BER-037,Rotterdam DC,Rotterdam,NL,Berlin,DE,340,1074.31,road,cables,32872.98,0
SO-00822,2025-12-23,C-PAR-005,Rotterdam DC,Rotterdam,NL,Paris,FR,688,1448.65,road,cases,30361.22,0
SO-01167,2025-12-23,C-MAD-007,Rotterdam DC,Rotterdam,NL,Madrid,ES,310,1230.37,road,cables,31088.05,0
SO-01502,2025-12-23,C-MIL-011,Rotterdam DC,Rotterdam,NL,Milan,IT,360,1243.7,road,cases,20311.18,0
SO-01505,2025-12-23,C-MIL-010,Rotterdam DC,Rotterdam,NL,Milan,IT,420,1321.3,road,chargers,19318.76,0
SO-01898,2025-12-23,C-STO-004,Rotterdam DC,Rotterdam,NL,Stockholm,SE,1164,1992.97,road,storage,15718.23,0
SO-02214,2025-12-23,C-TOK-033,Shenzhen DC,Shenzhen,CN,Tokyo,JP,377,968.95,sea,cables,8991.05,0
SO-02767,2025-12-23,C-SIN-029,Shenzhen DC,Shenzhen,CN,Singapore,SG,210,758.43,sea,cables,37958.45,0
SO-04843,2025-12-23,C-CHI-028,Memphis DC,Memphis,US,Chicago,US,268,855.44,road,storage,26392.22,0
SO-05233,2025-12-23,C-LOS-024,Memphis DC,Memphis,US,Los Angeles,US,310,1130.41,road,storage,17443.02,0
SO-05369,2025-12-23,C-TOR-014,Memphis DC,Memphis,US,Toronto,CA,509,1039.97,road,storage,40410.99,0
SO-05408,2025-12-23,C-TOR-014,Memphis DC,Memphis,US,Toronto,CA,318,975.99,road,wearables,30786.51,0
SO-06079,2025-12-23,C-BOG-003,Memphis DC,Memphis,US,Bogota,CO,209,531.42,air,audio,17770.29,0
SO-06347,2025-12-23,C-BUE-015,Memphis DC,Memphis,US,Buenos Aires,AR,375,1364.1,sea,cases,25899.91,0
SO-06610,2025-12-23,C-CAI-008,Dubai DC,Dubai,AE,Cairo,EG,976,1564.09,sea,cables,28718.49,0
SO-07165,2025-12-23,C-JOH-022,Dubai DC,Dubai,AE,Johannesburg,ZA,588,1202.8,sea,audio,14342.7,1
SO-07349,2025-12-23,C-KAR-027,Dubai DC,Dubai,AE,Karachi,PK,686,1827.82,sea,cases,24858.66,0
SO-00136,2025-12-24,C-LON-036,Rotterdam DC,Rotterdam,NL,London,GB,636,1406.79,road,wearables,35200.82,0
SO-00244,2025-12-24,C-LON-015,Rotterdam DC,Rotterdam,NL,London,GB,205,801.15,road,wearables,10448.64,0
SO-00858,2025-12-24,C-PAR-002,Rotterdam DC,Rotterdam,NL,Paris,FR,399,1506.14,road,cables,27839.46,0
SO-01558,2025-12-24,C-MIL-032,Rotterdam DC,Rotterdam,NL,Milan,IT,215,487.28,road,wearables,48661.54,0
SO-01894,2025-12-24,C-STO-036,Rotterdam DC,Rotterdam,NL,Stockholm,SE,417,1560.92,road,cables,28143.82,0
SO-01900,2025-12-24,C-STO-013,Rotterdam DC,Rotterdam,NL,Stockholm,SE,452,998.45,road,cables,28829.11,0
SO-01933,2025-12-24,C-STO-027,Rotterdam DC,Rotterdam,NL,Stockholm,SE,561,1859.36,road,audio,32696.05,0
SO-01940,2025-12-24,C-STO-038,Rotterdam DC,Rotterdam,NL,Stockholm,SE,284,470.28,road,storage,32961.47,0
SO-02172,2025-12-24,C-TOK-001,Shenzhen DC,Shenzhen,CN,Tokyo,JP,425,1185.77,sea,wearables,52055.84,0
SO-02288,2025-12-24,C-TOK-004,Shenzhen DC,Shenzhen,CN,Tokyo,JP,228,665.94,sea,wearables,41692.59,0
SO-02818,2025-12-24,C-SIN-007,Shenzhen DC,Shenzhen,CN,Singapore,SG,588,1308.93,sea,cables,34231.21,1
SO-02932,2025-12-24,C-SIN-019,Shenzhen DC,Shenzhen,CN,Singapore,SG,199,767.67,sea,storage,30641.8,0
SO-03146,2025-12-24,C-BAN-004,Shenzhen DC,Shenzhen,CN,Bangkok,TH,447,1315.34,sea,audio,25028.21,0
SO-03481,2025-12-24,C-MAN-019,Shenzhen DC,Shenzhen,CN,Manila,PH,610,910.4,sea,cables,35697.32,0
SO-04641,2025-12-24,C-CHI-035,Memphis DC,Memphis,US,Chicago,US,217,598.18,road,storage,18144.51,0
SO-04747,2025-12-24,C-CHI-001,Memphis DC,Memphis,US,Chicago,US,412,1428.51,road,chargers,33135.92,0
SO-05927,2025-12-24,C-SAO-007,Memphis DC,Memphis,US,Sao Paulo,BR,343,658.4,sea,storage,10663.73,0
SO-05945,2025-12-24,C-SAO-028,Memphis DC,Memphis,US,Sao Paulo,BR,549,1208.02,sea,wearables,30889.4,0
SO-06099,2025-12-24,C-SAN-030,Memphis DC,Memphis,US,Santiago,CL,664,1053.57,sea,audio,34388.52,0
SO-06112,2025-12-24,C-SAN-029,Memphis DC,Memphis,US,Santiago,CL,364,1089.89,sea,wearables,24843.01,0
SO-06262,2025-12-24,C-BUE-002,Memphis DC,Memphis,US,Buenos Aires,AR,1083,1752.82,sea,storage,28651.67,0
SO-06381,2025-12-24,C-RIY-014,Dubai DC,Dubai,AE,Riyadh,SA,893,1873.07,road,wearables,37712.61,0
SO-06480,2025-12-24,C-RIY-015,Dubai DC,Dubai,AE,Riyadh,SA,108,400.43,road,cables,33251.65,0
SO-06580,2025-12-24,C-RIY-015,Dubai DC,Dubai,AE,Riyadh,SA,649,1386.67,road,cases,25577.6,0
SO-00204,2025-12-25,C-LON-015,Rotterdam DC,Rotterdam,NL,London,GB,605,1531.98,road,storage,23620.46,0
SO-00478,2025-12-25,C-BER-003,Rotterdam DC,Rotterdam,NL,Berlin,DE,480,1499.26,road,chargers,25118.35,0
SO-00648,2025-12-25,C-BER-002,Rotterdam DC,Rotterdam,NL,Berlin,DE,707,1339.72,road,chargers,20480.04,0
SO-00722,2025-12-25,C-BER-036,Rotterdam DC,Rotterdam,NL,Berlin,DE,510,1560.69,road,chargers,31938.79,0
SO-00899,2025-12-25,C-PAR-027,Rotterdam DC,Rotterdam,NL,Paris,FR,544,1406.25,road,chargers,20101.39,0
SO-01660,2025-12-25,C-WAR-012,Rotterdam DC,Rotterdam,NL,Warsaw,PL,1080,1957.09,road,wearables,44338.68,0
SO-02573,2025-12-25,C-SEO-016,Shenzhen DC,Shenzhen,CN,Seoul,KR,564,833.87,sea,cables,50593.75,0
SO-02758,2025-12-25,C-SIN-015,Shenzhen DC,Shenzhen,CN,Singapore,SG,302,902.9,sea,cables,46495.33,0
SO-03654,2025-12-25,C-MUM-032,Shenzhen DC,Shenzhen,CN,Mumbai,IN,236,672.4,sea,cables,19119.11,0
SO-04146,2025-12-25,C-NEW-033,Memphis DC,Memphis,US,New York City,US,224,480.81,road,storage,43261.8,0
SO-04472,2025-12-25,C-NEW-003,Memphis DC,Memphis,US,New York City,US,750,1225.07,road,audio,22710.27,0
SO-04478,2025-12-25,C-NEW-031,Memphis DC,Memphis,US,New York City,US,719,1528.99,road,cables,22871.99,0
SO-04819,2025-12-25,C-CHI-035,Memphis DC,Memphis,US,Chicago,US,326,1127.35,road,cases,26445.97,0
SO-05068,2025-12-25,C-LOS-033,Memphis DC,Memphis,US,Los Angeles,US,355,1129.16,road,cables,32281.83,0
SO-05218,2025-12-25,C-LOS-037,Memphis DC,Memphis,US,Los Angeles,US,336,887.68,road,chargers,40665.56,0
SO-05455,2025-12-25,C-TOR-021,Memphis DC,Memphis,US,Toronto,CA,304,574.18,road,wearables,30733.99,0
SO-05723,2025-12-25,C-MEX-036,Memphis DC,Memphis,US,Mexico City,MX,573,922.6,road,audio,15433.76,0
SO-06119,2025-12-25,C-SAN-013,Memphis DC,Memphis,US,Santiago,CL,622,931.16,sea,storage,27173.74,0
SO-06639,2025-12-25,C-CAI-009,Dubai DC,Dubai,AE,Cairo,EG,444,1492.22,sea,audio,19488.01,0
SO-06846,2025-12-25,C-NAI-007,Dubai DC,Dubai,AE,Nairobi,KE,252,615.95,air,storage,22512.49,0
SO-06910,2025-12-25,C-NAI-005,Dubai DC,Dubai,AE,Nairobi,KE,216,806.03,air,storage,19494.93,0
SO-07134,2025-12-25,C-JOH-023,Dubai DC,Dubai,AE,Johannesburg,ZA,303,878.98,sea,chargers,14148.52,0
SO-07147,2025-12-25,C-JOH-039,Dubai DC,Dubai,AE,Johannesburg,ZA,1622,2367.44,sea,storage,16205.9,0
SO-00148,2025-12-26,C-LON-029,Rotterdam DC,Rotterdam,NL,London,GB,682,1647.3,road,audio,26114.64,0
SO-00381,2025-12-26,C-LON-027,Rotterdam DC,Rotterdam,NL,London,GB,776,1845.91,road,chargers,17189.64,0
SO-00611,2025-12-26,C-BER-039,Rotterdam DC,Rotterdam,NL,Berlin,DE,747,1320.53,road,chargers,28426.29,0
SO-00708,2025-12-26,C-BER-009,Rotterdam DC,Rotterdam,NL,Berlin,DE,757,1492.7,road,audio,30798.49,0
SO-00788,2025-12-26,C-PAR-005,Rotterdam DC,Rotterdam,NL,Paris,FR,201,780.36,road,storage,21808.92,0
SO-00806,2025-12-26,C-PAR-030,Rotterdam DC,Rotterdam,NL,Paris,FR,292,876.44,road,chargers,23969.35,0
SO-01242,2025-12-26,C-MAD-027,Rotterdam DC,Rotterdam,NL,Madrid,ES,596,2361.08,road,audio,20369.77,0
SO-02851,2025-12-26,C-SIN-006,Shenzhen DC,Shenzhen,CN,Singapore,SG,622,1095.35,sea,cases,43755.93,0
SO-03172,2025-12-26,C-JAK-013,Shenzhen DC,Shenzhen,CN,Jakarta,ID,905,1410.54,sea,chargers,22812.75,0
SO-03260,2025-12-26,C-JAK-039,Shenzhen DC,Shenzhen,CN,Jakarta,ID,549,1331.96,sea,cases,21802.71,0
SO-03557,2025-12-26,C-MUM-023,Shenzhen DC,Shenzhen,CN,Mumbai,IN,753,1062.83,sea,chargers,22239.01,0
SO-04289,2025-12-26,C-NEW-038,Memphis DC,Memphis,US,New York City,US,550,1316.21,road,storage,17615.1,0
SO-04349,2025-12-26,C-NEW-004,Memphis DC,Memphis,US,New York City,US,458,1497.9,road,storage,32956.32,0
SO-04372,2025-12-26,C-NEW-039,Memphis DC,Memphis,US,New York City,US,541,1161.82,road,chargers,33833.83,0
SO-04718,2025-12-26,C-CHI-006,Memphis DC,Memphis,US,Chicago,US,236,657.68,road,chargers,40333.05,0
SO-04723,2025-12-26,C-CHI-039,Memphis DC,Memphis,US,Chicago,US,464,844.77,road,chargers,37913.41,0
SO-05262,2025-12-26,C-LOS-022,Memphis DC,Memphis,US,Los Angeles,US,370,901.34,road,storage,37072.66,0
SO-05598,2025-12-26,C-MEX-028,Memphis DC,Memphis,US,Mexico City,MX,162,552.12,road,storage,16255.29,0
SO-05617,2025-12-26,C-MEX-005,Memphis DC,Memphis,US,Mexico City,MX,390,934.32,road,audio,19199.39,0
SO-05624,2025-12-26,C-MEX-039,Memphis DC,Memphis,US,Mexico City,MX,157,575.89,road,wearables,27102.56,0
SO-06332,2025-12-26,C-BUE-019,Memphis DC,Memphis,US,Buenos Aires,AR,432,943.41,sea,wearables,17883.71,0
SO-06834,2025-12-26,C-NAI-013,Dubai DC,Dubai,AE,Nairobi,KE,211,811.37,air,storage,18137.85,0
SO-06856,2025-12-26,C-NAI-022,Dubai DC,Dubai,AE,Nairobi,KE,158,576.66,air,chargers,31785.94,1
SO-06933,2025-12-26,C-LAG-007,Dubai DC,Dubai,AE,Lagos,NG,333,802.94,air,cases,20723.81,0
SO-06973,2025-12-26,C-LAG-015,Dubai DC,Dubai,AE,Lagos,NG,531,774.75,air,chargers,27216.1,0
SO-07302,2025-12-26,C-KAR-026,Dubai DC,Dubai,AE,Karachi,PK,354,634.97,sea,audio,8717.82,0
SO-00226,2025-12-27,C-LON-027,Rotterdam DC,Rotterdam,NL,London,GB,620,1406.74,road,storage,32886.89,0
SO-00239,2025-12-27,C-LON-022,Rotterdam DC,Rotterdam,NL,London,GB,557,944.27,road,cables,24091.41,0
SO-00255,2025-12-27,C-LON-032,Rotterdam DC,Rotterdam,NL,London,GB,418,877.62,road,cables,29332.63,0
SO-00382,2025-12-27,C-LON-036,Rotterdam DC,Rotterdam,NL,London,GB,519,842.57,road,cases,24269.44,0
SO-00479,2025-12-27,C-BER-001,Rotterdam DC,Rotterdam,NL,Berlin,DE,798,1548.97,road,cases,20582.54,0
SO-00482,2025-12-27,C-BER-028,Rotterdam DC,Rotterdam,NL,Berlin,DE,563,1334.74,road,chargers,26579.51,0
SO-00780,2025-12-27,C-PAR-002,Rotterdam DC,Rotterdam,NL,Paris,FR,388,1240.63,road,audio,13240.16,0
SO-00795,2025-12-27,C-PAR-005,Rotterdam DC,Rotterdam,NL,Paris,FR,377,982.48,road,wearables,22494.17,0
SO-00999,2025-12-27,C-PAR-012,Rotterdam DC,Rotterdam,NL,Paris,FR,622,1775.96,road,cases,43253.53,0
SO-01120,2025-12-27,C-PAR-016,Rotterdam DC,Rotterdam,NL,Paris,FR,1016,1704.08,road,audio,21964.45,0
SO-02108,2025-12-27,C-TOK-026,Shenzhen DC,Shenzhen,CN,Tokyo,JP,194,637.56,sea,cases,37519.74,0
SO-02301,2025-12-27,C-TOK-026,Shenzhen DC,Shenzhen,CN,Tokyo,JP,309,794.19,sea,storage,31888.29,0
SO-03004,2025-12-27,C-BAN-004,Shenzhen DC,Shenzhen,CN,Bangkok,TH,444,769.23,sea,wearables,29278.03,1
SO-03102,2025-12-27,C-BAN-039,Shenzhen DC,Shenzhen,CN,Bangkok,TH,381,696.23,sea,storage,22584.75,0
SO-03851,2025-12-27,C-SYD-008,Rotterdam DC,Rotterdam,NL,Sydney,AU,250,758.61,air,wearables,49691.16,0
SO-04423,2025-12-27,C-NEW-034,Memphis DC,Memphis,US,New York City,US,629,1355.4,road,chargers,22388.01,0
SO-04666,2025-12-27,C-CHI-003,Memphis DC,Memphis,US,Chicago,US,345,1106.19,road,audio,35888.99,0
SO-04765,2025-12-27,C-CHI-011,Memphis DC,Memphis,US,Chicago,US,503,1332.69,road,audio,44271.24,0
SO-05107,2025-12-27,C-LOS-016,Memphis DC,Memphis,US,Los Angeles,US,705,1146.01,road,cables,22674.89,0
SO-05431,2025-12-27,C-TOR-036,Memphis DC,Memphis,US,Toronto,CA,393,1166.64,road,cases,28492.89,0
SO-05946,2025-12-27,C-SAO-037,Memphis DC,Memphis,US,Sao Paulo,BR,537,1191.92,sea,cases,27558.55,0
SO-05997,2025-12-27,C-BOG-028,Memphis DC,Memphis,US,Bogota,CO,488,1107.63,air,storage,13934.68,0
SO-06958,2025-12-27,C-LAG-030,Dubai DC,Dubai,AE,Lagos,NG,476,919.33,air,cases,20617.9,0
SO-00355,2025-12-28,C-LON-022,Rotterdam DC,Rotterdam,NL,London,GB,263,626.6,road,storage,22160.67,0
SO-00982,2025-12-28,C-PAR-013,Rotterdam DC,Rotterdam,NL,Paris,FR,661,1830.78,road,chargers,27906.63,0
SO-00995,2025-12-28,C-PAR-014,Rotterdam DC,Rotterdam,NL,Paris,FR,580,1273.03,road,cables,22028.26,0
SO-02080,2025-12-28,C-TOK-037,Shenzhen DC,Shenzhen,CN,Tokyo,JP,343,682.22,sea,cases,34161.89,0
SO-02854,2025-12-28,C-SIN-014,Shenzhen DC,Shenzhen,CN,Singapore,SG,250,676.72,sea,audio,29132.46,0
SO-03065,2025-12-28,C-BAN-012,Shenzhen DC,Shenzhen,CN,Bangkok,TH,704,1384.73,sea,wearables,15839.25,0
SO-03447,2025-12-28,C-MAN-013,Shenzhen DC,Shenzhen,CN,Manila,PH,362,1212.73,sea,audio,24145.05,0
SO-03514,2025-12-28,C-MUM-031,Shenzhen DC,Shenzhen,CN,Mumbai,IN,425,1297.18,sea,chargers,18947.08,0
SO-03716,2025-12-28,C-MUM-012,Shenzhen DC,Shenzhen,CN,Mumbai,IN,500,1862.53,sea,cables,7622.65,0
SO-03883,2025-12-28,C-SYD-006,Rotterdam DC,Rotterdam,NL,Sydney,AU,389,684.06,air,storage,12466.66,0
SO-04260,2025-12-28,C-NEW-004,Memphis DC,Memphis,US,New York City,US,672,1358.85,road,storage,41473.65,0
SO-04704,2025-12-28,C-CHI-024,Memphis DC,Memphis,US,Chicago,US,588,1356.38,road,cables,30846.65,0
SO-04799,2025-12-28,C-CHI-031,Memphis DC,Memphis,US,Chicago,US,365,991.01,road,audio,5085.2,0
SO-04995,2025-12-28,C-LOS-004,Memphis DC,Memphis,US,Los Angeles,US,460,939.75,road,chargers,28067.69,1
SO-05783,2025-12-28,C-SAO-001,Memphis DC,Memphis,US,Sao Paulo,BR,494,1655.57,sea,cables,24696.7,0
SO-06504,2025-12-28,C-RIY-005,Dubai DC,Dubai,AE,Riyadh,SA,277,1057.49,road,cables,30661.2,0
SO-00044,2025-12-29,C-LON-008,Rotterdam DC,Rotterdam,NL,London,GB,287,909.3,road,storage,15798.57,0
SO-00303,2025-12-29,C-LON-029,Rotterdam DC,Rotterdam,NL,London,GB,728,1966.34,road,wearables,12771.05,0
SO-00711,2025-12-29,C-BER-033,Rotterdam DC,Rotterdam,NL,Berlin,DE,250,769.57,road,audio,18415.72,0
SO-00813,2025-12-29,C-PAR-012,Rotterdam DC,Rotterdam,NL,Paris,FR,727,1514.21,road,chargers,35803.75,0
SO-00940,2025-12-29,C-PAR-035,Rotterdam DC,Rotterdam,NL,Paris,FR,457,1822.25,road,audio,33048.95,0
SO-00983,2025-12-29,C-PAR-032,Rotterdam DC,Rotterdam,NL,Paris,FR,870,1616.39,road,wearables,34484.71,0
SO-01001,2025-12-29,C-PAR-032,Rotterdam DC,Rotterdam,NL,Paris,FR,431,1112.99,road,cases,24838.34,1
SO-01369,2025-12-29,C-MAD-039,Rotterdam DC,Rotterdam,NL,Madrid,ES,245,918.72,road,chargers,26548.57,0
SO-01485,2025-12-29,C-MIL-013,Rotterdam DC,Rotterdam,NL,Milan,IT,976,1728.95,road,cases,28959.05,0
SO-02372,2025-12-29,C-TOK-023,Shenzhen DC,Shenzhen,CN,Tokyo,JP,606,969.01,sea,wearables,28853.9,0
SO-02683,2025-12-29,C-SIN-038,Shenzhen DC,Shenzhen,CN,Singapore,SG,103,388.73,sea,wearables,23756.38,0
SO-02925,2025-12-29,C-SIN-027,Shenzhen DC,Shenzhen,CN,Singapore,SG,376,1057.93,sea,audio,29145.46,1
SO-04712,2025-12-29,C-CHI-033,Memphis DC,Memphis,US,Chicago,US,447,1531.24,road,cables,38447.7,0
SO-04757,2025-12-29,C-CHI-022,Memphis DC,Memphis,US,Chicago,US,406,1352.38,road,wearables,33654.58,0
SO-05680,2025-12-29,C-MEX-005,Memphis DC,Memphis,US,Mexico City,MX,714,2145.62,road,audio,19899.72,0
SO-06056,2025-12-29,C-BOG-033,Memphis DC,Memphis,US,Bogota,CO,233,890.34,air,audio,27121.83,0
SO-06765,2025-12-29,C-CAI-031,Dubai DC,Dubai,AE,Cairo,EG,437,1075.97,sea,wearables,27615.89,0
SO-00405,2025-12-30,C-LON-036,Rotterdam DC,Rotterdam,NL,London,GB,753,1579.76,road,cables,23116.61,0
SO-01175,2025-12-30,C-MAD-013,Rotterdam DC,Rotterdam,NL,Madrid,ES,598,1362.1,road,wearables,39864.83,0
SO-01498,2025-12-30,C-MIL-015,Rotterdam DC,Rotterdam,NL,Milan,IT,249,779.47,road,chargers,26600.57,0
SO-01673,2025-12-30,C-WAR-032,Rotterdam DC,Rotterdam,NL,Warsaw,PL,781,1619.37,road,chargers,23938.72,0
SO-01687,2025-12-30,C-WAR-024,Rotterdam DC,Rotterdam,NL,Warsaw,PL,1019,1488.53,road,cases,39814.45,0
SO-02033,2025-12-30,C-DUB-023,Rotterdam DC,Rotterdam,NL,Dublin,IE,200,768.14,air,storage,16321.27,0
SO-02113,2025-12-30,C-TOK-008,Shenzhen DC,Shenzhen,CN,Tokyo,JP,198,755.36,sea,storage,29884.68,0
SO-03371,2025-12-30,C-MAN-039,Shenzhen DC,Shenzhen,CN,Manila,PH,214,624.03,sea,storage,13099.73,0
SO-03670,2025-12-30,C-MUM-004,Shenzhen DC,Shenzhen,CN,Mumbai,IN,406,1274.79,sea,cases,20273.18,0
SO-03747,2025-12-30,C-SYD-023,Rotterdam DC,Rotterdam,NL,Sydney,AU,182,624.37,air,audio,32719.28,0
SO-04007,2025-12-30,C-AUC-033,Rotterdam DC,Rotterdam,NL,Auckland,NZ,175,383.43,air,audio,50271.55,0
SO-04250,2025-12-30,C-NEW-002,Memphis DC,Memphis,US,New York City,US,643,1176.01,road,storage,18455.41,0
SO-04301,2025-12-30,C-NEW-036,Memphis DC,Memphis,US,New York City,US,213,624.27,road,audio,27690.5,0
SO-04502,2025-12-30,C-NEW-024,Memphis DC,Memphis,US,New York City,US,422,1263.18,road,storage,22552.03,0
SO-04611,2025-12-30,C-CHI-013,Memphis DC,Memphis,US,Chicago,US,459,841.73,road,cases,25767.25,0
SO-05028,2025-12-30,C-LOS-008,Memphis DC,Memphis,US,Los Angeles,US,587,1761.79,road,cables,32641.57,0
SO-05729,2025-12-30,C-MEX-024,Memphis DC,Memphis,US,Mexico City,MX,1274,1926.4,road,storage,30014.77,0
SO-06272,2025-12-30,C-BUE-003,Memphis DC,Memphis,US,Buenos Aires,AR,371,651.05,sea,cases,18959.25,0
SO-06702,2025-12-30,C-CAI-014,Dubai DC,Dubai,AE,Cairo,EG,294,765.87,sea,audio,26735.96,0
SO-06854,2025-12-30,C-NAI-015,Dubai DC,Dubai,AE,Nairobi,KE,477,794.19,air,storage,11040.75,0
SO-07151,2025-12-30,C-JOH-030,Dubai DC,Dubai,AE,Johannesburg,ZA,842,1194.33,sea,cases,19066.22,0
SO-07155,2025-12-30,C-JOH-018,Dubai DC,Dubai,AE,Johannesburg,ZA,242,943.19,sea,wearables,35786.52,1
SO-07315,2025-12-30,C-KAR-039,Dubai DC,Dubai,AE,Karachi,PK,284,1007.03,sea,wearables,22912.9,0
SO-00218,2025-12-31,C-LON-023,Rotterdam DC,Rotterdam,NL,London,GB,289,976.11,road,audio,25910.83,0
SO-00317,2025-12-31,C-LON-006,Rotterdam DC,Rotterdam,NL,London,GB,374,1434.24,road,audio,20372.66,0
SO-00430,2025-12-31,C-BER-027,Rotterdam DC,Rotterdam,NL,Berlin,DE,400,871.89,road,storage,20874.67,0
SO-00771,2025-12-31,C-PAR-039,Rotterdam DC,Rotterdam,NL,Paris,FR,505,1536.16,road,wearables,21760.15,0
SO-00917,2025-12-31,C-PAR-018,Rotterdam DC,Rotterdam,NL,Paris,FR,207,824.85,road,audio,26240.57,0
SO-01225,2025-12-31,C-MAD-016,Rotterdam DC,Rotterdam,NL,Madrid,ES,693,1441.4,road,storage,33019.37,0
SO-01241,2025-12-31,C-MAD-008,Rotterdam DC,Rotterdam,NL,Madrid,ES,235,817.12,road,audio,30584.54,0
SO-01441,2025-12-31,C-MIL-031,Rotterdam DC,Rotterdam,NL,Milan,IT,767,1626.74,road,cases,46922.82,0
SO-01509,2025-12-31,C-MIL-017,Rotterdam DC,Rotterdam,NL,Milan,IT,420,1287.87,road,chargers,20087.14,0
SO-01582,2025-12-31,C-MIL-008,Rotterdam DC,Rotterdam,NL,Milan,IT,1225,1828.57,road,cables,22773.79,0
SO-02612,2025-12-31,C-SEO-001,Shenzhen DC,Shenzhen,CN,Seoul,KR,201,689.11,sea,cases,40376.72,0
SO-02689,2025-12-31,C-SIN-023,Shenzhen DC,Shenzhen,CN,Singapore,SG,398,900.04,sea,chargers,32129.01,0
SO-02917,2025-12-31,C-SIN-007,Shenzhen DC,Shenzhen,CN,Singapore,SG,232,633.1,sea,chargers,26538.56,0
SO-03465,2025-12-31,C-MAN-026,Shenzhen DC,Shenzhen,CN,Manila,PH,1071,1847.11,sea,chargers,31221.22,0
SO-03706,2025-12-31,C-MUM-035,Shenzhen DC,Shenzhen,CN,Mumbai,IN,475,1180.01,sea,wearables,22499.32,0
SO-04082,2025-12-31,C-NEW-038,Memphis DC,Memphis,US,New York City,US,828,1209.4,road,audio,7620.91,1
SO-05505,2025-12-31,C-TOR-024,Memphis DC,Memphis,US,Toronto,CA,195,722.04,road,cables,24545.58,0
SO-06568,2025-12-31,C-RIY-009,Dubai DC,Dubai,AE,Riyadh,SA,394,1248.26,road,storage,34084.53,0
SO-07351,2025-12-31,C-KAR-035,Dubai DC,Dubai,AE,Karachi,PK,489,1386.88,sea,wearables,17647.92,0
SO-00117,2026-01-01,C-LON-009,Rotterdam DC,Rotterdam,NL,London,GB,326,1089.45,road,cables,27131.73,0
SO-00216,2026-01-01,C-LON-038,Rotterdam DC,Rotterdam,NL,London,GB,745,1424.0,road,chargers,21296.17,0
SO-00327,2026-01-01,C-LON-031,Rotterdam DC,Rotterdam,NL,London,GB,361,850.97,road,storage,15598.04,0
SO-00457,2026-01-01,C-BER-006,Rotterdam DC,Rotterdam,NL,Berlin,DE,471,1173.86,road,cables,42516.58,0
SO-00510,2026-01-01,C-BER-008,Rotterdam DC,Rotterdam,NL,Berlin,DE,456,1715.56,road,storage,30569.68,0
SO-00625,2026-01-01,C-BER-005,Rotterdam DC,Rotterdam,NL,Berlin,DE,841,1334.13,road,wearables,9363.69,0
SO-00798,2026-01-01,C-PAR-004,Rotterdam DC,Rotterdam,NL,Paris,FR,412,1102.69,road,cables,24087.66,0
SO-00834,2026-01-01,C-PAR-039,Rotterdam DC,Rotterdam,NL,Paris,FR,142,525.4,road,wearables,15692.03,0
SO-01213,2026-01-01,C-MAD-022,Rotterdam DC,Rotterdam,NL,Madrid,ES,1013,1675.9,road,storage,23121.53,0
SO-01901,2026-01-01,C-STO-021,Rotterdam DC,Rotterdam,NL,Stockholm,SE,432,918.59,road,storage,21017.65,0
SO-01919,2026-01-01,C-STO-039,Rotterdam DC,Rotterdam,NL,Stockholm,SE,155,404.25,road,storage,18205.81,0
SO-02375,2026-01-01,C-TOK-027,Shenzhen DC,Shenzhen,CN,Tokyo,JP,272,747.51,sea,chargers,8474.97,0
SO-03289,2026-01-01,C-JAK-013,Shenzhen DC,Shenzhen,CN,Jakarta,ID,920,1361.13,sea,audio,25491.79,1
SO-03450,2026-01-01,C-MAN-026,Shenzhen DC,Shenzhen,CN,Manila,PH,364,1090.23,sea,wearables,22216.16,1
SO-03462,2026-01-01,C-MAN-020,Shenzhen DC,Shenzhen,CN,Manila,PH,1304,1889.47,sea,cables,26691.47,1
SO-03691,2026-01-01,C-MUM-019,Shenzhen DC,Shenzhen,CN,Mumbai,IN,328,955.89,sea,cables,23010.57,0
SO-03728,2026-01-01,C-MUM-007,Shenzhen DC,Shenzhen,CN,Mumbai,IN,1288,1851.53,sea,chargers,22511.78,0
SO-04457,2026-01-01,C-NEW-023,Memphis DC,Memphis,US,New York City,US,518,967.34,road,audio,34399.19,0
SO-04532,2026-01-01,C-CHI-012,Memphis DC,Memphis,US,Chicago,US,437,1120.48,road,cases,21525.35,0
SO-05237,2026-01-01,C-LOS-010,Memphis DC,Memphis,US,Los Angeles,US,196,763.91,road,cables,31469.34,0
SO-05248,2026-01-01,C-LOS-022,Memphis DC,Memphis,US,Los Angeles,US,501,1461.22,road,audio,15535.55,0
SO-05333,2026-01-01,C-TOR-035,Memphis DC,Memphis,US,Toronto,CA,550,1521.7,road,audio,18912.96,0
SO-05710,2026-01-01,C-MEX-029,Memphis DC,Memphis,US,Mexico City,MX,632,1314.57,road,audio,22959.6,0
SO-06323,2026-01-01,C-BUE-026,Memphis DC,Memphis,US,Buenos Aires,AR,127,498.02,sea,cases,24708.73,0
SO-06825,2026-01-01,C-NAI-023,Dubai DC,Dubai,AE,Nairobi,KE,202,666.09,air,cases,16292.7,0
SO-00671,2026-01-02,C-BER-015,Rotterdam DC,Rotterdam,NL,Berlin,DE,402,843.53,road,cables,31252.78,0
SO-00883,2026-01-02,C-PAR-014,Rotterdam DC,Rotterdam,NL,Paris,FR,549,1169.46,road,chargers,32957.6,0
SO-01035,2026-01-02,C-PAR-007,Rotterdam DC,Rotterdam,NL,Paris,FR,307,812.57,road,wearables,28407.48,0
SO-01187,2026-01-02,C-MAD-006,Rotterdam DC,Rotterdam,NL,Madrid,ES,776,1287.84,road,cables,30894.16,1
SO-01214,2026-01-02,C-MAD-025,Rotterdam DC,Rotterdam,NL,Madrid,ES,283,813.81,road,cases,25652.62,0
SO-02162,2026-01-02,C-TOK-036,Shenzhen DC,Shenzhen,CN,Tokyo,JP,245,744.51,sea,cases,46894.23,1
SO-02205,2026-01-02,C-TOK-011,Shenzhen DC,Shenzhen,CN,Tokyo,JP,352,1096.19,sea,wearables,23014.91,0
SO-02309,2026-01-02,C-TOK-032,Shenzhen DC,Shenzhen,CN,Tokyo,JP,338,1037.02,sea,chargers,37121.56,0
SO-02388,2026-01-02,C-TOK-019,Shenzhen DC,Shenzhen,CN,Tokyo,JP,271,901.48,sea,cases,49735.39,0
SO-02407,2026-01-02,C-SEO-034,Shenzhen DC,Shenzhen,CN,Seoul,KR,361,1106.59,sea,cables,27369.45,0
SO-02896,2026-01-02,C-SIN-028,Shenzhen DC,Shenzhen,CN,Singapore,SG,243,967.02,sea,cases,23292.66,0
SO-03593,2026-01-02,C-MUM-034,Shenzhen DC,Shenzhen,CN,Mumbai,IN,708,1419.79,sea,cables,19553.27,0
SO-04043,2026-01-02,C-NEW-024,Memphis DC,Memphis,US,New York City,US,1,0.5,road,chargers,21205.02,0
SO-04097,2026-01-02,C-NEW-018,Memphis DC,Memphis,US,New York City,US,567,1086.41,road,wearables,34621.19,0
SO-04967,2026-01-02,C-LOS-026,Memphis DC,Memphis,US,Los Angeles,US,288,931.82,road,wearables,22330.02,0
SO-05204,2026-01-02,C-LOS-025,Memphis DC,Memphis,US,Los Angeles,US,570,1510.45,road,wearables,25923.09,0
SO-05412,2026-01-02,C-TOR-012,Memphis DC,Memphis,US,Toronto,CA,240,817.17,road,cables,29713.4,0
SO-05995,2026-01-02,C-BOG-022,Memphis DC,Memphis,US,Bogota,CO,301,931.75,air,storage,17624.17,0
SO-06553,2026-01-02,C-RIY-025,Dubai DC,Dubai,AE,Riyadh,SA,487,1212.83,road,wearables,39122.43,0
SO-06696,2026-01-02,C-CAI-019,Dubai DC,Dubai,AE,Cairo,EG,456,1609.06,sea,cables,22517.48,0
SO-01473,2026-01-03,C-MIL-031,Rotterdam DC,Rotterdam,NL,Milan,IT,364,993.63,road,storage,23680.68,0
SO-01877,2026-01-03,C-STO-033,Rotterdam DC,Rotterdam,NL,Stockholm,SE,712,1119.37,road,cables,21112.16,1
SO-02391,2026-01-03,C-SEO-029,Shenzhen DC,Shenzhen,CN,Seoul,KR,408,1074.99,sea,wearables,27031.57,0
SO-02771,2026-01-03,C-SIN-030,Shenzhen DC,Shenzhen,CN,Singapore,SG,467,893.66,sea,cases,27284.5,0
SO-02856,2026-01-03,C-SIN-029,Shenzhen DC,Shenzhen,CN,Singapore,SG,262,1035.0,sea,cases,19761.04,0
SO-03375,2026-01-03,C-MAN-028,Shenzhen DC,Shenzhen,CN,Manila,PH,1054,1647.92,sea,storage,35099.93,0
SO-03513,2026-01-03,C-MUM-023,Shenzhen DC,Shenzhen,CN,Mumbai,IN,318,1119.99,sea,audio,25842.7,0
SO-03987,2026-01-03,C-AUC-037,Rotterdam DC,Rotterdam,NL,Auckland,NZ,190,609.77,air,audio,59048.27,0
SO-04282,2026-01-03,C-NEW-030,Memphis DC,Memphis,US,New York City,US,185,489.72,road,chargers,25748.75,0
SO-04564,2026-01-03,C-CHI-033,Memphis DC,Memphis,US,Chicago,US,847,1235.39,road,wearables,43018.52,0
SO-04835,2026-01-03,C-CHI-002,Memphis DC,Memphis,US,Chicago,US,313,640.31,road,audio,30532.34,0
SO-04849,2026-01-03,C-CHI-021,Memphis DC,Memphis,US,Chicago,US,390,816.83,road,cases,25558.96,0
SO-05013,2026-01-03,C-LOS-022,Memphis DC,Memphis,US,Los Angeles,US,577,2241.35,road,audio,14745.61,0
SO-05392,2026-01-03,C-TOR-032,Memphis DC,Memphis,US,Toronto,CA,527,1360.58,road,chargers,32590.99,0
SO-05627,2026-01-03,C-MEX-037,Memphis DC,Memphis,US,Mexico City,MX,646,1718.22,road,chargers,21700.62,0
SO-05819,2026-01-03,C-SAO-038,Memphis DC,Memphis,US,Sao Paulo,BR,724,1692.03,sea,audio,26541.54,0
SO-06258,2026-01-03,C-BUE-029,Memphis DC,Memphis,US,Buenos Aires,AR,357,1267.17,sea,chargers,26163.79,0
SO-06456,2026-01-03,C-RIY-013,Dubai DC,Dubai,AE,Riyadh,SA,350,806.63,road,cables,19908.19,0
SO-07205,2026-01-03,C-JOH-033,Dubai DC,Dubai,AE,Johannesburg,ZA,828,1805.76,sea,storage,13081.77,1
SO-07376,2026-01-03,C-KAR-032,Dubai DC,Dubai,AE,Karachi,PK,402,1418.3,sea,chargers,24421.31,0
SO-00102,2026-01-04,C-LON-016,Rotterdam DC,Rotterdam,NL,London,GB,1080,1697.04,road,storage,17944.09,0
SO-00296,2026-01-04,C-LON-032,Rotterdam DC,Rotterdam,NL,London,GB,248,743.93,road,audio,10014.38,0
SO-00438,2026-01-04,C-BER-003,Rotterdam DC,Rotterdam,NL,Berlin,DE,835,1936.22,road,cables,47210.35,0
SO-00734,2026-01-04,C-BER-009,Rotterdam DC,Rotterdam,NL,Berlin,DE,819,1316.23,road,storage,20642.01,0
SO-00757,2026-01-04,C-PAR-007,Rotterdam DC,Rotterdam,NL,Paris,FR,315,1008.66,road,chargers,20729.55,0
SO-01115,2026-01-04,C-PAR-003,Rotterdam DC,Rotterdam,NL,Paris,FR,1053,1566.62,road,storage,18900.29,0
SO-01770,2026-01-04,C-WAR-017,Rotterdam DC,Rotterdam,NL,Warsaw,PL,590,971.32,road,wearables,24482.85,0
SO-01838,2026-01-04,C-STO-009,Rotterdam DC,Rotterdam,NL,Stockholm,SE,444,1062.4,road,cables,39204.49,0
SO-01908,2026-01-04,C-STO-014,Rotterdam DC,Rotterdam,NL,Stockholm,SE,792,1403.34,road,cables,33596.91,0
SO-01959,2026-01-04,C-DUB-018,Rotterdam DC,Rotterdam,NL,Dublin,IE,142,556.37,air,cases,22813.73,0
SO-02201,2026-01-04,C-TOK-037,Shenzhen DC,Shenzhen,CN,Tokyo,JP,530,1218.98,sea,audio,26423.88,0
SO-02889,2026-01-04,C-SIN-013,Shenzhen DC,Shenzhen,CN,Singapore,SG,280,1043.07,sea,wearables,18379.48,0
SO-03274,2026-01-04,C-JAK-008,Shenzhen DC,Shenzhen,CN,Jakarta,ID,390,1345.55,sea,chargers,32953.33,0
SO-03352,2026-01-04,C-MAN-020,Shenzhen DC,Shenzhen,CN,Manila,PH,515,1165.18,sea,wearables,30140.32,0
SO-03606,2026-01-04,C-MUM-027,Shenzhen DC,Shenzhen,CN,Mumbai,IN,551,976.94,sea,wearables,29318.88,0
SO-04575,2026-01-04,C-CHI-017,Memphis DC,Memphis,US,Chicago,US,621,2203.36,road,audio,16661.53,0
SO-04793,2026-01-04,C-CHI-035,Memphis DC,Memphis,US,Chicago,US,315,1110.35,road,storage,24332.24,0
SO-04841,2026-01-04,C-CHI-039,Memphis DC,Memphis,US,Chicago,US,33,121.84,road,chargers,28216.75,0
SO-04873,2026-01-04,C-CHI-029,Memphis DC,Memphis,US,Chicago,US,796,1741.73,road,cables,34321.16,0
SO-05837,2026-01-04,C-SAO-018,Memphis DC,Memphis,US,Sao Paulo,BR,355,941.73,sea,wearables,14743.2,0
SO-05998,2026-01-04,C-BOG-030,Memphis DC,Memphis,US,Bogota,CO,198,729.63,air,cases,17722.9,0
SO-06665,2026-01-04,C-CAI-033,Dubai DC,Dubai,AE,Cairo,EG,147,547.24,sea,wearables,29660.34,0
SO-06882,2026-01-04,C-NAI-013,Dubai DC,Dubai,AE,Nairobi,KE,204,744.84,air,audio,14384.41,0
SO-07280,2026-01-04,C-KAR-039,Dubai DC,Dubai,AE,Karachi,PK,639,1316.23,sea,chargers,26441.58,0
SO-07355,2026-01-04,C-KAR-016,Dubai DC,Dubai,AE,Karachi,PK,204,799.18,sea,wearables,21997.4,0
SO-00183,2026-01-05,C-LON-012,Rotterdam DC,Rotterdam,NL,London,GB,430,653.47,road,chargers,14536.96,0
SO-00188,2026-01-05,C-LON-006,Rotterdam DC,Rotterdam,NL,London,GB,219,862.42,road,chargers,28745.91,1
SO-00346,2026-01-05,C-LON-005,Rotterdam DC,Rotterdam,NL,London,GB,215,714.85,road,chargers,26022.3,0
SO-00548,2026-01-05,C-BER-012,Rotterdam DC,Rotterdam,NL,Berlin,DE,308,821.16,road,cables,33063.7,1
SO-00622,2026-01-05,C-BER-018,Rotterdam DC,Rotterdam,NL,Berlin,DE,337,946.45,road,storage,12834.3,0
SO-00730,2026-01-05,C-BER-004,Rotterdam DC,Rotterdam,NL,Berlin,DE,777,1553.35,road,wearables,14935.36,0
SO-01202,2026-01-05,C-MAD-008,Rotterdam DC,Rotterdam,NL,Madrid,ES,1609,2493.41,road,audio,20118.74,0
SO-01507,2026-01-05,C-MIL-013,Rotterdam DC,Rotterdam,NL,Milan,IT,630,981.97,road,storage,32054.99,0
SO-01804,2026-01-05,C-STO-024,Rotterdam DC,Rotterdam,NL,Stockholm,SE,256,890.11,road,cables,13740.11,0
SO-02267,2026-01-05,C-TOK-030,Shenzhen DC,Shenzhen,CN,Tokyo,JP,248,802.63,sea,cables,24218.77,0
SO-02369,2026-01-05,C-TOK-026,Shenzhen DC,Shenzhen,CN,Tokyo,JP,401,816.28,sea,cables,29906.01,0
SO-02659,2026-01-05,C-SIN-017,Shenzhen DC,Shenzhen,CN,Singapore,SG,473,1316.66,sea,cases,40285.37,0
SO-03305,2026-01-05,C-JAK-011,Shenzhen DC,Shenzhen,CN,Jakarta,ID,655,1765.13,sea,wearables,12505.26,0
SO-03342,2026-01-05,C-MAN-008,Shenzhen DC,Shenzhen,CN,Manila,PH,1482,2291.52,sea,cables,25208.0,1
SO-03359,2026-01-05,C-MAN-033,Shenzhen DC,Shenzhen,CN,Manila,PH,453,1613.56,sea,cables,22228.68,0
SO-03366,2026-01-05,C-MAN-037,Shenzhen DC,Shenzhen,CN,Manila,PH,422,1320.9,sea,cables,36268.98,0
SO-04135,2026-01-05,C-NEW-016,Memphis DC,Memphis,US,New York City,US,601,2031.06,road,wearables,28435.21,0
SO-04413,2026-01-05,C-NEW-032,Memphis DC,Memphis,US,New York City,US,256,1018.45,road,chargers,21883.01,0
SO-04892,2026-01-05,C-CHI-029,Memphis DC,Memphis,US,Chicago,US,359,848.61,road,cases,29950.11,0
SO-05203,2026-01-05,C-LOS-021,Memphis DC,Memphis,US,Los Angeles,US,362,1195.98,road,storage,35635.03,0
SO-05228,2026-01-05,C-LOS-005,Memphis DC,Memphis,US,Los Angeles,US,120,361.04,road,cables,30510.16,0
SO-05625,2026-01-05,C-MEX-031,Memphis DC,Memphis,US,Mexico City,MX,416,1662.04,road,chargers,20648.76,0
SO-05863,2026-01-05,C-SAO-019,Memphis DC,Memphis,US,Sao Paulo,BR,869,2152.92,sea,wearables,19274.55,1
SO-05988,2026-01-05,C-BOG-033,Memphis DC,Memphis,US,Bogota,CO,81,250.73,air,audio,27122.52,0
SO-06116,2026-01-05,C-SAN-012,Memphis DC,Memphis,US,Santiago,CL,288,979.94,sea,audio,20041.3,0
SO-07043,2026-01-05,C-LAG-002,Dubai DC,Dubai,AE,Lagos,NG,359,1232.05,air,chargers,22302.62,1
SO-00200,2026-01-06,C-LON-033,Rotterdam DC,Rotterdam,NL,London,GB,462,885.0,road,wearables,37484.38,0
SO-00254,2026-01-06,C-LON-026,Rotterdam DC,Rotterdam,NL,London,GB,753,1173.34,road,chargers,26333.12,0
SO-00368,2026-01-06,C-LON-005,Rotterdam DC,Rotterdam,NL,London,GB,194,756.37,road,storage,23507.83,0
SO-01556,2026-01-06,C-MIL-002,Rotterdam DC,Rotterdam,NL,Milan,IT,477,1201.19,road,wearables,21693.34,0
SO-01647,2026-01-06,C-WAR-012,Rotterdam DC,Rotterdam,NL,Warsaw,PL,446,1509.02,road,cases,19619.2,0
SO-01953,2026-01-06,C-DUB-034,Rotterdam DC,Rotterdam,NL,Dublin,IE,179,644.79,air,storage,17754.23,0
SO-02500,2026-01-06,C-SEO-004,Shenzhen DC,Shenzhen,CN,Seoul,KR,272,612.97,sea,storage,44570.7,0
SO-03015,2026-01-06,C-BAN-025,Shenzhen DC,Shenzhen,CN,Bangkok,TH,748,1790.85,sea,storage,8021.01,0
SO-03025,2026-01-06,C-BAN-039,Shenzhen DC,Shenzhen,CN,Bangkok,TH,607,1507.19,sea,audio,30114.39,0
SO-03589,2026-01-06,C-MUM-038,Shenzhen DC,Shenzhen,CN,Mumbai,IN,151,234.08,sea,storage,18180.37,0
SO-03971,2026-01-06,C-AUC-036,Rotterdam DC,Rotterdam,NL,Auckland,NZ,216,757.23,air,chargers,37056.46,0
SO-04390,2026-01-06,C-NEW-027,Memphis DC,Memphis,US,New York City,US,709,1029.87,road,wearables,32201.25,0
SO-04574,2026-01-06,C-CHI-002,Memphis DC,Memphis,US,Chicago,US,295,568.3,road,storage,40478.01,0
SO-04812,2026-01-06,C-CHI-022,Memphis DC,Memphis,US,Chicago,US,338,1157.54,road,chargers,31138.33,0
SO-04975,2026-01-06,C-LOS-027,Memphis DC,Memphis,US,Los Angeles,US,145,575.63,road,audio,26850.0,0
SO-05036,2026-01-06,C-LOS-022,Memphis DC,Memphis,US,Los Angeles,US,409,1096.04,road,audio,23942.6,0
SO-05409,2026-01-06,C-TOR-028,Memphis DC,Memphis,US,Toronto,CA,193,678.36,road,storage,17266.56,0
SO-05548,2026-01-06,C-TOR-022,Memphis DC,Memphis,US,Toronto,CA,232,821.88,road,cables,22873.25,0
SO-05745,2026-01-06,C-MEX-017,Memphis DC,Memphis,US,Mexico City,MX,237,857.32,road,cases,21057.71,0
SO-05828,2026-01-06,C-SAO-022,Memphis DC,Memphis,US,Sao Paulo,BR,957,1473.01,sea,audio,39020.42,0
SO-06379,2026-01-06,C-RIY-017,Dubai DC,Dubai,AE,Riyadh,SA,468,1446.53,road,cases,22250.78,0
SO-06497,2026-01-06,C-RIY-033,Dubai DC,Dubai,AE,Riyadh,SA,1017,1808.09,road,cases,16782.37,0
SO-06572,2026-01-06,C-RIY-027,Dubai DC,Dubai,AE,Riyadh,SA,378,1086.86,road,cables,21463.56,0
SO-07114,2026-01-06,C-JOH-009,Dubai DC,Dubai,AE,Johannesburg,ZA,389,1179.81,sea,chargers,28009.6,0
SO-07179,2026-01-06,C-JOH-037,Dubai DC,Dubai,AE,Johannesburg,ZA,184,440.37,sea,wearables,24818.0,0
SO-07310,2026-01-06,C-KAR-039,Dubai DC,Dubai,AE,Karachi,PK,93,230.77,sea,wearables,28145.46,0
SO-07345,2026-01-06,C-KAR-019,Dubai DC,Dubai,AE,Karachi,PK,739,1514.51,sea,storage,25048.65,0
SO-07364,2026-01-06,C-KAR-033,Dubai DC,Dubai,AE,Karachi,PK,545,1022.93,sea,audio,27909.02,0
SO-00557,2026-01-07,C-BER-022,Rotterdam DC,Rotterdam,NL,Berlin,DE,746,1637.01,road,cables,28204.55,0
SO-00616,2026-01-07,C-BER-021,Rotterdam DC,Rotterdam,NL,Berlin,DE,274,1001.11,road,wearables,31977.18,0
SO-00941,2026-01-07,C-PAR-028,Rotterdam DC,Rotterdam,NL,Paris,FR,275,929.63,road,cables,26275.98,0
SO-01511,2026-01-07,C-MIL-029,Rotterdam DC,Rotterdam,NL,Milan,IT,435,1185.6,road,cables,17983.37,0
SO-01699,2026-01-07,C-WAR-018,Rotterdam DC,Rotterdam,NL,Warsaw,PL,588,2309.91,road,audio,26119.53,0
SO-02238,2026-01-07,C-TOK-020,Shenzhen DC,Shenzhen,CN,Tokyo,JP,288,652.77,sea,cases,24222.29,0
SO-02377,2026-01-07,C-TOK-008,Shenzhen DC,Shenzhen,CN,Tokyo,JP,62,245.67,sea,wearables,36567.93,0
SO-02879,2026-01-07,C-SIN-002,Shenzhen DC,Shenzhen,CN,Singapore,SG,661,1247.27,sea,audio,38385.39,0
SO-03490,2026-01-07,C-MAN-007,Shenzhen DC,Shenzhen,CN,Manila,PH,431,1422.45,sea,audio,31635.11,0
SO-03628,2026-01-07,C-MUM-023,Shenzhen DC,Shenzhen,CN,Mumbai,IN,464,1767.15,sea,cables,18843.6,0
SO-03855,2026-01-07,C-SYD-003,Rotterdam DC,Rotterdam,NL,Sydney,AU,427,1214.08,air,audio,42518.12,0
SO-04852,2026-01-07,C-CHI-013,Memphis DC,Memphis,US,Chicago,US,244,900.74,road,cables,15375.15,0
SO-04910,2026-01-07,C-CHI-023,Memphis DC,Memphis,US,Chicago,US,533,1963.66,road,storage,36517.05,0
SO-05395,2026-01-07,C-TOR-018,Memphis DC,Memphis,US,Toronto,CA,435,1212.23,road,storage,32313.76,0
SO-05630,2026-01-07,C-MEX-006,Memphis DC,Memphis,US,Mexico City,MX,302,755.66,road,cases,18127.25,1
SO-05907,2026-01-07,C-SAO-020,Memphis DC,Memphis,US,Sao Paulo,BR,1098,2063.42,sea,cases,10994.64,0
SO-06563,2026-01-07,C-RIY-004,Dubai DC,Dubai,AE,Riyadh,SA,850,1569.78,road,chargers,15764.54,0
SO-06603,2026-01-07,C-CAI-001,Dubai DC,Dubai,AE,Cairo,EG,445,1516.87,sea,audio,23675.18,0
SO-06898,2026-01-07,C-NAI-033,Dubai DC,Dubai,AE,Nairobi,KE,639,1122.68,air,cases,19471.54,0
SO-00274,2026-01-08,C-LON-009,Rotterdam DC,Rotterdam,NL,London,GB,134,519.09,road,cables,24357.9,0
SO-00977,2026-01-08,C-PAR-022,Rotterdam DC,Rotterdam,NL,Paris,FR,446,1197.07,road,cases,33929.69,0
SO-01018,2026-01-08,C-PAR-037,Rotterdam DC,Rotterdam,NL,Paris,FR,566,1683.09,road,storage,32476.02,0
SO-01866,2026-01-08,C-STO-036,Rotterdam DC,Rotterdam,NL,Stockholm,SE,459,1364.15,road,chargers,17981.85,0
SO-01965,2026-01-08,C-DUB-039,Rotterdam DC,Rotterdam,NL,Dublin,IE,214,846.17,air,storage,14360.17,0
SO-02287,2026-01-08,C-TOK-017,Shenzhen DC,Shenzhen,CN,Tokyo,JP,270,744.62,sea,chargers,36401.25,0
SO-02307,2026-01-08,C-TOK-033,Shenzhen DC,Shenzhen,CN,Tokyo,JP,405,1029.17,sea,storage,29524.24,0
SO-02531,2026-01-08,C-SEO-029,Shenzhen DC,Shenzhen,CN,Seoul,KR,540,1623.74,sea,cables,23660.61,0
SO-03404,2026-01-08,C-MAN-010,Shenzhen DC,Shenzhen,CN,Manila,PH,256,1016.12,sea,audio,26966.98,0
SO-03405,2026-01-08,C-MAN-014,Shenzhen DC,Shenzhen,CN,Manila,PH,520,1285.81,sea,storage,12557.87,0
SO-04443,2026-01-08,C-NEW-010,Memphis DC,Memphis,US,New York City,US,777,1403.28,road,audio,30737.99,0
SO-04968,2026-01-08,C-LOS-007,Memphis DC,Memphis,US,Los Angeles,US,438,1507.56,road,wearables,14498.93,0
SO-05077,2026-01-08,C-LOS-016,Memphis DC,Memphis,US,Los Angeles,US,369,954.32,road,audio,31169.12,0
SO-05145,2026-01-08,C-LOS-003,Memphis DC,Memphis,US,Los Angeles,US,380,954.43,road,storage,26210.46,0
SO-05244,2026-01-08,C-LOS-027,Memphis DC,Memphis,US,Los Angeles,US,367,1140.09,road,storage,18105.02,0
SO-05305,2026-01-08,C-LOS-002,Memphis DC,Memphis,US,Los Angeles,US,752,1494.38,road,cables,25522.16,0
SO-05373,2026-01-08,C-TOR-032,Memphis DC,Memphis,US,Toronto,CA,827,1677.01,road,cases,34044.77,0
SO-05388,2026-01-08,C-TOR-032,Memphis DC,Memphis,US,Toronto,CA,722,1763.45,road,chargers,25556.96,0
SO-05785,2026-01-08,C-SAO-017,Memphis DC,Memphis,US,Sao Paulo,BR,815,1879.7,sea,cases,18597.24,0
SO-06342,2026-01-08,C-BUE-024,Memphis DC,Memphis,US,Buenos Aires,AR,261,903.6,sea,audio,25964.99,0
SO-06488,2026-01-08,C-RIY-039,Dubai DC,Dubai,AE,Riyadh,SA,1107,2028.35,road,cables,35989.28,0
SO-06778,2026-01-08,C-CAI-028,Dubai DC,Dubai,AE,Cairo,EG,768,1727.26,sea,cables,40,0
SO-00436,2026-01-09,C-BER-011,Rotterdam DC,Rotterdam,NL,Berlin,DE,157,444.88,road,chargers,30677.7,0
SO-00897,2026-01-09,C-PAR-017,Rotterdam DC,Rotterdam,NL,Paris,FR,260,1037.64,road,cables,15366.37,0
SO-01189,2026-01-09,C-MAD-016,Rotterdam DC,Rotterdam,NL,Madrid,ES,300,923.24,road,cases,33247.45,0
SO-01222,2026-01-09,C-MAD-019,Rotterdam DC,Rotterdam,NL,Madrid,ES,402,1486.84,road,cables,36934.04,0
SO-01416,2026-01-09,C-MIL-034,Rotterdam DC,Rotterdam,NL,Milan,IT,331,1039.89,road,audio,37776.07,1
SO-01684,2026-01-09,C-WAR-011,Rotterdam DC,Rotterdam,NL,Warsaw,PL,444,1187.03,road,audio,26109.47,0
SO-01775,2026-01-09,C-WAR-007,Rotterdam DC,Rotterdam,NL,Warsaw,PL,508,1643.5,road,wearables,43596.41,1
SO-02190,2026-01-09,C-TOK-036,Shenzhen DC,Shenzhen,CN,Tokyo,JP,347,1044.17,sea,cables,39784.71,0
SO-02350,2026-01-09,C-TOK-006,Shenzhen DC,Shenzhen,CN,Tokyo,JP,446,1212.05,sea,audio,25945.21,0
SO-02398,2026-01-09,C-SEO-004,Shenzhen DC,Shenzhen,CN,Seoul,KR,560,877.83,sea,storage,26914.21,0
SO-03785,2026-01-09,C-SYD-019,Rotterdam DC,Rotterdam,NL,Sydney,AU,276,648.94,air,cables,22842.92,0
SO-03863,2026-01-09,C-SYD-014,Rotterdam DC,Rotterdam,NL,Sydney,AU,351,1080.25,air,storage,29614.26,0
SO-04261,2026-01-09,C-NEW-008,Memphis DC,Memphis,US,New York City,US,210,541.33,road,chargers,30938.41,0
SO-04639,2026-01-09,C-CHI-007,Memphis DC,Memphis,US,Chicago,US,698,1178.41,road,chargers,35191.41,0
SO-04795,2026-01-09,C-CHI-015,Memphis DC,Memphis,US,Chicago,US,668,1017.7,road,chargers,32164.49,0
SO-04894,2026-01-09,C-CHI-020,Memphis DC,Memphis,US,Chicago,US,297,1157.67,road,chargers,30123.0,0
SO-05275,2026-01-09,C-LOS-036,Memphis DC,Memphis,US,Los Angeles,US,816,1639.12,road,wearables,40280.57,0
SO-05417,2026-01-09,C-TOR-033,Memphis DC,Memphis,US,Toronto,CA,200,477.52,road,chargers,25258.92,0
SO-05451,2026-01-09,C-TOR-019,Memphis DC,Memphis,US,Toronto,CA,484,1114.45,road,cables,13130.74,0
SO-05533,2026-01-09,C-TOR-011,Memphis DC,Memphis,US,Toronto,CA,80,291.73,road,storage,28704.82,0
SO-05941,2026-01-09,C-SAO-033,Memphis DC,Memphis,US,Sao Paulo,BR,603,1790.68,sea,cases,22781.79,0
SO-06390,2026-01-09,C-RIY-009,Dubai DC,Dubai,AE,Riyadh,SA,1099,1595.22,road,storage,23605.84,0
SO-07091,2026-01-09,C-JOH-036,Dubai DC,Dubai,AE,Johannesburg,ZA,708,1327.49,sea,cases,13827.15,0
SO-00958,2026-01-10,C-PAR-023,Rotterdam DC,Rotterdam,NL,Paris,FR,398,970.47,road,wearables,25085.13,0
SO-01043,2026-01-10,C-PAR-020,Rotterdam DC,Rotterdam,NL,Paris,FR,564,1278.76,road,wearables,25794.05,1
SO-01114,2026-01-10,C-PAR-016,Rotterdam DC,Rotterdam,NL,Paris,FR,327,1123.62,road,audio,20340.17,0
SO-01463,2026-01-10,C-MIL-034,Rotterdam DC,Rotterdam,NL,Milan,IT,180,710.56,road,wearables,24899.9,0
SO-01663,2026-01-10,C-WAR-024,Rotterdam DC,Rotterdam,NL,Warsaw,PL,443,731.96,road,audio,42751.89,0
SO-01871,2026-01-10,C-STO-036,Rotterdam DC,Rotterdam,NL,Stockholm,SE,500,1566.41,road,wearables,25224.28,0
SO-02890,2026-01-10,C-SIN-021,Shenzhen DC,Shenzhen,CN,Singapore,SG,140,530.97,sea,wearables,12774.67,0
SO-03066,2026-01-10,C-BAN-038,Shenzhen DC,Shenzhen,CN,Bangkok,TH,494,1200.81,sea,storage,30898.07,0
SO-03104,2026-01-10,C-BAN-018,Shenzhen DC,Shenzhen,CN,Bangkok,TH,646,1630.76,sea,storage,33418.97,0
SO-03106,2026-01-10,C-BAN-024,Shenzhen DC,Shenzhen,CN,Bangkok,TH,273,981.84,sea,storage,21719.25,0
SO-03250,2026-01-10,C-JAK-009,Shenzhen DC,Shenzhen,CN,Jakarta,ID,640,1715.09,sea,wearables,32147.16,0
SO-04149,2026-01-10,C-NEW-029,Memphis DC,Memphis,US,New York City,US,333,982.74,road,wearables,28308.25,0
SO-04183,2026-01-10,C-NEW-011,Memphis DC,Memphis,US,New York City,US,272,948.37,road,wearables,29920.07,0
SO-04461,2026-01-10,C-NEW-002,Memphis DC,Memphis,US,New York City,US,292,1070.64,road,storage,49037.51,0
SO-04642,2026-01-10,C-CHI-038,Memphis DC,Memphis,US,Chicago,US,275,727.93,road,audio,26025.1,0
SO-05078,2026-01-10,C-LOS-007,Memphis DC,Memphis,US,Los Angeles,US,99,371.52,road,cases,16166.12,0
SO-05227,2026-01-10,C-LOS-031,Memphis DC,Memphis,US,Los Angeles,US,311,986.99,road,chargers,29250.23,0
SO-05489,2026-01-10,C-TOR-022,Memphis DC,Memphis,US,Toronto,CA,331,1206.29,road,wearables,32004.83,0
SO-05614,2026-01-10,C-MEX-013,Memphis DC,Memphis,US,Mexico City,MX,285,843.73,road,wearables,28299.48,0
SO-06225,2026-01-10,C-BUE-001,Memphis DC,Memphis,US,Buenos Aires,AR,471,1035.61,sea,cases,28522.68,0
SO-06277,2026-01-10,C-BUE-027,Memphis DC,Memphis,US,Buenos Aires,AR,1182,1913.53,sea,storage,31126.72,0
SO-06495,2026-01-10,C-RIY-006,Dubai DC,Dubai,AE,Riyadh,SA,446,1323.65,road,wearables,30190.68,0
SO-07115,2026-01-10,C-JOH-022,Dubai DC,Dubai,AE,Johannesburg,ZA,155,514.2,sea,chargers,24169.42,0
SO-07325,2026-01-10,C-KAR-011,Dubai DC,Dubai,AE,Karachi,PK,367,1126.64,sea,cables,24862.3,0
SO-00665,2026-01-11,C-BER-001,Rotterdam DC,Rotterdam,NL,Berlin,DE,461,943.57,road,cases,20503.32,0
SO-00679,2026-01-11,C-BER-002,Rotterdam DC,Rotterdam,NL,Berlin,DE,667,1568.9,road,chargers,27623.07,0
SO-01132,2026-01-11,C-MAD-033,Rotterdam DC,Rotterdam,NL,Madrid,ES,257,1019.07,road,audio,35315.01,0
SO-01310,2026-01-11,C-MAD-035,Rotterdam DC,Rotterdam,NL,Madrid,ES,672,1212.49,road,chargers,39051.86,0
SO-02222,2026-01-11,C-TOK-009,Shenzhen DC,Shenzhen,CN,Tokyo,JP,387,1078.81,sea,chargers,9809.66,0
SO-02353,2026-01-11,C-TOK-011,Shenzhen DC,Shenzhen,CN,Tokyo,JP,323,1168.32,sea,chargers,20628.05,0
SO-02461,2026-01-11,C-SEO-014,Shenzhen DC,Shenzhen,CN,Seoul,KR,406,1378.25,sea,audio,34185.96,0
SO-03358,2026-01-11,C-MAN-016,Shenzhen DC,Shenzhen,CN,Manila,PH,595,1657.77,sea,audio,22611.35,0
SO-03850,2026-01-11,C-SYD-016,Rotterdam DC,Rotterdam,NL,Sydney,AU,266,775.99,air,cables,30496.81,0
SO-03946,2026-01-11,C-AUC-020,Rotterdam DC,Rotterdam,NL,Auckland,NZ,352,818.55,air,wearables,26952.92,0
SO-04911,2026-01-11,C-CHI-015,Memphis DC,Memphis,US,Chicago,US,287,584.35,road,cables,29094.76,0
SO-05079,2026-01-11,C-LOS-010,Memphis DC,Memphis,US,Los Angeles,US,388,1486.09,road,chargers,21862.88,0
SO-05443,2026-01-11,C-TOR-037,Memphis DC,Memphis,US,Toronto,CA,81,232.61,road,wearables,33139.75,0
SO-05669,2026-01-11,C-MEX-004,Memphis DC,Memphis,US,Mexico City,MX,783,2248.49,road,cases,16831.71,0
SO-05800,2026-01-11,C-SAO-036,Memphis DC,Memphis,US,Sao Paulo,BR,417,1130.48,sea,storage,8745.11,0
SO-06339,2026-01-11,C-BUE-038,Memphis DC,Memphis,US,Buenos Aires,AR,754,1929.6,sea,wearables,31967.43,0
SO-06476,2026-01-11,C-RIY-031,Dubai DC,Dubai,AE,Riyadh,SA,412,1173.31,road,storage,33540.91,0
SO-06522,2026-01-11,C-RIY-016,Dubai DC,Dubai,AE,Riyadh,SA,444,954.3,road,audio,25016.52,0
SO-06823,2026-01-11,C-NAI-017,Dubai DC,Dubai,AE,Nairobi,KE,327,1030.48,air,storage,24931.11,0
SO-07125,2026-01-11,C-JOH-007,Dubai DC,Dubai,AE,Johannesburg,ZA,678,1832.84,sea,cases,23595.52,0
SO-02091,2026-01-12,C-TOK-036,Shenzhen DC,Shenzhen,CN,Tokyo,JP,447,1115.25,sea,cases,37176.64,0
SO-02408,2026-01-12,C-SEO-029,Shenzhen DC,Shenzhen,CN,Seoul,KR,550,888.46,sea,chargers,22091.09,0
SO-02418,2026-01-12,C-SEO-013,Shenzhen DC,Shenzhen,CN,Seoul,KR,1278,1962.23,sea,cases,33950.37,0
SO-03063,2026-01-12,C-BAN-025,Shenzhen DC,Shenzhen,CN,Bangkok,TH,401,1174.07,sea,storage,13592.75,1
SO-03183,2026-01-12,C-JAK-011,Shenzhen DC,Shenzhen,CN,Jakarta,ID,416,1298.13,sea,cases,12235.68,0
SO-03435,2026-01-12,C-MAN-009,Shenzhen DC,Shenzhen,CN,Manila,PH,227,733.33,sea,audio,41433.4,0
SO-03594,2026-01-12,C-MUM-014,Shenzhen DC,Shenzhen,CN,Mumbai,IN,1051,1715.71,sea,audio,23840.62,0
SO-04109,2026-01-12,C-NEW-020,Memphis DC,Memphis,US,New York City,US,482,1712.4,road,audio,24267.22,0
SO-04806,2026-01-12,C-CHI-025,Memphis DC,Memphis,US,Chicago,US,706,1144.49,road,cables,9397.29,0
SO-06533,2026-01-12,C-RIY-014,Dubai DC,Dubai,AE,Riyadh,SA,263,930.18,road,storage,23021.47,0
SO-06623,2026-01-12,C-CAI-039,Dubai DC,Dubai,AE,Cairo,EG,326,1209.38,sea,cables,21800.74,0
SO-06752,2026-01-12,C-CAI-003,Dubai DC,Dubai,AE,Cairo,EG,145,516.47,sea,audio,21773.98,0
SO-07286,2026-01-12,C-KAR-038,Dubai DC,Dubai,AE,Karachi,PK,349,1061.0,sea,cables,25092.82,0
SO-00028,2026-01-13,C-LON-002,Rotterdam DC,Rotterdam,NL,London,GB,779,1288.46,road,wearables,25915.61,0
SO-00048,2026-01-13,C-LON-018,Rotterdam DC,Rotterdam,NL,London,GB,479,1336.2,road,cables,29945.75,0
SO-00246,2026-01-13,C-LON-021,Rotterdam DC,Rotterdam,NL,London,GB,344,744.12,road,wearables,28806.79,0
SO-00278,2026-01-13,C-LON-022,Rotterdam DC,Rotterdam,NL,London,GB,465,1175.12,road,storage,16307.98,0
SO-00541,2026-01-13,C-BER-036,Rotterdam DC,Rotterdam,NL,Berlin,DE,475,1084.98,road,audio,32025.19,0
SO-00649,2026-01-13,C-BER-009,Rotterdam DC,Rotterdam,NL,Berlin,DE,254,965.81,road,chargers,31365.22,0
SO-00713,2026-01-13,C-BER-014,Rotterdam DC,Rotterdam,NL,Berlin,DE,353,870.4,road,cables,43355.84,0
SO-00715,2026-01-13,C-BER-013,Rotterdam DC,Rotterdam,NL,Berlin,DE,319,944.39,road,cables,32366.77,0
SO-01302,2026-01-13,C-MAD-020,Rotterdam DC,Rotterdam,NL,Madrid,ES,420,1536.04,road,cases,26021.87,0
SO-01564,2026-01-13,C-MIL-017,Rotterdam DC,Rotterdam,NL,Milan,IT,589,1199.76,road,storage,21961.67,0
SO-01725,2026-01-13,C-WAR-036,Rotterdam DC,Rotterdam,NL,Warsaw,PL,408,1476.02,road,audio,43023.67,0
SO-02014,2026-01-13,C-DUB-014,Rotterdam DC,Rotterdam,NL,Dublin,IE,583,1000.12,air,cases,12880.86,0
SO-02496,2026-01-13,C-SEO-011,Shenzhen DC,Shenzhen,CN,Seoul,KR,372,1295.29,sea,cases,37246.78,0
SO-02622,2026-01-13,C-SEO-022,Shenzhen DC,Shenzhen,CN,Seoul,KR,412,1533.96,sea,storage,17688.17,0
SO-02658,2026-01-13,C-SIN-013,Shenzhen DC,Shenzhen,CN,Singapore,SG,787,1300.39,sea,cases,29541.32,0
SO-03084,2026-01-13,C-BAN-027,Shenzhen DC,Shenzhen,CN,Bangkok,TH,616,1461.92,sea,storage,18795.46,0
SO-04276,2026-01-13,C-NEW-030,Memphis DC,Memphis,US,New York City,US,275,1088.44,road,wearables,18849.67,0
SO-04336,2026-01-13,C-NEW-032,Memphis DC,Memphis,US,New York City,US,350,1157.99,road,cases,37812.47,0
SO-04389,2026-01-13,C-NEW-029,Memphis DC,Memphis,US,New York City,US,497,1473.06,road,wearables,33514.18,0
SO-04925,2026-01-13,C-CHI-019,Memphis DC,Memphis,US,Chicago,US,417,727.87,road,wearables,19730.01,0
SO-05351,2026-01-13,C-TOR-025,Memphis DC,Memphis,US,Toronto,CA,808,1417.09,road,cables,9245.8,0
SO-05547,2026-01-13,C-TOR-009,Memphis DC,Memphis,US,Toronto,CA,692,1088.53,road,wearables,38585.14,0
SO-05593,2026-01-13,C-MEX-038,Memphis DC,Memphis,US,Mexico City,MX,672,1141.98,road,audio,42620.05,0
SO-05751,2026-01-13,C-MEX-039,Memphis DC,Memphis,US,Mexico City,MX,608,1230.73,road,wearables,16108.15,0
SO-05841,2026-01-13,C-SAO-016,Memphis DC,Memphis,US,Sao Paulo,BR,351,1246.01,sea,chargers,22832.62,0
SO-05873,2026-01-13,C-SAO-027,Memphis DC,Memphis,US,Sao Paulo,BR,968,1382.29,sea,audio,20595.55,0
SO-05905,2026-01-13,C-SAO-005,Memphis DC,Memphis,US,Sao Paulo,BR,381,1329.24,sea,audio,19181.15,0
SO-06074,2026-01-13,C-BOG-002,Memphis DC,Memphis,US,Bogota,CO,301,988.99,air,audio,29881.06,0
SO-06404,2026-01-13,C-RIY-015,Dubai DC,Dubai,AE,Riyadh,SA,844,1897.08,road,cables,25322.17,0
SO-06549,2026-01-13,C-RIY-012,Dubai DC,Dubai,AE,Riyadh,SA,135,517.65,road,cables,31355.27,0
SO-07385,2026-01-13,C-KAR-037,Dubai DC,Dubai,AE,Karachi,PK,973,2164.1,sea,wearables,15242.06,0
SO-00241,2026-01-14,C-LON-038,Rotterdam DC,Rotterdam,NL,London,GB,250,564.98,road,wearables,35740.0,0
SO-00487,2026-01-14,C-BER-007,Rotterdam DC,Rotterdam,NL,Berlin,DE,385,1520.81,road,wearables,14331.85,0
SO-00659,2026-01-14,C-BER-022,Rotterdam DC,Rotterdam,NL,Berlin,DE,445,1683.58,road,audio,22574.37,0
SO-00910,2026-01-14,C-PAR-026,Rotterdam DC,Rotterdam,NL,Paris,FR,417,1624.81,road,cables,38392.3,0
SO-01156,2026-01-14,C-MAD-023,Rotterdam DC,Rotterdam,NL,Madrid,ES,324,1165.43,road,cases,20456.69,0
SO-01531,2026-01-14,C-MIL-024,Rotterdam DC,Rotterdam,NL,Milan,IT,355,1348.0,road,storage,36817.11,0
SO-01793,2026-01-14,C-STO-030,Rotterdam DC,Rotterdam,NL,Stockholm,SE,461,773.65,road,audio,28853.75,0
SO-01850,2026-01-14,C-STO-026,Rotterdam DC,Rotterdam,NL,Stockholm,SE,291,826.39,road,wearables,16188.16,0
SO-02463,2026-01-14,C-SEO-021,Shenzhen DC,Shenzhen,CN,Seoul,KR,369,1227.75,sea,cases,27360.85,0
SO-03245,2026-01-14,C-JAK-010,Shenzhen DC,Shenzhen,CN,Jakarta,ID,740,1669.4,sea,audio,43098.1,0
SO-03394,2026-01-14,C-MAN-003,Shenzhen DC,Shenzhen,CN,Manila,PH,488,998.93,sea,chargers,23858.29,0
SO-03599,2026-01-14,C-MUM-037,Shenzhen DC,Shenzhen,CN,Mumbai,IN,587,1321.45,sea,cases,22879.35,0
SO-03777,2026-01-14,C-SYD-022,Rotterdam DC,Rotterdam,NL,Sydney,AU,53,202.33,air,audio,40202.55,0
SO-03894,2026-01-14,C-SYD-019,Rotterdam DC,Rotterdam,NL,Sydney,AU,231,887.05,air,wearables,38535.54,1
SO-04061,2026-01-14,C-NEW-035,Memphis DC,Memphis,US,New York City,US,385,1175.86,road,storage,9612.92,0
SO-04638,2026-01-14,C-CHI-004,Memphis DC,Memphis,US,Chicago,US,410,1179.37,road,wearables,18256.82,0
SO-05042,2026-01-14,C-LOS-022,Memphis DC,Memphis,US,Los Angeles,US,642,1718.08,road,cables,32067.66,0
SO-05113,2026-01-14,C-LOS-003,Memphis DC,Memphis,US,Los Angeles,US,328,630.55,road,cables,19860.89,0
SO-05371,2026-01-14,C-TOR-027,Memphis DC,Memphis,US,Toronto,CA,334,1147.34,road,storage,22907.99,0
SO-05525,2026-01-14,C-TOR-035,Memphis DC,Memphis,US,Toronto,CA,609,1528.9,road,cases,23976.41,0
SO-05570,2026-01-14,C-MEX-023,Memphis DC,Memphis,US,Mexico City,MX,404,1471.67,road,wearables,19003.93,0
SO-05697,2026-01-14,C-MEX-011,Memphis DC,Memphis,US,Mexico City,MX,339,1072.32,road,wearables,14185.75,0
SO-05862,2026-01-14,C-SAO-028,Memphis DC,Memphis,US,Sao Paulo,BR,490,1580.04,sea,cables,20410.72,0
SO-05958,2026-01-14,C-SAO-017,Memphis DC,Memphis,US,Sao Paulo,BR,750,1480.9,sea,cases,15083.17,0
SO-05983,2026-01-14,C-BOG-019,Memphis DC,Memphis,US,Bogota,CO,174,480.96,air,wearables,20611.69,0
SO-06006,2026-01-14,C-BOG-012,Memphis DC,Memphis,US,Bogota,CO,573,810.33,air,chargers,26175.0,0
SO-06031,2026-01-14,C-BOG-003,Memphis DC,Memphis,US,Bogota,CO,172,569.95,air,storage,32529.15,1
SO-06528,2026-01-14,C-RIY-039,Dubai DC,Dubai,AE,Riyadh,SA,533,827.48,road,wearables,39236.32,1
SO-07290,2026-01-14,C-KAR-032,Dubai DC,Dubai,AE,Karachi,PK,308,1128.5,sea,cables,20208.44,0
SO-00193,2026-01-15,C-LON-018,Rotterdam DC,Rotterdam,NL,London,GB,323,1223.15,road,chargers,24695.2,0
SO-00664,2026-01-15,C-BER-018,Rotterdam DC,Rotterdam,NL,Berlin,DE,660,1681.93,road,chargers,36883.78,0
SO-01021,2026-01-15,C-PAR-027,Rotterdam DC,Rotterdam,NL,Paris,FR,971,1398.96,road,wearables,26534.55,0
SO-01058,2026-01-15,C-PAR-002,Rotterdam DC,Rotterdam,NL,Paris,FR,521,1239.49,road,audio,17291.96,0
SO-02131,2026-01-15,C-TOK-012,Shenzhen DC,Shenzhen,CN,Tokyo,JP,439,1395.58,sea,wearables,20999.58,0
SO-02318,2026-01-15,C-TOK-017,Shenzhen DC,Shenzhen,CN,Tokyo,JP,340,1312.61,sea,storage,45722.01,0
SO-03007,2026-01-15,C-BAN-036,Shenzhen DC,Shenzhen,CN,Bangkok,TH,624,1649.35,sea,chargers,33829.75,1
SO-03551,2026-01-15,C-MUM-033,Shenzhen DC,Shenzhen,CN,Mumbai,IN,379,1498.45,sea,audio,26600.32,0
SO-03651,2026-01-15,C-MUM-004,Shenzhen DC,Shenzhen,CN,Mumbai,IN,337,982.43,sea,chargers,23862.73,0
SO-04775,2026-01-15,C-CHI-032,Memphis DC,Memphis,US,Chicago,US,716,1745.96,road,storage,38864.07,0
SO-05261,2026-01-15,C-LOS-030,Memphis DC,Memphis,US,Los Angeles,US,350,849.39,road,chargers,17489.13,0
SO-05494,2026-01-15,C-TOR-009,Memphis DC,Memphis,US,Toronto,CA,858,1369.76,road,audio,24529.13,0
SO-06412,2026-01-15,C-RIY-036,Dubai DC,Dubai,AE,Riyadh,SA,191,697.09,road,wearables,25046.47,1
SO-06683,2026-01-15,C-CAI-030,Dubai DC,Dubai,AE,Cairo,EG,374,1306.9,sea,storage,25633.6,0
SO-06724,2026-01-15,C-CAI-035,Dubai DC,Dubai,AE,Cairo,EG,376,810.73,sea,audio,20781.13,0
SO-06852,2026-01-15,C-NAI-013,Dubai DC,Dubai,AE,Nairobi,KE,257,881.94,air,wearables,27953.02,0
SO-07337,2026-01-15,C-KAR-006,Dubai DC,Dubai,AE,Karachi,PK,627,1296.56,sea,cases,15506.29,0
SO-00447,2026-01-16,C-BER-028,Rotterdam DC,Rotterdam,NL,Berlin,DE,190,447.15,road,cables,31083.01,0
SO-00655,2026-01-16,C-BER-010,Rotterdam DC,Rotterdam,NL,Berlin,DE,594,1150.79,road,chargers,22665.36,0
SO-00736,2026-01-16,C-BER-003,Rotterdam DC,Rotterdam,NL,Berlin,DE,850,1315.07,road,chargers,35242.12,0
SO-00859,2026-01-16,C-PAR-008,Rotterdam DC,Rotterdam,NL,Paris,FR,243,747.62,road,cases,26043.05,0
SO-00966,2026-01-16,C-PAR-026,Rotterdam DC,Rotterdam,NL,Paris,FR,588,1184.16,road,storage,24442.35,0
SO-01261,2026-01-16,C-MAD-039,Rotterdam DC,Rotterdam,NL,Madrid,ES,499,1681.71,road,audio,35669.0,0
SO-01374,2026-01-16,C-MIL-028,Rotterdam DC,Rotterdam,NL,Milan,IT,429,1002.06,road,audio,29723.55,0
SO-01551,2026-01-16,C-MIL-006,Rotterdam DC,Rotterdam,NL,Milan,IT,942,1769.87,road,chargers,18202.65,0
SO-01921,2026-01-16,C-STO-019,Rotterdam DC,Rotterdam,NL,Stockholm,SE,907,1412.39,road,storage,23173.99,0
SO-01969,2026-01-16,C-DUB-026,Rotterdam DC,Rotterdam,NL,Dublin,IE,415,740.31,air,storage,21194.68,0
SO-02764,2026-01-16,C-SIN-017,Shenzhen DC,Shenzhen,CN,Singapore,SG,112,370.88,sea,cables,48745.17,0
SO-02835,2026-01-16,C-SIN-005,Shenzhen DC,Shenzhen,CN,Singapore,SG,357,895.88,sea,cables,20901.97,0
SO-03228,2026-01-16,C-JAK-024,Shenzhen DC,Shenzhen,CN,Jakarta,ID,896,1703.81,sea,audio,14820.04,0
SO-03611,2026-01-16,C-MUM-010,Shenzhen DC,Shenzhen,CN,Mumbai,IN,346,1308.52,sea,storage,31980.74,0
SO-03805,2026-01-16,C-SYD-006,Rotterdam DC,Rotterdam,NL,Sydney,AU,253,982.26,air,storage,56168.55,0
SO-04105,2026-01-16,C-NEW-008,Memphis DC,Memphis,US,New York City,US,265,901.76,road,wearables,24681.16,0
SO-04136,2026-01-16,C-NEW-017,Memphis DC,Memphis,US,New York City,US,314,817.38,road,chargers,17938.53,0
SO-04153,2026-01-16,C-NEW-016,Memphis DC,Memphis,US,New York City,US,265,883.24,road,wearables,25166.61,0
SO-04731,2026-01-16,C-CHI-022,Memphis DC,Memphis,US,Chicago,US,330,1280.84,road,cables,11001.26,0
SO-04740,2026-01-16,C-CHI-014,Memphis DC,Memphis,US,Chicago,US,458,1141.56,road,cables,19477.22,0
SO-04959,2026-01-16,C-LOS-027,Memphis DC,Memphis,US,Los Angeles,US,282,911.32,road,cables,32746.2,0
SO-05854,2026-01-16,C-SAO-014,Memphis DC,Memphis,US,Sao Paulo,BR,383,1317.76,sea,storage,11508.9,0
SO-05986,2026-01-16,C-BOG-014,Memphis DC,Memphis,US,Bogota,CO,424,709.55,air,cables,18325.28,0
SO-07160,2026-01-16,C-JOH-016,Dubai DC,Dubai,AE,Johannesburg,ZA,937,1958.66,sea,cases,27811.88,0
SO-07198,2026-01-16,C-JOH-021,Dubai DC,Dubai,AE,Johannesburg,ZA,249,714.61,sea,cables,26801.65,0
SO-00556,2026-01-17,C-BER-029,Rotterdam DC,Rotterdam,NL,Berlin,DE,316,893.15,road,storage,39970.82,0
SO-00597,2026-01-17,C-BER-021,Rotterdam DC,Rotterdam,NL,Berlin,DE,404,1571.76,road,wearables,27006.14,0
SO-00668,2026-01-17,C-BER-034,Rotterdam DC,Rotterdam,NL,Berlin,DE,759,1289.38,road,wearables,29661.99,0
SO-01235,2026-01-17,C-MAD-031,Rotterdam DC,Rotterdam,NL,Madrid,ES,654,1939.02,road,wearables,31769.13,0
SO-02052,2026-01-17,C-DUB-024,Rotterdam DC,Rotterdam,NL,Dublin,IE,185,689.36,air,audio,22082.7,0
SO-02122,2026-01-17,C-TOK-023,Shenzhen DC,Shenzhen,CN,Tokyo,JP,699,1460.88,sea,cases,45163.61,0
SO-04699,2026-01-17,C-CHI-006,Memphis DC,Memphis,US,Chicago,US,322,1096.8,road,chargers,23612.8,0
SO-05225,2026-01-17,C-LOS-005,Memphis DC,Memphis,US,Los Angeles,US,455,1130.02,road,cables,21885.0,0
SO-05306,2026-01-17,C-TOR-009,Memphis DC,Memphis,US,Toronto,CA,451,1193.38,road,cases,20172.58,0
SO-06402,2026-01-17,C-RIY-028,Dubai DC,Dubai,AE,Riyadh,SA,294,1003.74,road,wearables,36328.21,0
SO-06630,2026-01-17,C-CAI-007,Dubai DC,Dubai,AE,Cairo,EG,661,2193.0,sea,wearables,27619.84,0
SO-06686,2026-01-17,C-CAI-002,Dubai DC,Dubai,AE,Cairo,EG,410,1402.62,sea,storage,27461.86,0
SO-07088,2026-01-17,C-JOH-028,Dubai DC,Dubai,AE,Johannesburg,ZA,328,1271.87,sea,chargers,20267.49,0
SO-00674,2026-01-18,C-BER-027,Rotterdam DC,Rotterdam,NL,Berlin,DE,474,846.84,road,storage,31675.61,0
SO-00701,2026-01-18,C-BER-032,Rotterdam DC,Rotterdam,NL,Berlin,DE,316,1113.99,road,cables,29752.57,0
SO-01308,2026-01-18,C-MAD-003,Rotterdam DC,Rotterdam,NL,Madrid,ES,239,938.93,road,audio,25306.46,0
SO-01802,2026-01-18,C-STO-036,Rotterdam DC,Rotterdam,NL,Stockholm,SE,534,1446.97,road,cases,29194.8,0
SO-01825,2026-01-18,C-STO-023,Rotterdam DC,Rotterdam,NL,Stockholm,SE,625,1226.13,road,chargers,21626.73,0
SO-01888,2026-01-18,C-STO-011,Rotterdam DC,Rotterdam,NL,Stockholm,SE,521,1730.53,road,chargers,21477.34,0
SO-01893,2026-01-18,C-STO-023,Rotterdam DC,Rotterdam,NL,Stockholm,SE,163,284.05,road,chargers,14207.69,0
SO-02396,2026-01-18,C-SEO-008,Shenzhen DC,Shenzhen,CN,Seoul,KR,1,0.5,sea,wearables,37385.3,0
SO-02422,2026-01-18,C-SEO-028,Shenzhen DC,Shenzhen,CN,Seoul,KR,429,799.17,sea,storage,36187.32,0
SO-02505,2026-01-18,C-SEO-032,Shenzhen DC,Shenzhen,CN,Seoul,KR,357,1152.34,sea,audio,32393.75,0
SO-02761,2026-01-18,C-SIN-023,Shenzhen DC,Shenzhen,CN,Singapore,SG,396,1107.5,sea,chargers,15586.52,0
SO-02778,2026-01-18,C-SIN-021,Shenzhen DC,Shenzhen,CN,Singapore,SG,229,797.88,sea,cases,20497.81,0
SO-02859,2026-01-18,C-SIN-025,Shenzhen DC,Shenzhen,CN,Singapore,SG,447,852.38,sea,chargers,21100.84,0
SO-03001,2026-01-18,C-BAN-006,Shenzhen DC,Shenzhen,CN,Bangkok,TH,386,1320.1,sea,chargers,20640.6,0
SO-03278,2026-01-18,C-JAK-003,Shenzhen DC,Shenzhen,CN,Jakarta,ID,532,1313.02,sea,wearables,37830.2,0
SO-03451,2026-01-18,C-MAN-027,Shenzhen DC,Shenzhen,CN,Manila,PH,440,970.17,sea,storage,17701.9,0
SO-05714,2026-01-18,C-MEX-025,Memphis DC,Memphis,US,Mexico City,MX,682,1237.79,road,chargers,20367.56,0
SO-06135,2026-01-18,C-SAN-002,Memphis DC,Memphis,US,Santiago,CL,530,1943.78,sea,chargers,18069.1,0
SO-06296,2026-01-18,C-BUE-020,Memphis DC,Memphis,US,Buenos Aires,AR,556,1089.14,sea,cables,22999.06,0
SO-06995,2026-01-18,C-LAG-023,Dubai DC,Dubai,AE,Lagos,NG,147,543.0,air,chargers,24957.19,0
SO-00054,2026-01-19,C-LON-014,Rotterdam DC,Rotterdam,NL,London,GB,674,1881.88,road,audio,36221.56,0
SO-00820,2026-01-19,C-PAR-021,Rotterdam DC,Rotterdam,NL,Paris,FR,545,1146.68,road,wearables,15368.6,0
SO-01176,2026-01-19,C-MAD-023,Rotterdam DC,Rotterdam,NL,Madrid,ES,442,1367.31,road,cables,31565.2,0
SO-01219,2026-01-19,C-MAD-007,Rotterdam DC,Rotterdam,NL,Madrid,ES,269,1044.66,road,cases,27666.16,0
SO-02028,2026-01-19,C-DUB-015,Rotterdam DC,Rotterdam,NL,Dublin,IE,190,498.46,air,audio,19949.95,0
SO-02895,2026-01-19,C-SIN-008,Shenzhen DC,Shenzhen,CN,Singapore,SG,444,1192.51,sea,cases,27111.7,0
SO-03507,2026-01-19,C-MUM-014,Shenzhen DC,Shenzhen,CN,Mumbai,IN,134,476.97,sea,cables,26490.17,0
SO-05513,2026-01-19,C-TOR-006,Memphis DC,Memphis,US,Toronto,CA,622,1244.64,road,cases,20293.26,0
SO-06460,2026-01-19,C-RIY-019,Dubai DC,Dubai,AE,Riyadh,SA,269,1023.54,road,cables,17266.87,0
SO-06513,2026-01-19,C-RIY-026,Dubai DC,Dubai,AE,Riyadh,SA,414,964.86,road,cables,29875.27,0
SO-06611,2026-01-19,C-CAI-010,Dubai DC,Dubai,AE,Cairo,EG,460,1107.34,sea,audio,29969.26,0
SO-06949,2026-01-19,C-LAG-024,Dubai DC,Dubai,AE,Lagos,NG,493,988.21,air,cases,22161.23,0
SO-07171,2026-01-19,C-JOH-022,Dubai DC,Dubai,AE,Johannesburg,ZA,212,436.27,sea,cases,16473.4,0
SO-00115,2026-01-20,C-LON-031,Rotterdam DC,Rotterdam,NL,London,GB,458,1360.48,road,storage,34414.99,0
SO-00973,2026-01-20,C-PAR-019,Rotterdam DC,Rotterdam,NL,Paris,FR,397,1368.9,road,cables,26380.41,0
SO-01004,2026-01-20,C-PAR-022,Rotterdam DC,Rotterdam,NL,Paris,FR,575,1439.02,road,chargers,27600.53,0
SO-01232,2026-01-20,C-MAD-033,Rotterdam DC,Rotterdam,NL,Madrid,ES,756,1194.79,road,cases,22646.75,0
SO-02560,2026-01-20,C-SEO-019,Shenzhen DC,Shenzhen,CN,Seoul,KR,212,756.42,sea,cables,17979.78,0
SO-02690,2026-01-20,C-SIN-024,Shenzhen DC,Shenzhen,CN,Singapore,SG,608,1111.24,sea,cases,16662.01,0
SO-03426,2026-01-20,C-MAN-026,Shenzhen DC,Shenzhen,CN,Manila,PH,283,1052.81,sea,cases,16203.77,0
SO-03522,2026-01-20,C-MUM-037,Shenzhen DC,Shenzhen,CN,Mumbai,IN,566,1089.11,sea,cases,16576.53,0
SO-04726,2026-01-20,C-CHI-017,Memphis DC,Memphis,US,Chicago,US,447,881.13,road,chargers,29170.0,1
SO-05224,2026-01-20,C-LOS-015,Memphis DC,Memphis,US,Los Angeles,US,238,927.53,road,wearables,23974.85,0
SO-05440,2026-01-20,C-TOR-025,Memphis DC,Memphis,US,Toronto,CA,384,1138.67,road,storage,22311.29,0
SO-05754,2026-01-20,C-MEX-009,Memphis DC,Memphis,US,Mexico City,MX,622,881.42,road,cases,13548.05,0
SO-05787,2026-01-20,C-SAO-025,Memphis DC,Memphis,US,Sao Paulo,BR,763,1763.34,sea,cables,14832.64,0
SO-05980,2026-01-20,C-BOG-018,Memphis DC,Memphis,US,Bogota,CO,180,469.41,air,chargers,18894.93,0
SO-06049,2026-01-20,C-BOG-002,Memphis DC,Memphis,US,Bogota,CO,363,689.15,air,audio,14643.6,0
SO-00925,2026-01-21,C-PAR-005,Rotterdam DC,Rotterdam,NL,Paris,FR,172,478.65,road,audio,20015.75,0
SO-01013,2026-01-21,C-PAR-024,Rotterdam DC,Rotterdam,NL,Paris,FR,160,591.11,road,chargers,28080.99,0
SO-01469,2026-01-21,C-MIL-021,Rotterdam DC,Rotterdam,NL,Milan,IT,402,1554.01,road,chargers,23525.04,0
SO-01591,2026-01-21,C-MIL-019,Rotterdam DC,Rotterdam,NL,Milan,IT,493,962.18,road,cases,31867.96,0
SO-02118,2026-01-21,C-TOK-026,Shenzhen DC,Shenzhen,CN,Tokyo,JP,792,1331.95,sea,cases,30204.24,0
SO-02351,2026-01-21,C-TOK-033,Shenzhen DC,Shenzhen,CN,Tokyo,JP,166,610.33,sea,cables,24602.11,0
SO-02983,2026-01-21,C-BAN-013,Shenzhen DC,Shenzhen,CN,Bangkok,TH,356,817.77,sea,wearables,27018.07,0
SO-03060,2026-01-21,C-BAN-009,Shenzhen DC,Shenzhen,CN,Bangkok,TH,467,1308.68,sea,cases,25868.61,0
SO-04058,2026-01-21,C-NEW-035,Memphis DC,Memphis,US,New York City,US,365,1229.62,road,audio,20573.04,0
SO-04866,2026-01-21,C-CHI-027,Memphis DC,Memphis,US,Chicago,US,691,1277.29,road,storage,48761.7,0
SO-04987,2026-01-21,C-LOS-039,Memphis DC,Memphis,US,Los Angeles,US,397,1259.73,road,wearables,31227.19,0
SO-05234,2026-01-21,C-LOS-033,Memphis DC,Memphis,US,Los Angeles,US,304,902.77,road,chargers,18884.77,0
SO-05302,2026-01-21,C-LOS-002,Memphis DC,Memphis,US,Los Angeles,US,746,1166.12,road,cases,25193.23,0
SO-06467,2026-01-21,C-RIY-028,Dubai DC,Dubai,AE,Riyadh,SA,355,1401.0,road,cables,26243.97,0
SO-06908,2026-01-21,C-NAI-002,Dubai DC,Dubai,AE,Nairobi,KE,404,1184.19,air,chargers,14856.31,0
SO-06984,2026-01-21,C-LAG-032,Dubai DC,Dubai,AE,Lagos,NG,136,522.8,air,cases,20070.86,0
SO-07053,2026-01-21,C-LAG-038,Dubai DC,Dubai,AE,Lagos,NG,242,762.58,air,storage,21169.47,0
SO-02476,2026-01-22,C-SEO-016,Shenzhen DC,Shenzhen,CN,Seoul,KR,191,412.49,sea,audio,23205.16,1
SO-02566,2026-01-22,C-SEO-018,Shenzhen DC,Shenzhen,CN,Seoul,KR,390,908.69,sea,wearables,24395.72,0
SO-02986,2026-01-22,C-BAN-031,Shenzhen DC,Shenzhen,CN,Bangkok,TH,327,1030.27,sea,cases,38347.94,0
SO-03205,2026-01-22,C-JAK-025,Shenzhen DC,Shenzhen,CN,Jakarta,ID,452,1531.46,sea,chargers,27892.6,1
SO-04360,2026-01-22,C-NEW-038,Memphis DC,Memphis,US,New York City,US,618,1276.55,road,audio,21858.9,0
SO-05258,2026-01-22,C-LOS-033,Memphis DC,Memphis,US,Los Angeles,US,712,1235.15,road,cases,24418.85,0
SO-06057,2026-01-22,C-BOG-008,Memphis DC,Memphis,US,Bogota,CO,163,632.69,air,chargers,24277.27,0
SO-07083,2026-01-22,C-JOH-016,Dubai DC,Dubai,AE,Johannesburg,ZA,400,1497.15,sea,chargers,30246.76,0
SO-07358,2026-01-22,C-KAR-029,Dubai DC,Dubai,AE,Karachi,PK,446,747.48,sea,audio,33615.47,0
SO-00146,2026-01-23,C-LON-001,Rotterdam DC,Rotterdam,NL,London,GB,396,815.13,road,chargers,28399.33,0
SO-01008,2026-01-23,C-PAR-013,Rotterdam DC,Rotterdam,NL,Paris,FR,607,1427.79,road,audio,33557.28,0
SO-01315,2026-01-23,C-MAD-025,Rotterdam DC,Rotterdam,NL,Madrid,ES,530,1722.62,road,audio,30391.58,0
SO-01600,2026-01-23,C-WAR-012,Rotterdam DC,Rotterdam,NL,Warsaw,PL,357,1333.5,road,cables,31531.49,0
SO-01718,2026-01-23,C-WAR-027,Rotterdam DC,Rotterdam,NL,Warsaw,PL,674,1659.51,road,storage,34320.44,0
SO-01820,2026-01-23,C-STO-004,Rotterdam DC,Rotterdam,NL,Stockholm,SE,71,200.73,road,chargers,32689.06,0
SO-01977,2026-01-23,C-DUB-022,Rotterdam DC,Rotterdam,NL,Dublin,IE,484,777.65,air,storage,26058.77,0
SO-01984,2026-01-23,C-DUB-027,Rotterdam DC,Rotterdam,NL,Dublin,IE,216,835.15,air,chargers,10850.55,0
SO-02663,2026-01-23,C-SIN-004,Shenzhen DC,Shenzhen,CN,Singapore,SG,304,737.84,sea,cases,17188.86,0
SO-02681,2026-01-23,C-SIN-007,Shenzhen DC,Shenzhen,CN,Singapore,SG,364,1054.29,sea,audio,32695.36,0
SO-02777,2026-01-23,C-SIN-034,Shenzhen DC,Shenzhen,CN,Singapore,SG,485,1464.49,sea,wearables,35638.18,0
SO-02867,2026-01-23,C-SIN-031,Shenzhen DC,Shenzhen,CN,Singapore,SG,585,930.22,sea,wearables,24721.25,0
SO-03108,2026-01-23,C-BAN-008,Shenzhen DC,Shenzhen,CN,Bangkok,TH,802,1953.31,sea,storage,33941.79,0
SO-03545,2026-01-23,C-MUM-018,Shenzhen DC,Shenzhen,CN,Mumbai,IN,620,1929.55,sea,chargers,25834.37,0
SO-03692,2026-01-23,C-MUM-012,Shenzhen DC,Shenzhen,CN,Mumbai,IN,770,1474.35,sea,cases,23050.41,0
SO-04087,2026-01-23,C-NEW-027,Memphis DC,Memphis,US,New York City,US,172,607.72,road,wearables,14126.32,0
SO-04221,2026-01-23,C-NEW-027,Memphis DC,Memphis,US,New York City,US,256,896.41,road,audio,40189.98,0
SO-04501,2026-01-23,C-NEW-031,Memphis DC,Memphis,US,New York City,US,401,1304.84,road,chargers,31251.22,0
SO-04603,2026-01-23,C-CHI-031,Memphis DC,Memphis,US,Chicago,US,242,945.05,road,wearables,28995.6,0
SO-04934,2026-01-23,C-LOS-031,Memphis DC,Memphis,US,Los Angeles,US,406,1078.34,road,chargers,19211.81,1
SO-05274,2026-01-23,C-LOS-035,Memphis DC,Memphis,US,Los Angeles,US,315,1218.49,road,chargers,27891.62,0
SO-05310,2026-01-23,C-TOR-019,Memphis DC,Memphis,US,Toronto,CA,465,1418.8,road,wearables,41391.99,0
SO-06012,2026-01-23,C-BOG-022,Memphis DC,Memphis,US,Bogota,CO,174,567.9,air,cases,18140.7,0
SO-06555,2026-01-23,C-RIY-016,Dubai DC,Dubai,AE,Riyadh,SA,835,1514.01,road,chargers,24994.81,0
SO-06763,2026-01-23,C-CAI-017,Dubai DC,Dubai,AE,Cairo,EG,431,1012.3,sea,audio,15540.87,0
SO-07208,2026-01-23,C-JOH-036,Dubai DC,Dubai,AE,Johannesburg,ZA,517,857.82,sea,cables,28531.83,0
SO-07391,2026-01-23,C-KAR-023,Dubai DC,Dubai,AE,Karachi,PK,381,811.66,sea,wearables,22720.17,1
SO-00211,2026-01-24,C-LON-016,Rotterdam DC,Rotterdam,NL,London,GB,459,1208.83,road,wearables,29171.68,0
SO-00232,2026-01-24,C-LON-027,Rotterdam DC,Rotterdam,NL,London,GB,308,851.14,road,chargers,11614.96,0
SO-01746,2026-01-24,C-WAR-015,Rotterdam DC,Rotterdam,NL,Warsaw,PL,281,852.2,road,cables,19493.46,0
SO-02694,2026-01-24,C-SIN-023,Shenzhen DC,Shenzhen,CN,Singapore,SG,311,1123.12,sea,cables,40493.7,0
SO-03178,2026-01-24,C-JAK-018,Shenzhen DC,Shenzhen,CN,Jakarta,ID,448,1493.18,sea,wearables,23571.71,0
SO-03411,2026-01-24,C-MAN-010,Shenzhen DC,Shenzhen,CN,Manila,PH,439,619.3,sea,cases,19712.02,0
SO-03499,2026-01-24,C-MUM-034,Shenzhen DC,Shenzhen,CN,Mumbai,IN,468,1487.83,sea,cases,21360.28,1
SO-04041,2026-01-24,C-NEW-006,Memphis DC,Memphis,US,New York City,US,650,1189.66,road,wearables,34713.64,1
SO-04381,2026-01-24,C-NEW-018,Memphis DC,Memphis,US,New York City,US,286,799.37,road,storage,34038.81,0
SO-04428,2026-01-24,C-NEW-036,Memphis DC,Memphis,US,New York City,US,665,1520.6,road,cables,27646.78,1
SO-04579,2026-01-24,C-CHI-030,Memphis DC,Memphis,US,Chicago,US,331,1196.99,road,cables,15910.87,0
SO-05166,2026-01-24,C-LOS-037,Memphis DC,Memphis,US,Los Angeles,US,306,752.5,road,cables,36715.0,0
SO-05379,2026-01-24,C-TOR-012,Memphis DC,Memphis,US,Toronto,CA,434,1254.9,road,chargers,26411.75,0
SO-06053,2026-01-24,C-BOG-035,Memphis DC,Memphis,US,Bogota,CO,218,621.27,air,cables,23962.55,0
SO-06409,2026-01-24,C-RIY-025,Dubai DC,Dubai,AE,Riyadh,SA,467,1530.64,road,audio,22285.26,0
SO-06459,2026-01-24,C-RIY-025,Dubai DC,Dubai,AE,Riyadh,SA,401,1547.03,road,audio,34006.04,0
SO-06534,2026-01-24,C-RIY-017,Dubai DC,Dubai,AE,Riyadh,SA,504,1297.97,road,audio,11302.16,0
SO-06904,2026-01-24,C-NAI-017,Dubai DC,Dubai,AE,Nairobi,KE,264,898.26,air,wearables,33912.73,0
SO-06969,2026-01-24,C-LAG-010,Dubai DC,Dubai,AE,Lagos,NG,455,1039.1,air,cases,17712.94,0
SO-07178,2026-01-24,C-JOH-032,Dubai DC,Dubai,AE,Johannesburg,ZA,596,1035.42,sea,storage,15049.95,0
SO-00494,2026-01-25,C-BER-015,Rotterdam DC,Rotterdam,NL,Berlin,DE,445,1314.05,road,storage,35872.39,0
SO-00528,2026-01-25,C-BER-036,Rotterdam DC,Rotterdam,NL,Berlin,DE,203,736.0,road,audio,30218.63,0
SO-00542,2026-01-25,C-BER-017,Rotterdam DC,Rotterdam,NL,Berlin,DE,369,1430.97,road,storage,22455.08,0
SO-00904,2026-01-25,C-PAR-034,Rotterdam DC,Rotterdam,NL,Paris,FR,334,1113.42,road,wearables,23134.1,1
SO-01112,2026-01-25,C-PAR-015,Rotterdam DC,Rotterdam,NL,Paris,FR,417,732.17,road,audio,13814.68,0
SO-01208,2026-01-25,C-MAD-026,Rotterdam DC,Rotterdam,NL,Madrid,ES,425,1046.73,road,audio,28035.4,0
SO-02504,2026-01-25,C-SEO-020,Shenzhen DC,Shenzhen,CN,Seoul,KR,279,944.68,sea,chargers,34685.52,0
SO-02597,2026-01-25,C-SEO-016,Shenzhen DC,Shenzhen,CN,Seoul,KR,377,660.29,sea,cases,40218.85,0
SO-02714,2026-01-25,C-SIN-005,Shenzhen DC,Shenzhen,CN,Singapore,SG,468,839.66,sea,chargers,15143.96,0
SO-02743,2026-01-25,C-SIN-023,Shenzhen DC,Shenzhen,CN,Singapore,SG,387,912.06,sea,audio,35101.03,0
SO-03466,2026-01-25,C-MAN-009,Shenzhen DC,Shenzhen,CN,Manila,PH,446,1158.75,sea,cases,36014.48,0
SO-03936,2026-01-25,C-AUC-010,Rotterdam DC,Rotterdam,NL,Auckland,NZ,563,834.04,air,chargers,31258.02,0
SO-04739,2026-01-25,C-CHI-012,Memphis DC,Memphis,US,Chicago,US,233,928.98,road,cases,26783.77,0
SO-05006,2026-01-25,C-LOS-008,Memphis DC,Memphis,US,Los Angeles,US,723,1041.05,road,wearables,36838.96,0
SO-05063,2026-01-25,C-LOS-009,Memphis DC,Memphis,US,Los Angeles,US,530,941.86,road,storage,35897.93,0
SO-05687,2026-01-25,C-MEX-030,Memphis DC,Memphis,US,Mexico City,MX,208,727.35,road,storage,24383.99,0
SO-06030,2026-01-25,C-BOG-009,Memphis DC,Memphis,US,Bogota,CO,421,672.7,air,wearables,23719.36,0
SO-06149,2026-01-25,C-SAN-026,Memphis DC,Memphis,US,Santiago,CL,736,1325.68,sea,audio,7565.4,0
SO-06325,2026-01-25,C-BUE-006,Memphis DC,Memphis,US,Buenos Aires,AR,580,1288.92,sea,storage,24314.01,0
SO-06330,2026-01-25,C-BUE-013,Memphis DC,Memphis,US,Buenos Aires,AR,578,1774.88,sea,cases,16849.93,0
SO-06739,2026-01-25,C-CAI-012,Dubai DC,Dubai,AE,Cairo,EG,653,1953.64,sea,cases,17409.36,0
SO-06974,2026-01-25,C-LAG-018,Dubai DC,Dubai,AE,Lagos,NG,339,896.16,air,audio,15609.09,0
SO-07050,2026-01-25,C-LAG-001,Dubai DC,Dubai,AE,Lagos,NG,246,599.37,air,audio,12316.35,0
SO-00421,2026-01-26,C-BER-035,Rotterdam DC,Rotterdam,NL,Berlin,DE,301,690.78,road,storage,28690.28,0
SO-00551,2026-01-26,C-BER-003,Rotterdam DC,Rotterdam,NL,Berlin,DE,325,1244.46,road,audio,20488.19,0
SO-00900,2026-01-26,C-PAR-004,Rotterdam DC,Rotterdam,NL,Paris,FR,467,1177.42,road,cases,32731.75,0
SO-01030,2026-01-26,C-PAR-013,Rotterdam DC,Rotterdam,NL,Paris,FR,464,1202.21,road,cases,27398.48,0
SO-01706,2026-01-26,C-WAR-007,Rotterdam DC,Rotterdam,NL,Warsaw,PL,454,1507.03,road,wearables,26870.23,0
SO-01721,2026-01-26,C-WAR-019,Rotterdam DC,Rotterdam,NL,Warsaw,PL,1073,1817.76,road,wearables,34898.89,0
SO-02403,2026-01-26,C-SEO-024,Shenzhen DC,Shenzhen,CN,Seoul,KR,414,1240.47,sea,storage,25424.03,0
SO-02596,2026-01-26,C-SEO-039,Shenzhen DC,Shenzhen,CN,Seoul,KR,331,1067.68,sea,audio,21358.65,0
SO-02941,2026-01-26,C-SIN-030,Shenzhen DC,Shenzhen,CN,Singapore,SG,402,1295.3,sea,chargers,19379.97,0
SO-03956,2026-01-26,C-AUC-018,Rotterdam DC,Rotterdam,NL,Auckland,NZ,406,1001.55,air,wearables,36905.26,0
SO-04014,2026-01-26,C-AUC-011,Rotterdam DC,Rotterdam,NL,Auckland,NZ,346,1229.27,air,storage,37306.66,0
SO-04663,2026-01-26,C-CHI-013,Memphis DC,Memphis,US,Chicago,US,326,1214.01,road,cases,31956.15,0
SO-04875,2026-01-26,C-CHI-018,Memphis DC,Memphis,US,Chicago,US,185,715.85,road,cases,21074.63,0
SO-04923,2026-01-26,C-CHI-015,Memphis DC,Memphis,US,Chicago,US,464,1221.14,road,audio,18854.51,0
SO-05296,2026-01-26,C-LOS-009,Memphis DC,Memphis,US,Los Angeles,US,498,1853.59,road,chargers,16332.15,0
SO-05360,2026-01-26,C-TOR-020,Memphis DC,Memphis,US,Toronto,CA,316,1147.21,road,chargers,23303.83,0
SO-05793,2026-01-26,C-SAO-030,Memphis DC,Memphis,US,Sao Paulo,BR,588,1272.51,sea,cables,13222.83,0
SO-06714,2026-01-26,C-CAI-008,Dubai DC,Dubai,AE,Cairo,EG,337,930.89,sea,wearables,15027.93,0
SO-06929,2026-01-26,C-NAI-002,Dubai DC,Dubai,AE,Nairobi,KE,282,1077.56,air,cables,10258.42,0
SO-07027,2026-01-26,C-LAG-024,Dubai DC,Dubai,AE,Lagos,NG,696,1195.08,air,chargers,18473.64,0
SO-07052,2026-01-26,C-LAG-007,Dubai DC,Dubai,AE,Lagos,NG,201,802.69,air,audio,25454.43,0
SO-00112,2026-01-27,C-LON-031,Rotterdam DC,Rotterdam,NL,London,GB,697,1351.13,road,storage,18944.88,1
SO-00231,2026-01-27,C-LON-014,Rotterdam DC,Rotterdam,NL,London,GB,580,1276.62,road,wearables,11615.93,0
SO-00242,2026-01-27,C-LON-007,Rotterdam DC,Rotterdam,NL,London,GB,935,2051.54,road,wearables,34518.05,0
SO-00348,2026-01-27,C-LON-006,Rotterdam DC,Rotterdam,NL,London,GB,611,899.21,road,cables,13787.91,0
SO-00388,2026-01-27,C-LON-009,Rotterdam DC,Rotterdam,NL,London,GB,143,513.88,road,cases,18894.48,0
SO-00415,2026-01-27,C-BER-025,Rotterdam DC,Rotterdam,NL,Berlin,DE,295,1080.77,road,wearables,30031.58,0
SO-00576,2026-01-27,C-BER-020,Rotterdam DC,Rotterdam,NL,Berlin,DE,320,1106.38,road,storage,31515.01,0
SO-00837,2026-01-27,C-PAR-015,Rotterdam DC,Rotterdam,NL,Paris,FR,462,1463.36,road,cables,33208.85,0
SO-01207,2026-01-27,C-MAD-022,Rotterdam DC,Rotterdam,NL,Madrid,ES,364,1411.96,road,audio,29664.2,0
SO-01836,2026-01-27,C-STO-015,Rotterdam DC,Rotterdam,NL,Stockholm,SE,362,1188.3,road,cables,25442.84,0
SO-01970,2026-01-27,C-DUB-014,Rotterdam DC,Rotterdam,NL,Dublin,IE,213,699.03,air,cables,18697.05,0
SO-03917,2026-01-27,C-SYD-020,Rotterdam DC,Rotterdam,NL,Sydney,AU,416,969.54,air,cables,21022.69,0
SO-04861,2026-01-27,C-CHI-002,Memphis DC,Memphis,US,Chicago,US,751,1420.02,road,storage,44181.51,0
SO-05636,2026-01-27,C-MEX-015,Memphis DC,Memphis,US,Mexico City,MX,531,1019.85,road,storage,23271.94,0
SO-05897,2026-01-27,C-SAO-008,Memphis DC,Memphis,US,Sao Paulo,BR,593,2074.79,sea,audio,19664.14,0
SO-05954,2026-01-27,C-SAO-008,Memphis DC,Memphis,US,Sao Paulo,BR,687,1157.48,sea,storage,26947.78,0
SO-06359,2026-01-27,C-BUE-023,Memphis DC,Memphis,US,Buenos Aires,AR,195,596.85,sea,chargers,19698.45,1
SO-06819,2026-01-27,C-NAI-030,Dubai DC,Dubai,AE,Nairobi,KE,130,363.87,air,storage,25263.23,0
SO-06850,2026-01-27,C-NAI-024,Dubai DC,Dubai,AE,Nairobi,KE,175,559.69,air,cases,19032.33,0
SO-00030,2026-01-28,C-LON-039,Rotterdam DC,Rotterdam,NL,London,GB,483,1034.42,road,audio,15088.08,0
SO-00416,2026-01-28,C-BER-021,Rotterdam DC,Rotterdam,NL,Berlin,DE,908,1959.57,road,wearables,26361.45,0
SO-02026,2026-01-28,C-DUB-021,Rotterdam DC,Rotterdam,NL,Dublin,IE,342,589.89,air,chargers,13723.85,0
SO-02244,2026-01-28,C-TOK-037,Shenzhen DC,Shenzhen,CN,Tokyo,JP,463,910.52,sea,audio,32915.55,0
SO-03387,2026-01-28,C-MAN-004,Shenzhen DC,Shenzhen,CN,Manila,PH,584,1803.25,sea,wearables,38142.03,0
SO-03798,2026-01-28,C-SYD-002,Rotterdam DC,Rotterdam,NL,Sydney,AU,223,595.69,air,cases,19090.58,0
SO-04508,2026-01-28,C-NEW-012,Memphis DC,Memphis,US,New York City,US,488,984.75,road,cases,27216.8,0
SO-04565,2026-01-28,C-CHI-011,Memphis DC,Memphis,US,Chicago,US,462,1270.19,road,cases,18371.67,0
SO-04665,2026-01-28,C-CHI-004,Memphis DC,Memphis,US,Chicago,US,212,665.42,road,audio,34526.33,0
SO-05368,2026-01-28,C-TOR-024,Memphis DC,Memphis,US,Toronto,CA,562,1115.09,road,cables,30664.05,0
SO-06227,2026-01-28,C-BUE-014,Memphis DC,Memphis,US,Buenos Aires,AR,1057,1745.07,sea,storage,18754.08,1
SO-07062,2026-01-28,C-JOH-021,Dubai DC,Dubai,AE,Johannesburg,ZA,255,811.37,sea,storage,31233.89,0
SO-07110,2026-01-28,C-JOH-025,Dubai DC,Dubai,AE,Johannesburg,ZA,548,1737.04,sea,chargers,18546.46,0
SO-07277,2026-01-28,C-KAR-022,Dubai DC,Dubai,AE,Karachi,PK,226,739.05,sea,cases,23900.24,0
SO-00703,2026-01-29,C-BER-028,Rotterdam DC,Rotterdam,NL,Berlin,DE,602,1275.75,road,storage,45629.22,0
SO-00969,2026-01-29,C-PAR-016,Rotterdam DC,Rotterdam,NL,Paris,FR,248,818.87,road,audio,27608.06,0
SO-01672,2026-01-29,C-WAR-018,Rotterdam DC,Rotterdam,NL,Warsaw,PL,444,1578.66,road,storage,43856.44,0
SO-01785,2026-01-29,C-WAR-011,Rotterdam DC,Rotterdam,NL,Warsaw,PL,462,1523.77,road,chargers,29515.46,0
SO-04127,2026-01-29,C-NEW-039,Memphis DC,Memphis,US,New York City,US,640,1435.46,road,storage,28810.99,1
SO-04830,2026-01-29,C-CHI-030,Memphis DC,Memphis,US,Chicago,US,225,815.81,road,storage,23587.97,0
SO-06219,2026-01-29,C-BUE-009,Memphis DC,Memphis,US,Buenos Aires,AR,313,1091.19,sea,cases,13738.02,0
SO-06650,2026-01-29,C-CAI-028,Dubai DC,Dubai,AE,Cairo,EG,983,1633.3,sea,storage,32624.31,1
SO-06803,2026-01-29,C-NAI-015,Dubai DC,Dubai,AE,Nairobi,KE,155,570.58,air,cases,13378.55,0
SO-07306,2026-01-29,C-KAR-022,Dubai DC,Dubai,AE,Karachi,PK,432,1309.2,sea,cases,24061.11,0
SO-00543,2026-01-30,C-BER-024,Rotterdam DC,Rotterdam,NL,Berlin,DE,403,600.16,road,cases,25883.24,0
SO-00578,2026-01-30,C-BER-029,Rotterdam DC,Rotterdam,NL,Berlin,DE,442,1438.66,road,storage,31247.73,0
SO-00710,2026-01-30,C-BER-008,Rotterdam DC,Rotterdam,NL,Berlin,DE,605,1618.87,road,wearables,35927.75,0
SO-00932,2026-01-30,C-PAR-029,Rotterdam DC,Rotterdam,NL,Paris,FR,1069,1763.16,road,chargers,17015.22,0
SO-01036,2026-01-30,C-PAR-039,Rotterdam DC,Rotterdam,NL,Paris,FR,443,863.15,road,cables,24910.67,1
SO-01177,2026-01-30,C-MAD-020,Rotterdam DC,Rotterdam,NL,Madrid,ES,191,705.83,road,chargers,26438.29,0
SO-01201,2026-01-30,C-MAD-035,Rotterdam DC,Rotterdam,NL,Madrid,ES,782,1830.9,road,cables,10082.59,0
SO-01645,2026-01-30,C-WAR-004,Rotterdam DC,Rotterdam,NL,Warsaw,PL,1000,1401.23,road,chargers,36883.79,0
SO-01993,2026-01-30,C-DUB-036,Rotterdam DC,Rotterdam,NL,Dublin,IE,337,926.29,air,audio,12035.39,0
SO-03211,2026-01-30,C-JAK-018,Shenzhen DC,Shenzhen,CN,Jakarta,ID,630,1842.66,sea,wearables,20971.1,0
SO-03306,2026-01-30,C-JAK-036,Shenzhen DC,Shenzhen,CN,Jakarta,ID,508,1553.78,sea,cases,14307.2,0
SO-03782,2026-01-30,C-SYD-028,Rotterdam DC,Rotterdam,NL,Sydney,AU,132,528.89,air,audio,33071.03,0
SO-03839,2026-01-30,C-SYD-028,Rotterdam DC,Rotterdam,NL,Sydney,AU,541,1112.74,air,chargers,25836.88,0
SO-04185,2026-01-30,C-NEW-033,Memphis DC,Memphis,US,New York City,US,206,808.85,road,storage,37725.53,0
SO-04605,2026-01-30,C-CHI-032,Memphis DC,Memphis,US,Chicago,US,509,1076.24,road,audio,30734.78,0
SO-04608,2026-01-30,C-CHI-038,Memphis DC,Memphis,US,Chicago,US,441,991.74,road,wearables,28749.85,0
SO-05055,2026-01-30,C-LOS-018,Memphis DC,Memphis,US,Los Angeles,US,328,907.32,road,cases,43362.06,0
SO-05125,2026-01-30,C-LOS-031,Memphis DC,Memphis,US,Los Angeles,US,258,743.76,road,storage,21167.6,0
SO-05162,2026-01-30,C-LOS-036,Memphis DC,Memphis,US,Los Angeles,US,354,1124.33,road,cables,28754.36,0
SO-05354,2026-01-30,C-TOR-011,Memphis DC,Memphis,US,Toronto,CA,345,927.95,road,chargers,26865.8,0
SO-05640,2026-01-30,C-MEX-020,Memphis DC,Memphis,US,Mexico City,MX,671,1110.58,road,cases,29668.07,0
SO-05840,2026-01-30,C-SAO-031,Memphis DC,Memphis,US,Sao Paulo,BR,690,2033.56,sea,cables,19600.73,0
SO-06029,2026-01-30,C-BOG-018,Memphis DC,Memphis,US,Bogota,CO,346,554.29,air,cases,21298.57,0
SO-06377,2026-01-30,C-RIY-013,Dubai DC,Dubai,AE,Riyadh,SA,271,835.86,road,chargers,25722.28,0
SO-06873,2026-01-30,C-NAI-004,Dubai DC,Dubai,AE,Nairobi,KE,345,1295.01,air,audio,19653.91,0
SO-07231,2026-01-30,C-KAR-021,Dubai DC,Dubai,AE,Karachi,PK,384,1363.57,sea,storage,25543.16,0
SO-07331,2026-01-30,C-KAR-021,Dubai DC,Dubai,AE,Karachi,PK,787,1264.65,sea,chargers,32170.28,0
SO-00485,2026-01-31,C-BER-012,Rotterdam DC,Rotterdam,NL,Berlin,DE,532,1764.92,road,chargers,22390.37,0
SO-01042,2026-01-31,C-PAR-009,Rotterdam DC,Rotterdam,NL,Paris,FR,365,876.98,road,cases,31947.13,0
SO-01077,2026-01-31,C-PAR-011,Rotterdam DC,Rotterdam,NL,Paris,FR,568,1773.01,road,cables,27526.77,0
SO-01130,2026-01-31,C-MAD-016,Rotterdam DC,Rotterdam,NL,Madrid,ES,523,1909.52,road,cables,21798.74,0
SO-01229,2026-01-31,C-MAD-018,Rotterdam DC,Rotterdam,NL,Madrid,ES,595,1952.87,road,cables,36496.71,0
SO-01303,2026-01-31,C-MAD-032,Rotterdam DC,Rotterdam,NL,Madrid,ES,775,1511.21,road,chargers,29886.28,0
SO-01390,2026-01-31,C-MIL-032,Rotterdam DC,Rotterdam,NL,Milan,IT,190,668.48,road,audio,22757.83,0
SO-01934,2026-01-31,C-STO-001,Rotterdam DC,Rotterdam,NL,Stockholm,SE,484,1291.53,road,chargers,21658.62,0
SO-02145,2026-01-31,C-TOK-012,Shenzhen DC,Shenzhen,CN,Tokyo,JP,390,737.54,sea,cables,24812.31,0
SO-02249,2026-01-31,C-TOK-018,Shenzhen DC,Shenzhen,CN,Tokyo,JP,321,552.72,sea,wearables,31347.95,0
SO-02471,2026-01-31,C-SEO-027,Shenzhen DC,Shenzhen,CN,Seoul,KR,292,619.42,sea,cases,21747.96,0
SO-02633,2026-01-31,C-SEO-007,Shenzhen DC,Shenzhen,CN,Seoul,KR,184,507.15,sea,chargers,21147.1,0
SO-03320,2026-01-31,C-JAK-008,Shenzhen DC,Shenzhen,CN,Jakarta,ID,744,1547.89,sea,wearables,30562.47,0
SO-03571,2026-01-31,C-MUM-013,Shenzhen DC,Shenzhen,CN,Mumbai,IN,332,1052.06,sea,chargers,26462.64,0
SO-03578,2026-01-31,C-MUM-021,Shenzhen DC,Shenzhen,CN,Mumbai,IN,199,618.18,sea,audio,19942.93,0
SO-03605,2026-01-31,C-MUM-023,Shenzhen DC,Shenzhen,CN,Mumbai,IN,347,941.89,sea,chargers,10385.44,0
SO-04102,2026-01-31,C-NEW-005,Memphis DC,Memphis,US,New York City,US,394,1469.18,road,chargers,41968.12,1
SO-04707,2026-01-31,C-CHI-003,Memphis DC,Memphis,US,Chicago,US,1058,1651.88,road,cases,19646.52,0
SO-05604,2026-01-31,C-MEX-002,Memphis DC,Memphis,US,Mexico City,MX,632,1172.5,road,cables,19225.17,0
SO-05955,2026-01-31,C-SAO-020,Memphis DC,Memphis,US,Sao Paulo,BR,1245,2534.64,sea,chargers,29136.29,0
SO-06166,2026-01-31,C-SAN-033,Memphis DC,Memphis,US,Santiago,CL,239,575.57,sea,cables,22093.91,0
SO-06195,2026-01-31,C-SAN-037,Memphis DC,Memphis,US,Santiago,CL,807,1418.06,sea,wearables,12417.06,0
SO-06403,2026-01-31,C-RIY-014,Dubai DC,Dubai,AE,Riyadh,SA,236,928.86,road,chargers,24220.52,0
SO-00269,2026-02-01,C-LON-034,Rotterdam DC,Rotterdam,NL,London,GB,465,986.4,road,wearables,30008.34,0
SO-00276,2026-02-01,C-LON-026,Rotterdam DC,Rotterdam,NL,London,GB,405,1226.4,road,cables,21765.16,0
SO-00376,2026-02-01,C-LON-034,Rotterdam DC,Rotterdam,NL,London,GB,824,1661.75,road,chargers,20640.4,0
SO-00378,2026-02-01,C-LON-029,Rotterdam DC,Rotterdam,NL,London,GB,988,1661.83,road,wearables,20225.27,1
SO-01239,2026-02-01,C-MAD-038,Rotterdam DC,Rotterdam,NL,Madrid,ES,965,1379.36,road,chargers,27673.17,0
SO-01807,2026-02-01,C-STO-014,Rotterdam DC,Rotterdam,NL,Stockholm,SE,323,752.73,road,chargers,31185.86,0
SO-02082,2026-02-01,C-TOK-035,Shenzhen DC,Shenzhen,CN,Tokyo,JP,508,947.2,sea,cases,35469.38,0
SO-02316,2026-02-01,C-TOK-031,Shenzhen DC,Shenzhen,CN,Tokyo,JP,98,355.93,sea,wearables,36179.21,0
SO-02948,2026-02-01,C-BAN-003,Shenzhen DC,Shenzhen,CN,Bangkok,TH,296,1136.9,sea,wearables,27471.98,0
SO-03230,2026-02-01,C-JAK-014,Shenzhen DC,Shenzhen,CN,Jakarta,ID,579,1249.86,sea,storage,20821.48,0
SO-03633,2026-02-01,C-MUM-021,Shenzhen DC,Shenzhen,CN,Mumbai,IN,574,1171.31,sea,chargers,19950.34,0
SO-03638,2026-02-01,C-MUM-031,Shenzhen DC,Shenzhen,CN,Mumbai,IN,867,1884.84,sea,chargers,26856.69,0
SO-03676,2026-02-01,C-MUM-025,Shenzhen DC,Shenzhen,CN,Mumbai,IN,457,1355.29,sea,storage,19436.38,0
SO-04216,2026-02-01,C-NEW-022,Memphis DC,Memphis,US,New York City,US,517,1624.7,road,audio,19007.39,0
SO-04294,2026-02-01,C-NEW-001,Memphis DC,Memphis,US,New York City,US,265,889.0,road,storage,8305.2,0
SO-05206,2026-02-01,C-LOS-021,Memphis DC,Memphis,US,Los Angeles,US,331,1309.76,road,wearables,36922.72,0
SO-05515,2026-02-01,C-TOR-001,Memphis DC,Memphis,US,Toronto,CA,629,1159.72,road,chargers,34486.2,0
SO-05657,2026-02-01,C-MEX-007,Memphis DC,Memphis,US,Mexico City,MX,744,1413.25,road,audio,14075.6,0
SO-06137,2026-02-01,C-SAN-031,Memphis DC,Memphis,US,Santiago,CL,126,503.14,sea,audio,15212.54,0
SO-06547,2026-02-01,C-RIY-011,Dubai DC,Dubai,AE,Riyadh,SA,196,564.02,road,storage,20219.25,0
SO-06695,2026-02-01,C-CAI-030,Dubai DC,Dubai,AE,Cairo,EG,609,1268.58,sea,cases,22987.14,0
SO-06992,2026-02-01,C-LAG-029,Dubai DC,Dubai,AE,Lagos,NG,238,667.47,air,cables,32558.84,0
SO-07141,2026-02-01,C-JOH-001,Dubai DC,Dubai,AE,Johannesburg,ZA,298,1027.23,sea,storage,20654.32,0
SO-00194,2026-02-02,C-LON-016,Rotterdam DC,Rotterdam,NL,London,GB,548,1418.56,road,audio,31543.75,0
SO-00312,2026-02-02,C-LON-015,Rotterdam DC,Rotterdam,NL,London,GB,436,926.45,road,wearables,23695.49,0
SO-00579,2026-02-02,C-BER-027,Rotterdam DC,Rotterdam,NL,Berlin,DE,520,1252.88,road,cases,40177.15,0
SO-00704,2026-02-02,C-BER-022,Rotterdam DC,Rotterdam,NL,Berlin,DE,572,2134.52,road,audio,24738.93,0
SO-00919,2026-02-02,C-PAR-012,Rotterdam DC,Rotterdam,NL,Paris,FR,492,936.78,road,wearables,37144.5,0
SO-01048,2026-02-02,C-PAR-034,Rotterdam DC,Rotterdam,NL,Paris,FR,349,1228.63,road,cases,24599.25,0
SO-01443,2026-02-02,C-MIL-028,Rotterdam DC,Rotterdam,NL,Milan,IT,277,802.58,road,cables,30308.45,0
SO-01644,2026-02-02,C-WAR-018,Rotterdam DC,Rotterdam,NL,Warsaw,PL,513,2013.43,road,chargers,37079.95,0
SO-02383,2026-02-02,C-TOK-010,Shenzhen DC,Shenzhen,CN,Tokyo,JP,92,342.83,sea,storage,21502.71,0
SO-02586,2026-02-02,C-SEO-009,Shenzhen DC,Shenzhen,CN,Seoul,KR,363,1362.95,sea,cables,19474.36,0
SO-03662,2026-02-02,C-MUM-017,Shenzhen DC,Shenzhen,CN,Mumbai,IN,268,1047.32,sea,audio,15903.17,0
SO-04048,2026-02-02,C-NEW-021,Memphis DC,Memphis,US,New York City,US,273,394.6,road,chargers,19604.92,0
SO-04291,2026-02-02,C-NEW-013,Memphis DC,Memphis,US,New York City,US,917,1713.67,road,cases,26653.16,0
SO-04354,2026-02-02,C-NEW-001,Memphis DC,Memphis,US,New York City,US,567,1639.1,road,cases,19263.25,0
SO-05065,2026-02-02,C-LOS-038,Memphis DC,Memphis,US,Los Angeles,US,593,1731.99,road,storage,19697.46,0
SO-05539,2026-02-02,C-TOR-009,Memphis DC,Memphis,US,Toronto,CA,995,1764.09,road,cables,30038.14,0
SO-05639,2026-02-02,C-MEX-007,Memphis DC,Memphis,US,Mexico City,MX,662,1848.26,road,cases,26504.35,0
SO-05763,2026-02-02,C-MEX-032,Memphis DC,Memphis,US,Mexico City,MX,660,1142.24,road,cases,21010.52,0
SO-06060,2026-02-02,C-BOG-037,Memphis DC,Memphis,US,Bogota,CO,323,679.73,air,audio,25019.53,1
SO-06441,2026-02-02,C-RIY-013,Dubai DC,Dubai,AE,Riyadh,SA,466,1452.42,road,storage,38246.69,0
SO-06453,2026-02-02,C-RIY-026,Dubai DC,Dubai,AE,Riyadh,SA,281,1079.07,road,chargers,23637.93,0
SO-06550,2026-02-02,C-RIY-038,Dubai DC,Dubai,AE,Riyadh,SA,242,927.35,road,chargers,14043.48,0
SO-06633,2026-02-02,C-CAI-024,Dubai DC,Dubai,AE,Cairo,EG,891,1467.49,sea,audio,24347.61,0
SO-07012,2026-02-02,C-LAG-028,Dubai DC,Dubai,AE,Lagos,NG,194,724.14,air,audio,16172.8,1
SO-00721,2026-02-03,C-BER-021,Rotterdam DC,Rotterdam,NL,Berlin,DE,724,1263.29,road,chargers,15629.12,0
SO-01045,2026-02-03,C-PAR-022,Rotterdam DC,Rotterdam,NL,Paris,FR,616,1615.19,road,cases,30873.69,0
SO-01072,2026-02-03,C-PAR-025,Rotterdam DC,Rotterdam,NL,Paris,FR,578,2027.1,road,cables,23328.05,0
SO-01760,2026-02-03,C-WAR-039,Rotterdam DC,Rotterdam,NL,Warsaw,PL,991,1421.38,road,cables,29724.4,0
SO-01827,2026-02-03,C-STO-037,Rotterdam DC,Rotterdam,NL,Stockholm,SE,391,1146.87,road,cases,36475.69,0
SO-02293,2026-02-03,C-TOK-009,Shenzhen DC,Shenzhen,CN,Tokyo,JP,138,446.48,sea,storage,35421.3,0
SO-02334,2026-02-03,C-TOK-023,Shenzhen DC,Shenzhen,CN,Tokyo,JP,762,1081.05,sea,audio,30463.51,0
SO-02520,2026-02-03,C-SEO-025,Shenzhen DC,Shenzhen,CN,Seoul,KR,285,457.29,sea,chargers,38723.27,0
SO-02572,2026-02-03,C-SEO-024,Shenzhen DC,Shenzhen,CN,Seoul,KR,431,788.46,sea,cables,35806.34,0
SO-02831,2026-02-03,C-SIN-036,Shenzhen DC,Shenzhen,CN,Singapore,SG,449,1066.91,sea,audio,20483.82,0
SO-03861,2026-02-03,C-SYD-006,Rotterdam DC,Rotterdam,NL,Sydney,AU,291,913.9,air,cables,37342.82,0
SO-04029,2026-02-03,C-AUC-022,Rotterdam DC,Rotterdam,NL,Auckland,NZ,294,895.78,air,audio,33014.27,0
SO-04233,2026-02-03,C-NEW-010,Memphis DC,Memphis,US,New York City,US,449,1445.4,road,wearables,32002.39,0
SO-04696,2026-02-03,C-CHI-032,Memphis DC,Memphis,US,Chicago,US,585,1037.5,road,audio,27819.2,0
SO-04729,2026-02-03,C-CHI-005,Memphis DC,Memphis,US,Chicago,US,715,1394.4,road,cables,15759.99,0
SO-05033,2026-02-03,C-LOS-009,Memphis DC,Memphis,US,Los Angeles,US,226,711.17,road,chargers,24868.32,0
SO-05106,2026-02-03,C-LOS-015,Memphis DC,Memphis,US,Los Angeles,US,151,543.67,road,cases,40,0
SO-05361,2026-02-03,C-TOR-026,Memphis DC,Memphis,US,Toronto,CA,490,1419.28,road,cables,16345.12,0
SO-05426,2026-02-03,C-TOR-038,Memphis DC,Memphis,US,Toronto,CA,498,1006.57,road,chargers,10519.52,0
SO-05473,2026-02-03,C-TOR-023,Memphis DC,Memphis,US,Toronto,CA,307,796.24,road,audio,29797.23,0
SO-06587,2026-02-03,C-RIY-002,Dubai DC,Dubai,AE,Riyadh,SA,615,1477.81,road,storage,37028.3,0
SO-06994,2026-02-03,C-LAG-020,Dubai DC,Dubai,AE,Lagos,NG,97,230.68,air,storage,20930.22,0
SO-07041,2026-02-03,C-LAG-005,Dubai DC,Dubai,AE,Lagos,NG,248,830.0,air,cases,15195.27,0
SO-00511,2026-02-04,C-BER-013,Rotterdam DC,Rotterdam,NL,Berlin,DE,640,2002.49,road,wearables,19898.23,1
SO-00534,2026-02-04,C-BER-027,Rotterdam DC,Rotterdam,NL,Berlin,DE,746,1511.33,road,audio,36200.01,0
SO-00944,2026-02-04,C-PAR-036,Rotterdam DC,Rotterdam,NL,Paris,FR,406,1002.28,road,wearables,30489.96,0
SO-01180,2026-02-04,C-MAD-028,Rotterdam DC,Rotterdam,NL,Madrid,ES,338,1236.31,road,storage,16060.62,0
SO-01897,2026-02-04,C-STO-008,Rotterdam DC,Rotterdam,NL,Stockholm,SE,390,1246.1,road,storage,10916.29,0
SO-01995,2026-02-04,C-DUB-026,Rotterdam DC,Rotterdam,NL,Dublin,IE,343,779.0,air,wearables,23057.15,0
SO-02454,2026-02-04,C-SEO-014,Shenzhen DC,Shenzhen,CN,Seoul,KR,266,910.22,sea,cables,32019.23,0
SO-02519,2026-02-04,C-SEO-009,Shenzhen DC,Shenzhen,CN,Seoul,KR,352,1008.28,sea,storage,30207.73,0
SO-02827,2026-02-04,C-SIN-032,Shenzhen DC,Shenzhen,CN,Singapore,SG,249,981.96,sea,wearables,33048.99,0
SO-03330,2026-02-04,C-JAK-015,Shenzhen DC,Shenzhen,CN,Jakarta,ID,654,1235.81,sea,cables,20156.29,0
SO-04077,2026-02-04,C-NEW-027,Memphis DC,Memphis,US,New York City,US,515,1183.56,road,cases,29615.85,0
SO-05025,2026-02-04,C-LOS-009,Memphis DC,Memphis,US,Los Angeles,US,737,1804.05,road,wearables,41797.15,0
SO-05084,2026-02-04,C-LOS-017,Memphis DC,Memphis,US,Los Angeles,US,448,923.34,road,cases,26356.01,0
SO-05099,2026-02-04,C-LOS-011,Memphis DC,Memphis,US,Los Angeles,US,271,886.82,road,audio,30364.24,0
SO-05111,2026-02-04,C-LOS-017,Memphis DC,Memphis,US,Los Angeles,US,465,1611.06,road,wearables,29946.98,0
SO-05112,2026-02-04,C-LOS-038,Memphis DC,Memphis,US,Los Angeles,US,759,1499.39,road,wearables,14980.95,0
SO-05780,2026-02-04,C-SAO-003,Memphis DC,Memphis,US,Sao Paulo,BR,767,1308.38,sea,wearables,15219.16,0
SO-05930,2026-02-04,C-SAO-037,Memphis DC,Memphis,US,Sao Paulo,BR,854,1528.04,sea,cases,17335.66,0
SO-06267,2026-02-04,C-BUE-032,Memphis DC,Memphis,US,Buenos Aires,AR,373,1195.97,sea,storage,19541.27,0
SO-06692,2026-02-04,C-CAI-027,Dubai DC,Dubai,AE,Cairo,EG,511,1011.51,sea,audio,31392.95,0
SO-06815,2026-02-04,C-NAI-027,Dubai DC,Dubai,AE,Nairobi,KE,143,526.31,air,storage,16836.5,0
SO-00234,2026-02-05,C-LON-034,Rotterdam DC,Rotterdam,NL,London,GB,635,2097.17,road,audio,21293.44,0
SO-00360,2026-02-05,C-LON-038,Rotterdam DC,Rotterdam,NL,London,GB,777,1305.66,road,wearables,22320.64,0
SO-01751,2026-02-05,C-WAR-002,Rotterdam DC,Rotterdam,NL,Warsaw,PL,592,1864.4,road,chargers,24522.52,0
SO-01911,2026-02-05,C-STO-015,Rotterdam DC,Rotterdam,NL,Stockholm,SE,396,757.05,road,storage,14835.7,0
SO-02184,2026-02-05,C-TOK-026,Shenzhen DC,Shenzhen,CN,Tokyo,JP,716,1585.21,sea,audio,17992.95,0
SO-02354,2026-02-05,C-TOK-016,Shenzhen DC,Shenzhen,CN,Tokyo,JP,623,1656.33,sea,storage,19871.79,0
SO-02356,2026-02-05,C-TOK-004,Shenzhen DC,Shenzhen,CN,Tokyo,JP,398,1069.45,sea,cables,37611.39,0
SO-02742,2026-02-05,C-SIN-014,Shenzhen DC,Shenzhen,CN,Singapore,SG,171,464.62,sea,cases,20436.44,0
SO-02982,2026-02-05,C-BAN-038,Shenzhen DC,Shenzhen,CN,Bangkok,TH,519,1077.45,sea,cases,28844.93,0
SO-03775,2026-02-05,C-SYD-034,Rotterdam DC,Rotterdam,NL,Sydney,AU,320,792.55,air,audio,23805.5,0
SO-04027,2026-02-05,C-AUC-011,Rotterdam DC,Rotterdam,NL,Auckland,NZ,220,658.49,air,audio,28413.61,0
SO-04240,2026-02-05,C-NEW-016,Memphis DC,Memphis,US,New York City,US,469,1576.96,road,audio,22556.31,0
SO-04530,2026-02-05,C-NEW-014,Memphis DC,Memphis,US,New York City,US,332,942.44,road,wearables,22092.48,0
SO-04889,2026-02-05,C-CHI-019,Memphis DC,Memphis,US,Chicago,US,320,763.06,road,cables,39135.9,0
SO-05178,2026-02-05,C-LOS-037,Memphis DC,Memphis,US,Los Angeles,US,545,985.14,road,cables,27068.69,0
SO-05386,2026-02-05,C-TOR-011,Memphis DC,Memphis,US,Toronto,CA,525,1186.95,road,cables,21030.32,0
SO-05546,2026-02-05,C-TOR-030,Memphis DC,Memphis,US,Toronto,CA,839,1981.28,road,wearables,21662.21,0
SO-06061,2026-02-05,C-BOG-029,Memphis DC,Memphis,US,Bogota,CO,230,905.28,air,cables,17206.45,0
SO-06165,2026-02-05,C-SAN-026,Memphis DC,Memphis,US,Santiago,CL,299,1102.26,sea,wearables,26703.88,0
SO-06283,2026-02-05,C-BUE-027,Memphis DC,Memphis,US,Buenos Aires,AR,414,1187.71,sea,chargers,19961.0,0
SO-06942,2026-02-05,C-LAG-029,Dubai DC,Dubai,AE,Lagos,NG,364,1193.02,air,wearables,6113.24,0
SO-00398,2026-02-06,C-LON-021,Rotterdam DC,Rotterdam,NL,London,GB,701,1408.35,road,cases,15876.02,1
SO-00770,2026-02-06,C-PAR-009,Rotterdam DC,Rotterdam,NL,Paris,FR,618,1249.04,road,wearables,26037.26,0
SO-01330,2026-02-06,C-MAD-008,Rotterdam DC,Rotterdam,NL,Madrid,ES,224,759.91,road,cables,39890.87,0
SO-01368,2026-02-06,C-MAD-014,Rotterdam DC,Rotterdam,NL,Madrid,ES,601,1984.96,road,audio,41973.18,0
SO-01417,2026-02-06,C-MIL-020,Rotterdam DC,Rotterdam,NL,Milan,IT,799,1121.98,road,cases,6035.11,0
SO-01554,2026-02-06,C-MIL-010,Rotterdam DC,Rotterdam,NL,Milan,IT,268,686.68,road,cases,9494.72,0
SO-03094,2026-02-06,C-BAN-029,Shenzhen DC,Shenzhen,CN,Bangkok,TH,519,1372.95,sea,chargers,29869.43,0
SO-03827,2026-02-06,C-SYD-002,Rotterdam DC,Rotterdam,NL,Sydney,AU,294,769.94,air,wearables,20282.58,0
SO-03901,2026-02-06,C-SYD-005,Rotterdam DC,Rotterdam,NL,Sydney,AU,208,413.81,air,cases,22969.99,0
SO-04252,2026-02-06,C-NEW-012,Memphis DC,Memphis,US,New York City,US,217,838.93,road,wearables,13030.68,0
SO-04324,2026-02-06,C-NEW-008,Memphis DC,Memphis,US,New York City,US,273,780.33,road,chargers,18522.91,0
SO-04614,2026-02-06,C-CHI-034,Memphis DC,Memphis,US,Chicago,US,404,1588.39,road,audio,36442.12,0
SO-06275,2026-02-06,C-BUE-011,Memphis DC,Memphis,US,Buenos Aires,AR,782,1875.11,sea,cases,35246.85,0
SO-01565,2026-02-07,C-MIL-016,Rotterdam DC,Rotterdam,NL,Milan,IT,465,1510.41,road,audio,37029.58,0
SO-01607,2026-02-07,C-WAR-024,Rotterdam DC,Rotterdam,NL,Warsaw,PL,641,2231.04,road,cases,19826.78,0
SO-01979,2026-02-07,C-DUB-038,Rotterdam DC,Rotterdam,NL,Dublin,IE,164,361.55,air,wearables,27601.49,0
SO-02168,2026-02-07,C-TOK-022,Shenzhen DC,Shenzhen,CN,Tokyo,JP,360,1044.81,sea,wearables,40762.69,0
SO-03910,2026-02-07,C-SYD-034,Rotterdam DC,Rotterdam,NL,Sydney,AU,396,1239.93,air,audio,20149.43,0
SO-03994,2026-02-07,C-AUC-032,Rotterdam DC,Rotterdam,NL,Auckland,NZ,218,744.6,air,cases,21232.54,0
SO-04031,2026-02-07,C-AUC-025,Rotterdam DC,Rotterdam,NL,Auckland,NZ,44,141.82,air,cables,29170.85,0
SO-04254,2026-02-07,C-NEW-003,Memphis DC,Memphis,US,New York City,US,485,701.62,road,chargers,17550.67,0
SO-04259,2026-02-07,C-NEW-031,Memphis DC,Memphis,US,New York City,US,373,899.09,road,cases,24904.57,0
SO-04470,2026-02-07,C-NEW-024,Memphis DC,Memphis,US,New York City,US,480,1613.21,road,storage,22280.93,0
SO-05281,2026-02-07,C-LOS-022,Memphis DC,Memphis,US,Los Angeles,US,785,1497.16,road,storage,29200.49,0
SO-05511,2026-02-07,C-TOR-009,Memphis DC,Memphis,US,Toronto,CA,344,1096.49,road,wearables,16210.65,0
SO-05553,2026-02-07,C-MEX-017,Memphis DC,Memphis,US,Mexico City,MX,1138,1677.82,road,storage,26439.84,1
SO-06990,2026-02-07,C-LAG-005,Dubai DC,Dubai,AE,Lagos,NG,183,689.1,air,chargers,24774.19,0
SO-07372,2026-02-07,C-KAR-007,Dubai DC,Dubai,AE,Karachi,PK,415,952.77,sea,audio,20595.85,0
SO-00224,2026-02-08,C-LON-035,Rotterdam DC,Rotterdam,NL,London,GB,204,624.34,road,cables,27566.4,0
SO-00273,2026-02-08,C-LON-005,Rotterdam DC,Rotterdam,NL,London,GB,1021,1480.5,road,cases,27477.98,0
SO-00297,2026-02-08,C-LON-008,Rotterdam DC,Rotterdam,NL,London,GB,272,1050.62,road,cables,22217.0,1
SO-00383,2026-02-08,C-LON-020,Rotterdam DC,Rotterdam,NL,London,GB,111,404.77,road,audio,10812.09,0
SO-00609,2026-02-08,C-BER-039,Rotterdam DC,Rotterdam,NL,Berlin,DE,354,1346.66,road,chargers,16873.91,0
SO-00815,2026-02-08,C-PAR-031,Rotterdam DC,Rotterdam,NL,Paris,FR,450,1419.17,road,wearables,22153.09,0
SO-01010,2026-02-08,C-PAR-032,Rotterdam DC,Rotterdam,NL,Paris,FR,299,1120.94,road,audio,25864.16,0
SO-01161,2026-02-08,C-MAD-028,Rotterdam DC,Rotterdam,NL,Madrid,ES,714,1442.28,road,cables,9334.61,0
SO-03233,2026-02-08,C-JAK-015,Shenzhen DC,Shenzhen,CN,Jakarta,ID,709,2311.57,sea,wearables,26927.0,0
SO-03885,2026-02-08,C-SYD-009,Rotterdam DC,Rotterdam,NL,Sydney,AU,262,1011.86,air,wearables,15765.34,0
SO-04453,2026-02-08,C-NEW-036,Memphis DC,Memphis,US,New York City,US,680,1412.48,road,chargers,26263.48,0
SO-05043,2026-02-08,C-LOS-025,Memphis DC,Memphis,US,Los Angeles,US,223,626.92,road,cases,16511.52,0
SO-05046,2026-02-08,C-LOS-012,Memphis DC,Memphis,US,Los Angeles,US,484,991.94,road,chargers,20333.12,0
SO-05069,2026-02-08,C-LOS-019,Memphis DC,Memphis,US,Los Angeles,US,400,1181.16,road,cables,28370.93,0
SO-06516,2026-02-08,C-RIY-011,Dubai DC,Dubai,AE,Riyadh,SA,891,1433.63,road,wearables,27853.11,0
SO-06964,2026-02-08,C-LAG-024,Dubai DC,Dubai,AE,Lagos,NG,139,383.17,air,chargers,15463.3,0
SO-00500,2026-02-09,C-BER-033,Rotterdam DC,Rotterdam,NL,Berlin,DE,1024,1614.36,road,audio,36197.53,0
SO-00503,2026-02-09,C-BER-031,Rotterdam DC,Rotterdam,NL,Berlin,DE,817,1368.52,road,audio,42687.31,0
SO-00775,2026-02-09,C-PAR-003,Rotterdam DC,Rotterdam,NL,Paris,FR,562,1756.31,road,cases,29927.2,0
SO-01479,2026-02-09,C-MIL-031,Rotterdam DC,Rotterdam,NL,Milan,IT,862,1396.69,road,wearables,23088.53,0
SO-01599,2026-02-09,C-WAR-033,Rotterdam DC,Rotterdam,NL,Warsaw,PL,448,1204.1,road,cables,28349.06,0
SO-01686,2026-02-09,C-WAR-037,Rotterdam DC,Rotterdam,NL,Warsaw,PL,588,1719.09,road,chargers,26768.17,0
SO-01990,2026-02-09,C-DUB-033,Rotterdam DC,Rotterdam,NL,Dublin,IE,207,468.53,air,cases,16110.99,0
SO-02502,2026-02-09,C-SEO-020,Shenzhen DC,Shenzhen,CN,Seoul,KR,258,398.4,sea,chargers,28185.06,0
SO-03069,2026-02-09,C-BAN-016,Shenzhen DC,Shenzhen,CN,Bangkok,TH,542,805.97,sea,audio,24268.89,0
SO-03497,2026-02-09,C-MUM-019,Shenzhen DC,Shenzhen,CN,Mumbai,IN,1102,1570.34,sea,audio,27397.2,0
SO-03995,2026-02-09,C-AUC-039,Rotterdam DC,Rotterdam,NL,Auckland,NZ,157,411.79,air,storage,14141.56,0
SO-04040,2026-02-09,C-AUC-039,Rotterdam DC,Rotterdam,NL,Auckland,NZ,520,1176.66,air,audio,29453.52,0
SO-04411,2026-02-09,C-NEW-038,Memphis DC,Memphis,US,New York City,US,194,420.48,road,cases,21731.77,0
SO-04491,2026-02-09,C-NEW-034,Memphis DC,Memphis,US,New York City,US,329,1078.38,road,cables,26867.19,0
SO-05612,2026-02-09,C-MEX-030,Memphis DC,Memphis,US,Mexico City,MX,422,1280.16,road,audio,23824.11,1
SO-05912,2026-02-09,C-SAO-027,Memphis DC,Memphis,US,Sao Paulo,BR,253,627.24,sea,storage,26129.24,0
SO-00299,2026-02-10,C-LON-039,Rotterdam DC,Rotterdam,NL,London,GB,636,1329.87,road,storage,31832.27,0
SO-00387,2026-02-10,C-LON-029,Rotterdam DC,Rotterdam,NL,London,GB,470,1442.87,road,cases,21108.02,0
SO-01499,2026-02-10,C-MIL-012,Rotterdam DC,Rotterdam,NL,Milan,IT,180,652.29,road,chargers,28556.25,0
SO-01525,2026-02-10,C-MIL-013,Rotterdam DC,Rotterdam,NL,Milan,IT,361,927.63,road,chargers,20742.94,0
SO-01907,2026-02-10,C-STO-014,Rotterdam DC,Rotterdam,NL,Stockholm,SE,338,897.25,road,wearables,36281.11,0
SO-02323,2026-02-10,C-TOK-039,Shenzhen DC,Shenzhen,CN,Tokyo,JP,468,1009.85,sea,chargers,33495.03,0
SO-02526,2026-02-10,C-SEO-005,Shenzhen DC,Shenzhen,CN,Seoul,KR,344,1164.15,sea,audio,18739.95,0
SO-02643,2026-02-10,C-SEO-038,Shenzhen DC,Shenzhen,CN,Seoul,KR,211,589.76,sea,cables,39742.73,1
SO-02939,2026-02-10,C-SIN-033,Shenzhen DC,Shenzhen,CN,Singapore,SG,337,1315.23,sea,cases,31443.4,0
SO-03540,2026-02-10,C-MUM-009,Shenzhen DC,Shenzhen,CN,Mumbai,IN,1153,1844.48,sea,cases,36177.14,0
SO-04157,2026-02-10,C-NEW-019,Memphis DC,Memphis,US,New York City,US,358,1398.7,road,chargers,28346.03,0
SO-04554,2026-02-10,C-CHI-033,Memphis DC,Memphis,US,Chicago,US,246,486.13,road,cables,29795.77,0
SO-04749,2026-02-10,C-CHI-002,Memphis DC,Memphis,US,Chicago,US,635,1447.51,road,wearables,22484.39,0
SO-04810,2026-02-10,C-CHI-016,Memphis DC,Memphis,US,Chicago,US,942,1614.05,road,audio,27225.01,0
SO-05289,2026-02-10,C-LOS-038,Memphis DC,Memphis,US,Los Angeles,US,253,565.64,road,chargers,22934.49,1
SO-05432,2026-02-10,C-TOR-006,Memphis DC,Memphis,US,Toronto,CA,276,757.61,road,storage,13942.82,0
SO-05479,2026-02-10,C-TOR-010,Memphis DC,Memphis,US,Toronto,CA,290,915.23,road,audio,40454.92,0
SO-05970,2026-02-10,C-BOG-004,Memphis DC,Memphis,US,Bogota,CO,284,668.03,air,cables,28524.65,0
SO-06178,2026-02-10,C-SAN-031,Memphis DC,Memphis,US,Santiago,CL,470,1737.71,sea,storage,27965.8,0
SO-06454,2026-02-10,C-RIY-021,Dubai DC,Dubai,AE,Riyadh,SA,326,843.41,road,chargers,30507.41,0
SO-06602,2026-02-10,C-CAI-008,Dubai DC,Dubai,AE,Cairo,EG,375,1374.11,sea,audio,28993.28,0
SO-07013,2026-02-10,C-LAG-024,Dubai DC,Dubai,AE,Lagos,NG,422,634.58,air,storage,13845.97,0
SO-07321,2026-02-10,C-KAR-017,Dubai DC,Dubai,AE,Karachi,PK,737,1283.97,sea,cables,25969.17,1
SO-00662,2026-02-11,C-BER-031,Rotterdam DC,Rotterdam,NL,Berlin,DE,598,1287.73,road,cables,22659.59,0
SO-00826,2026-02-11,C-PAR-039,Rotterdam DC,Rotterdam,NL,Paris,FR,468,1290.83,road,audio,23784.71,0
SO-00923,2026-02-11,C-PAR-037,Rotterdam DC,Rotterdam,NL,Paris,FR,734,1447.65,road,storage,34672.54,0
SO-01813,2026-02-11,C-STO-001,Rotterdam DC,Rotterdam,NL,Stockholm,SE,173,507.37,road,cases,40856.85,0
SO-01966,2026-02-11,C-DUB-031,Rotterdam DC,Rotterdam,NL,Dublin,IE,330,931.41,air,wearables,22210.27,0
SO-02386,2026-02-11,C-TOK-007,Shenzhen DC,Shenzhen,CN,Tokyo,JP,315,1152.75,sea,cables,26574.22,0
SO-03050,2026-02-11,C-BAN-017,Shenzhen DC,Shenzhen,CN,Bangkok,TH,517,1018.22,sea,storage,14447.52,0
SO-03125,2026-02-11,C-BAN-038,Shenzhen DC,Shenzhen,CN,Bangkok,TH,393,1431.97,sea,wearables,26129.42,1
SO-03442,2026-02-11,C-MAN-024,Shenzhen DC,Shenzhen,CN,Manila,PH,257,660.32,sea,cases,28613.47,0
SO-03802,2026-02-11,C-SYD-016,Rotterdam DC,Rotterdam,NL,Sydney,AU,808,1132.96,air,storage,27187.43,0
SO-04331,2026-02-11,C-NEW-031,Memphis DC,Memphis,US,New York City,US,198,770.02,road,wearables,22081.53,0
SO-04623,2026-02-11,C-CHI-023,Memphis DC,Memphis,US,Chicago,US,275,1031.8,road,cases,24039.25,1
SO-04816,2026-02-11,C-CHI-024,Memphis DC,Memphis,US,Chicago,US,790,1997.46,road,cases,26284.23,0
SO-04914,2026-02-11,C-CHI-004,Memphis DC,Memphis,US,Chicago,US,1018,1908.08,road,cases,44593.86,0
SO-05784,2026-02-11,C-SAO-025,Memphis DC,Memphis,US,Sao Paulo,BR,472,1354.29,sea,wearables,23836.68,0
SO-06231,2026-02-11,C-BUE-029,Memphis DC,Memphis,US,Buenos Aires,AR,272,757.0,sea,audio,32914.58,0
SO-00464,2026-02-12,C-BER-030,Rotterdam DC,Rotterdam,NL,Berlin,DE,1,0.5,road,wearables,23300.17,0
SO-00617,2026-02-12,C-BER-019,Rotterdam DC,Rotterdam,NL,Berlin,DE,206,777.22,road,audio,12610.75,0
SO-00752,2026-02-12,C-PAR-002,Rotterdam DC,Rotterdam,NL,Paris,FR,446,1694.52,road,storage,36463.12,0
SO-00776,2026-02-12,C-PAR-031,Rotterdam DC,Rotterdam,NL,Paris,FR,597,954.05,road,cases,11633.44,0
SO-00818,2026-02-12,C-PAR-033,Rotterdam DC,Rotterdam,NL,Paris,FR,446,1635.5,road,storage,18604.2,0
SO-01342,2026-02-12,C-MAD-003,Rotterdam DC,Rotterdam,NL,Madrid,ES,109,367.75,road,cases,29796.22,0
SO-01373,2026-02-12,C-MIL-002,Rotterdam DC,Rotterdam,NL,Milan,IT,693,1419.98,road,cases,23126.15,0
SO-02553,2026-02-12,C-SEO-026,Shenzhen DC,Shenzhen,CN,Seoul,KR,335,756.4,sea,chargers,44433.1,0
SO-02627,2026-02-12,C-SEO-003,Shenzhen DC,Shenzhen,CN,Seoul,KR,380,1135.99,sea,wearables,40581.54,1
SO-02907,2026-02-12,C-SIN-022,Shenzhen DC,Shenzhen,CN,Singapore,SG,244,951.29,sea,cables,28335.47,0
SO-03173,2026-02-12,C-JAK-007,Shenzhen DC,Shenzhen,CN,Jakarta,ID,592,1530.53,sea,audio,28981.06,0
SO-03679,2026-02-12,C-MUM-012,Shenzhen DC,Shenzhen,CN,Mumbai,IN,252,680.76,sea,chargers,14106.14,0
SO-03902,2026-02-12,C-SYD-031,Rotterdam DC,Rotterdam,NL,Sydney,AU,81,295.56,air,chargers,26411.2,0
SO-04070,2026-02-12,C-NEW-010,Memphis DC,Memphis,US,New York City,US,645,1208.35,road,wearables,14092.35,0
SO-04162,2026-02-12,C-NEW-017,Memphis DC,Memphis,US,New York City,US,422,1167.24,road,cases,22052.34,0
SO-04484,2026-02-12,C-NEW-019,Memphis DC,Memphis,US,New York City,US,531,1227.69,road,audio,35411.9,0
SO-04660,2026-02-12,C-CHI-005,Memphis DC,Memphis,US,Chicago,US,700,2072.11,road,audio,24272.33,0
SO-04906,2026-02-12,C-CHI-024,Memphis DC,Memphis,US,Chicago,US,239,846.76,road,wearables,19376.15,1
SO-05161,2026-02-12,C-LOS-023,Memphis DC,Memphis,US,Los Angeles,US,291,847.25,road,wearables,24104.81,0
SO-05583,2026-02-12,C-MEX-034,Memphis DC,Memphis,US,Mexico City,MX,631,1752.47,road,cases,27003.67,0
SO-05703,2026-02-12,C-MEX-012,Memphis DC,Memphis,US,Mexico City,MX,682,1269.13,road,audio,19331.02,0
SO-06768,2026-02-12,C-CAI-028,Dubai DC,Dubai,AE,Cairo,EG,674,1248.44,sea,cases,30211.67,0
SO-06925,2026-02-12,C-NAI-015,Dubai DC,Dubai,AE,Nairobi,KE,524,866.57,air,wearables,16035.14,0
SO-00008,2026-02-13,C-LON-033,Rotterdam DC,Rotterdam,NL,London,GB,327,726.26,road,cases,29084.39,0
SO-00065,2026-02-13,C-LON-002,Rotterdam DC,Rotterdam,NL,London,GB,327,1047.25,road,chargers,18336.09,0
SO-00286,2026-02-13,C-LON-032,Rotterdam DC,Rotterdam,NL,London,GB,346,1374.0,road,cables,28675.15,0
SO-00330,2026-02-13,C-LON-024,Rotterdam DC,Rotterdam,NL,London,GB,372,1049.75,road,cables,33564.89,0
SO-00523,2026-02-13,C-BER-015,Rotterdam DC,Rotterdam,NL,Berlin,DE,450,1457.7,road,storage,25649.47,0
SO-00868,2026-02-13,C-PAR-031,Rotterdam DC,Rotterdam,NL,Paris,FR,574,1029.14,road,cases,26654.44,0
SO-00998,2026-02-13,C-PAR-009,Rotterdam DC,Rotterdam,NL,Paris,FR,341,1093.13,road,wearables,39460.57,0
SO-01708,2026-02-13,C-WAR-023,Rotterdam DC,Rotterdam,NL,Warsaw,PL,355,763.46,road,wearables,30643.46,1
SO-01974,2026-02-13,C-DUB-034,Rotterdam DC,Rotterdam,NL,Dublin,IE,353,598.68,air,cables,21002.18,0
SO-02127,2026-02-13,C-TOK-031,Shenzhen DC,Shenzhen,CN,Tokyo,JP,589,1144.92,sea,cables,50518.97,0
SO-02390,2026-02-13,C-TOK-019,Shenzhen DC,Shenzhen,CN,Tokyo,JP,296,622.2,sea,audio,21732.21,0
SO-02728,2026-02-13,C-SIN-028,Shenzhen DC,Shenzhen,CN,Singapore,SG,700,1406.53,sea,chargers,32261.83,0
SO-02783,2026-02-13,C-SIN-007,Shenzhen DC,Shenzhen,CN,Singapore,SG,209,744.49,sea,chargers,23078.95,0
SO-02885,2026-02-13,C-SIN-007,Shenzhen DC,Shenzhen,CN,Singapore,SG,1069,1542.97,sea,cases,39686.39,1
SO-03101,2026-02-13,C-BAN-030,Shenzhen DC,Shenzhen,CN,Bangkok,TH,737,1313.56,sea,wearables,30002.51,0
SO-03609,2026-02-13,C-MUM-028,Shenzhen DC,Shenzhen,CN,Mumbai,IN,327,995.73,sea,cables,14777.89,0
SO-03661,2026-02-13,C-MUM-009,Shenzhen DC,Shenzhen,CN,Mumbai,IN,231,603.51,sea,cables,26222.72,0
SO-03942,2026-02-13,C-AUC-032,Rotterdam DC,Rotterdam,NL,Auckland,NZ,423,832.94,air,wearables,26094.33,0
SO-04355,2026-02-13,C-NEW-029,Memphis DC,Memphis,US,New York City,US,284,971.01,road,storage,29966.46,0
SO-05032,2026-02-13,C-LOS-032,Memphis DC,Memphis,US,Los Angeles,US,692,1131.04,road,cases,20677.94,0
SO-05081,2026-02-13,C-LOS-028,Memphis DC,Memphis,US,Los Angeles,US,385,1447.16,road,audio,29838.67,0
SO-05831,2026-02-13,C-SAO-005,Memphis DC,Memphis,US,Sao Paulo,BR,462,1449.58,sea,storage,18332.57,0
SO-05908,2026-02-13,C-SAO-012,Memphis DC,Memphis,US,Sao Paulo,BR,666,2549.4,sea,cases,11290.02,0
SO-06541,2026-02-13,C-RIY-039,Dubai DC,Dubai,AE,Riyadh,SA,582,1119.86,road,cables,25931.97,0
SO-06764,2026-02-13,C-CAI-015,Dubai DC,Dubai,AE,Cairo,EG,350,1291.92,sea,chargers,32285.74,0
SO-06883,2026-02-13,C-NAI-038,Dubai DC,Dubai,AE,Nairobi,KE,358,1096.4,air,chargers,22435.56,0
SO-07006,2026-02-13,C-LAG-025,Dubai DC,Dubai,AE,Lagos,NG,283,801.74,air,audio,16627.84,0
SO-00088,2026-02-14,C-LON-001,Rotterdam DC,Rotterdam,NL,London,GB,345,1214.31,road,audio,21340.71,0
SO-00772,2026-02-14,C-PAR-005,Rotterdam DC,Rotterdam,NL,Paris,FR,384,1339.67,road,wearables,29192.57,0
SO-00964,2026-02-14,C-PAR-031,Rotterdam DC,Rotterdam,NL,Paris,FR,387,1334.32,road,storage,26939.36,0
SO-00984,2026-02-14,C-PAR-031,Rotterdam DC,Rotterdam,NL,Paris,FR,70,166.8,road,audio,27269.62,0
SO-01321,2026-02-14,C-MAD-029,Rotterdam DC,Rotterdam,NL,Madrid,ES,230,795.75,road,storage,44225.14,0
SO-01560,2026-02-14,C-MIL-005,Rotterdam DC,Rotterdam,NL,Milan,IT,245,719.59,road,audio,13444.98,0
SO-02248,2026-02-14,C-TOK-007,Shenzhen DC,Shenzhen,CN,Tokyo,JP,254,688.78,sea,chargers,29857.53,0
SO-03049,2026-02-14,C-BAN-005,Shenzhen DC,Shenzhen,CN,Bangkok,TH,196,394.36,sea,cases,20904.26,0
SO-03196,2026-02-14,C-JAK-018,Shenzhen DC,Shenzhen,CN,Jakarta,ID,229,584.06,sea,wearables,28868.87,1
SO-03209,2026-02-14,C-JAK-026,Shenzhen DC,Shenzhen,CN,Jakarta,ID,359,1305.28,sea,audio,25844.41,0
SO-03410,2026-02-14,C-MAN-002,Shenzhen DC,Shenzhen,CN,Manila,PH,815,1789.69,sea,audio,32681.01,1
SO-03549,2026-02-14,C-MUM-021,Shenzhen DC,Shenzhen,CN,Mumbai,IN,586,1110.16,sea,cables,14677.2,0
SO-03690,2026-02-14,C-MUM-010,Shenzhen DC,Shenzhen,CN,Mumbai,IN,618,1708.88,sea,storage,33682.3,0
SO-03698,2026-02-14,C-MUM-015,Shenzhen DC,Shenzhen,CN,Mumbai,IN,533,1712.18,sea,cases,26140.88,0
SO-03973,2026-02-14,C-AUC-016,Rotterdam DC,Rotterdam,NL,Auckland,NZ,65,195.89,air,storage,32297.87,0
SO-04068,2026-02-14,C-NEW-006,Memphis DC,Memphis,US,New York City,US,432,1322.44,road,wearables,23748.9,0
SO-05391,2026-02-14,C-TOR-038,Memphis DC,Memphis,US,Toronto,CA,548,1745.62,road,storage,26466.87,0
SO-06035,2026-02-14,C-BOG-020,Memphis DC,Memphis,US,Bogota,CO,194,566.22,air,audio,23527.51,0
SO-06207,2026-02-14,C-SAN-001,Memphis DC,Memphis,US,Santiago,CL,1021,2219.32,sea,cables,25274.29,0
SO-06423,2026-02-14,C-RIY-032,Dubai DC,Dubai,AE,Riyadh,SA,1007,1705.06,road,audio,39966.3,0
SO-07363,2026-02-14,C-KAR-008,Dubai DC,Dubai,AE,Karachi,PK,657,1677.25,sea,storage,27363.32,0
SO-00058,2026-02-15,C-LON-002,Rotterdam DC,Rotterdam,NL,London,GB,881,2195.05,road,cases,31010.84,0
SO-00118,2026-02-15,C-LON-023,Rotterdam DC,Rotterdam,NL,London,GB,481,1634.04,road,audio,33664.55,0
SO-00472,2026-02-15,C-BER-036,Rotterdam DC,Rotterdam,NL,Berlin,DE,603,1605.4,road,audio,22333.81,0
SO-00599,2026-02-15,C-BER-022,Rotterdam DC,Rotterdam,NL,Berlin,DE,454,1546.61,road,cables,32218.49,0
SO-00690,2026-02-15,C-BER-001,Rotterdam DC,Rotterdam,NL,Berlin,DE,651,1425.97,road,cases,29962.01,0
SO-00743,2026-02-15,C-BER-025,Rotterdam DC,Rotterdam,NL,Berlin,DE,477,1361.61,road,audio,29338.79,0
SO-01332,2026-02-15,C-MAD-015,Rotterdam DC,Rotterdam,NL,Madrid,ES,370,1026.89,road,wearables,38893.38,0
SO-01580,2026-02-15,C-MIL-028,Rotterdam DC,Rotterdam,NL,Milan,IT,305,1075.96,road,storage,18012.72,0
SO-01625,2026-02-15,C-WAR-024,Rotterdam DC,Rotterdam,NL,Warsaw,PL,427,1267.34,road,cases,21368.5,0
SO-01835,2026-02-15,C-STO-029,Rotterdam DC,Rotterdam,NL,Stockholm,SE,489,1335.41,road,cases,36103.26,0
SO-02320,2026-02-15,C-TOK-029,Shenzhen DC,Shenzhen,CN,Tokyo,JP,1196,1774.86,sea,cases,36233.8,0
SO-02579,2026-02-15,C-SEO-025,Shenzhen DC,Shenzhen,CN,Seoul,KR,271,664.61,sea,audio,28361.73,0
SO-02857,2026-02-15,C-SIN-027,Shenzhen DC,Shenzhen,CN,Singapore,SG,272,1065.93,sea,chargers,20392.78,0
SO-03075,2026-02-15,C-BAN-007,Shenzhen DC,Shenzhen,CN,Bangkok,TH,224,709.62,sea,cases,16438.93,0
SO-03629,2026-02-15,C-MUM-011,Shenzhen DC,Shenzhen,CN,Mumbai,IN,532,995.13,sea,chargers,26647.47,0
SO-04200,2026-02-15,C-NEW-002,Memphis DC,Memphis,US,New York City,US,414,1132.27,road,chargers,36186.27,0
SO-05424,2026-02-15,C-TOR-013,Memphis DC,Memphis,US,Toronto,CA,435,983.64,road,audio,34375.23,0
SO-05623,2026-02-15,C-MEX-034,Memphis DC,Memphis,US,Mexico City,MX,689,1856.44,road,chargers,18753.05,0
SO-05654,2026-02-15,C-MEX-026,Memphis DC,Memphis,US,Mexico City,MX,464,796.75,road,cables,16258.05,0
SO-05753,2026-02-15,C-MEX-009,Memphis DC,Memphis,US,Mexico City,MX,547,1506.45,road,wearables,12412.08,0
SO-06095,2026-02-15,C-BOG-009,Memphis DC,Memphis,US,Bogota,CO,371,600.46,air,storage,11408.47,0
SO-06866,2026-02-15,C-NAI-005,Dubai DC,Dubai,AE,Nairobi,KE,210,617.88,air,wearables,27343.63,0
SO-07061,2026-02-15,C-JOH-010,Dubai DC,Dubai,AE,Johannesburg,ZA,271,868.92,sea,wearables,13342.7,0
SO-07332,2026-02-15,C-KAR-003,Dubai DC,Dubai,AE,Karachi,PK,37,79.5,sea,cables,11770.58,0
SO-00304,2026-02-16,C-LON-025,Rotterdam DC,Rotterdam,NL,London,GB,381,1042.52,road,cases,16656.75,0
SO-00336,2026-02-16,C-LON-011,Rotterdam DC,Rotterdam,NL,London,GB,281,683.2,road,storage,19353.63,1
SO-00864,2026-02-16,C-PAR-023,Rotterdam DC,Rotterdam,NL,Paris,FR,249,991.8,road,storage,37356.86,1
SO-00871,2026-02-16,C-PAR-006,Rotterdam DC,Rotterdam,NL,Paris,FR,481,1831.72,road,audio,18902.26,0
SO-00989,2026-02-16,C-PAR-017,Rotterdam DC,Rotterdam,NL,Paris,FR,309,571.27,road,cases,39770.65,0
SO-01355,2026-02-16,C-MAD-031,Rotterdam DC,Rotterdam,NL,Madrid,ES,434,1699.35,road,storage,25982.52,0
SO-01385,2026-02-16,C-MIL-006,Rotterdam DC,Rotterdam,NL,Milan,IT,387,1356.92,road,storage,32655.48,0
SO-01402,2026-02-16,C-MIL-025,Rotterdam DC,Rotterdam,NL,Milan,IT,749,1049.68,road,chargers,10010.82,0
SO-01486,2026-02-16,C-MIL-034,Rotterdam DC,Rotterdam,NL,Milan,IT,150,554.53,road,audio,16896.46,0
SO-01693,2026-02-16,C-WAR-001,Rotterdam DC,Rotterdam,NL,Warsaw,PL,349,1192.78,road,cases,33578.14,0
SO-02031,2026-02-16,C-DUB-020,Rotterdam DC,Rotterdam,NL,Dublin,IE,102,395.19,air,cases,18987.29,0
SO-02040,2026-02-16,C-DUB-007,Rotterdam DC,Rotterdam,NL,Dublin,IE,549,971.81,air,storage,10314.57,0
SO-02083,2026-02-16,C-TOK-031,Shenzhen DC,Shenzhen,CN,Tokyo,JP,545,773.07,sea,audio,31152.94,0
SO-02096,2026-02-16,C-TOK-004,Shenzhen DC,Shenzhen,CN,Tokyo,JP,808,1285.91,sea,storage,36502.97,0
SO-02329,2026-02-16,C-TOK-033,Shenzhen DC,Shenzhen,CN,Tokyo,JP,158,582.84,sea,chargers,37108.63,0
SO-02416,2026-02-16,C-SEO-017,Shenzhen DC,Shenzhen,CN,Seoul,KR,510,1240.74,sea,audio,42014.88,0
SO-03057,2026-02-16,C-BAN-022,Shenzhen DC,Shenzhen,CN,Bangkok,TH,636,1190.74,sea,audio,25256.64,0
SO-03717,2026-02-16,C-MUM-029,Shenzhen DC,Shenzhen,CN,Mumbai,IN,988,1516.08,sea,chargers,21012.74,0
SO-04927,2026-02-16,C-CHI-025,Memphis DC,Memphis,US,Chicago,US,908,1584.66,road,cases,25752.05,0
SO-04946,2026-02-16,C-LOS-015,Memphis DC,Memphis,US,Los Angeles,US,604,1157.13,road,storage,23347.68,0
SO-05378,2026-02-16,C-TOR-009,Memphis DC,Memphis,US,Toronto,CA,352,1224.26,road,cases,33767.96,0
SO-06546,2026-02-16,C-RIY-026,Dubai DC,Dubai,AE,Riyadh,SA,332,940.6,road,chargers,37846.43,0
SO-00152,2026-02-17,C-LON-030,Rotterdam DC,Rotterdam,NL,London,GB,219,820.4,road,chargers,45693.17,0
SO-00517,2026-02-17,C-BER-012,Rotterdam DC,Rotterdam,NL,Berlin,DE,874,2137.83,road,audio,27840.95,0
SO-00583,2026-02-17,C-BER-034,Rotterdam DC,Rotterdam,NL,Berlin,DE,341,1032.98,road,wearables,18250.83,0
SO-01016,2026-02-17,C-PAR-013,Rotterdam DC,Rotterdam,NL,Paris,FR,723,1081.63,road,cables,11072.71,0
SO-01121,2026-02-17,C-MAD-026,Rotterdam DC,Rotterdam,NL,Madrid,ES,539,1916.48,road,audio,24808.6,1
SO-01159,2026-02-17,C-MAD-015,Rotterdam DC,Rotterdam,NL,Madrid,ES,538,1911.65,road,chargers,20174.2,0
SO-01783,2026-02-17,C-WAR-035,Rotterdam DC,Rotterdam,NL,Warsaw,PL,93,188.62,road,cables,15620.46,0
SO-02115,2026-02-17,C-TOK-011,Shenzhen DC,Shenzhen,CN,Tokyo,JP,393,716.3,sea,cables,41682.41,0
SO-02901,2026-02-17,C-SIN-024,Shenzhen DC,Shenzhen,CN,Singapore,SG,415,1434.48,sea,storage,27133.91,0
SO-03297,2026-02-17,C-JAK-024,Shenzhen DC,Shenzhen,CN,Jakarta,ID,215,729.04,sea,chargers,34106.44,1
SO-04703,2026-02-17,C-CHI-002,Memphis DC,Memphis,US,Chicago,US,414,1163.52,road,wearables,30223.53,0
SO-04996,2026-02-17,C-LOS-031,Memphis DC,Memphis,US,Los Angeles,US,727,1025.29,road,cases,20636.46,0
SO-05278,2026-02-17,C-LOS-010,Memphis DC,Memphis,US,Los Angeles,US,445,1665.05,road,storage,5270.06,0
SO-05575,2026-02-17,C-MEX-006,Memphis DC,Memphis,US,Mexico City,MX,386,1274.72,road,chargers,22688.09,0
SO-05591,2026-02-17,C-MEX-009,Memphis DC,Memphis,US,Mexico City,MX,219,779.31,road,cables,25346.42,0
SO-05742,2026-02-17,C-MEX-038,Memphis DC,Memphis,US,Mexico City,MX,215,821.05,road,wearables,19441.1,0
SO-06492,2026-02-17,C-RIY-035,Dubai DC,Dubai,AE,Riyadh,SA,155,487.59,road,cables,30983.64,0
SO-07269,2026-02-17,C-KAR-024,Dubai DC,Dubai,AE,Karachi,PK,270,962.17,sea,chargers,32976.04,0
SO-00104,2026-02-18,C-LON-022,Rotterdam DC,Rotterdam,NL,London,GB,401,1554.28,road,cables,31613.57,0
SO-01946,2026-02-18,C-DUB-011,Rotterdam DC,Rotterdam,NL,Dublin,IE,171,441.93,air,chargers,14133.17,0
SO-02337,2026-02-18,C-TOK-024,Shenzhen DC,Shenzhen,CN,Tokyo,JP,661,1108.64,sea,storage,25106.54,0
SO-03193,2026-02-18,C-JAK-039,Shenzhen DC,Shenzhen,CN,Jakarta,ID,314,736.59,sea,chargers,25797.66,0
SO-04304,2026-02-18,C-NEW-031,Memphis DC,Memphis,US,New York City,US,297,1162.63,road,chargers,11342.51,0
SO-04610,2026-02-18,C-CHI-022,Memphis DC,Memphis,US,Chicago,US,1003,1686.65,road,cases,32313.59,0
SO-04743,2026-02-18,C-CHI-006,Memphis DC,Memphis,US,Chicago,US,328,1143.89,road,cables,20962.1,0
SO-04858,2026-02-18,C-CHI-031,Memphis DC,Memphis,US,Chicago,US,570,1283.73,road,audio,20013.15,0
SO-05329,2026-02-18,C-TOR-013,Memphis DC,Memphis,US,Toronto,CA,574,1535.95,road,cables,37162.33,0
SO-06040,2026-02-18,C-BOG-028,Memphis DC,Memphis,US,Bogota,CO,216,595.51,air,chargers,19684.88,1
SO-07237,2026-02-18,C-KAR-017,Dubai DC,Dubai,AE,Karachi,PK,289,1134.11,sea,cases,19862.48,0
SO-07383,2026-02-18,C-KAR-034,Dubai DC,Dubai,AE,Karachi,PK,237,911.29,sea,storage,29941.88,0
SO-00142,2026-02-19,C-LON-037,Rotterdam DC,Rotterdam,NL,London,GB,229,814.06,road,wearables,18139.1,0
SO-00147,2026-02-19,C-LON-032,Rotterdam DC,Rotterdam,NL,London,GB,299,1138.97,road,audio,36356.06,1
SO-00606,2026-02-19,C-BER-032,Rotterdam DC,Rotterdam,NL,Berlin,DE,552,1575.67,road,chargers,22882.03,0
SO-01361,2026-02-19,C-MAD-039,Rotterdam DC,Rotterdam,NL,Madrid,ES,453,952.82,road,cases,32476.88,0
SO-01530,2026-02-19,C-MIL-016,Rotterdam DC,Rotterdam,NL,Milan,IT,828,1597.8,road,chargers,22450.07,0
SO-02104,2026-02-19,C-TOK-039,Shenzhen DC,Shenzhen,CN,Tokyo,JP,469,1045.37,sea,cases,26611.91,0
SO-02137,2026-02-19,C-TOK-031,Shenzhen DC,Shenzhen,CN,Tokyo,JP,418,1136.65,sea,storage,16509.37,0
SO-02908,2026-02-19,C-SIN-038,Shenzhen DC,Shenzhen,CN,Singapore,SG,313,866.25,sea,cases,32498.69,0
SO-03848,2026-02-19,C-SYD-021,Rotterdam DC,Rotterdam,NL,Sydney,AU,642,1096.08,air,wearables,37210.37,0
SO-04166,2026-02-19,C-NEW-031,Memphis DC,Memphis,US,New York City,US,573,1069.95,road,wearables,28797.83,0
SO-04510,2026-02-19,C-NEW-001,Memphis DC,Memphis,US,New York City,US,383,694.96,road,cases,22446.32,0
SO-04582,2026-02-19,C-CHI-026,Memphis DC,Memphis,US,Chicago,US,493,1600.41,road,cables,22004.11,0
SO-05758,2026-02-19,C-MEX-030,Memphis DC,Memphis,US,Mexico City,MX,542,869.14,road,cables,30939.53,0
SO-06366,2026-02-19,C-RIY-002,Dubai DC,Dubai,AE,Riyadh,SA,356,1082.09,road,cases,37329.4,0
SO-06422,2026-02-19,C-RIY-017,Dubai DC,Dubai,AE,Riyadh,SA,521,946.46,road,wearables,40985.15,0
SO-06444,2026-02-19,C-RIY-001,Dubai DC,Dubai,AE,Riyadh,SA,189,671.25,road,audio,29103.97,0
SO-06718,2026-02-19,C-CAI-039,Dubai DC,Dubai,AE,Cairo,EG,395,955.87,sea,cables,15849.15,0
SO-07038,2026-02-19,C-LAG-028,Dubai DC,Dubai,AE,Lagos,NG,216,344.37,air,chargers,13820.58,0
SO-07086,2026-02-19,C-JOH-031,Dubai DC,Dubai,AE,Johannesburg,ZA,185,314.76,sea,cases,28606.14,0
SO-07121,2026-02-19,C-JOH-012,Dubai DC,Dubai,AE,Johannesburg,ZA,288,1092.63,sea,storage,20456.87,0
SO-07175,2026-02-19,C-JOH-017,Dubai DC,Dubai,AE,Johannesburg,ZA,570,1477.38,sea,storage,21802.42,0
SO-00145,2026-02-20,C-LON-039,Rotterdam DC,Rotterdam,NL,London,GB,322,960.36,road,audio,34261.75,0
SO-00749,2026-02-20,C-BER-001,Rotterdam DC,Rotterdam,NL,Berlin,DE,258,833.3,road,storage,33505.39,0
SO-00773,2026-02-20,C-PAR-022,Rotterdam DC,Rotterdam,NL,Paris,FR,289,830.23,road,storage,22540.98,0
SO-01424,2026-02-20,C-MIL-008,Rotterdam DC,Rotterdam,NL,Milan,IT,283,978.85,road,storage,23599.82,0
SO-01724,2026-02-20,C-WAR-021,Rotterdam DC,Rotterdam,NL,Warsaw,PL,1088,1982.21,road,storage,32861.45,0
SO-02275,2026-02-20,C-TOK-026,Shenzhen DC,Shenzhen,CN,Tokyo,JP,243,789.79,sea,storage,36835.69,0
SO-02384,2026-02-20,C-TOK-009,Shenzhen DC,Shenzhen,CN,Tokyo,JP,194,356.86,sea,cables,19346.28,1
SO-02866,2026-02-20,C-SIN-034,Shenzhen DC,Shenzhen,CN,Singapore,SG,223,711.93,sea,audio,28899.47,0
SO-03199,2026-02-20,C-JAK-031,Shenzhen DC,Shenzhen,CN,Jakarta,ID,417,1540.58,sea,storage,20416.24,0
SO-03303,2026-02-20,C-JAK-029,Shenzhen DC,Shenzhen,CN,Jakarta,ID,677,1182.42,sea,storage,21899.39,0
SO-04760,2026-02-20,C-CHI-013,Memphis DC,Memphis,US,Chicago,US,236,906.8,road,wearables,29202.95,0
SO-04796,2026-02-20,C-CHI-012,Memphis DC,Memphis,US,Chicago,US,321,1024.32,road,cables,16500.33,0
SO-05266,2026-02-20,C-LOS-010,Memphis DC,Memphis,US,Los Angeles,US,205,692.37,road,wearables,31725.33,0
SO-05397,2026-02-20,C-TOR-027,Memphis DC,Memphis,US,Toronto,CA,304,1026.37,road,audio,22169.78,0
SO-05474,2026-02-20,C-TOR-023,Memphis DC,Memphis,US,Toronto,CA,501,1231.15,road,cases,16626.37,0
SO-05476,2026-02-20,C-TOR-005,Memphis DC,Memphis,US,Toronto,CA,839,1427.4,road,cables,35301.02,0
SO-05909,2026-02-20,C-SAO-031,Memphis DC,Memphis,US,Sao Paulo,BR,1557,2228.3,sea,wearables,24553.84,0
SO-05919,2026-02-20,C-SAO-030,Memphis DC,Memphis,US,Sao Paulo,BR,1197,1844.41,sea,wearables,25936.77,0
SO-06435,2026-02-20,C-RIY-033,Dubai DC,Dubai,AE,Riyadh,SA,1354,2108.63,road,chargers,31514.43,0
SO-06801,2026-02-20,C-NAI-018,Dubai DC,Dubai,AE,Nairobi,KE,265,428.72,air,audio,30375.1,0
SO-06871,2026-02-20,C-NAI-006,Dubai DC,Dubai,AE,Nairobi,KE,371,1049.63,air,cases,29397.93,0
SO-07298,2026-02-20,C-KAR-016,Dubai DC,Dubai,AE,Karachi,PK,278,827.62,sea,cables,20801.19,0
SO-00170,2026-02-21,C-LON-034,Rotterdam DC,Rotterdam,NL,London,GB,525,1281.96,road,storage,29342.07,0
SO-00810,2026-02-21,C-PAR-001,Rotterdam DC,Rotterdam,NL,Paris,FR,294,1067.23,road,cables,24797.31,0
SO-01184,2026-02-21,C-MAD-001,Rotterdam DC,Rotterdam,NL,Madrid,ES,724,1327.75,road,audio,21161.01,0
SO-01262,2026-02-21,C-MAD-028,Rotterdam DC,Rotterdam,NL,Madrid,ES,486,1762.35,road,audio,13091.35,0
SO-01452,2026-02-21,C-MIL-037,Rotterdam DC,Rotterdam,NL,Milan,IT,218,686.16,road,audio,27980.81,0
SO-02030,2026-02-21,C-DUB-033,Rotterdam DC,Rotterdam,NL,Dublin,IE,248,563.37,air,cables,19367.65,0
SO-02426,2026-02-21,C-SEO-032,Shenzhen DC,Shenzhen,CN,Seoul,KR,453,1156.87,sea,storage,25442.99,0
SO-03463,2026-02-21,C-MAN-003,Shenzhen DC,Shenzhen,CN,Manila,PH,251,435.8,sea,chargers,21142.22,0
SO-04500,2026-02-21,C-NEW-027,Memphis DC,Memphis,US,New York City,US,216,747.47,road,wearables,29982.43,0
SO-05720,2026-02-21,C-MEX-009,Memphis DC,Memphis,US,Mexico City,MX,668,1346.93,road,storage,22458.96,0
SO-05821,2026-02-21,C-SAO-005,Memphis DC,Memphis,US,Sao Paulo,BR,257,920.93,sea,audio,26401.68,1
SO-06009,2026-02-21,C-BOG-018,Memphis DC,Memphis,US,Bogota,CO,146,313.66,air,storage,16273.42,1
SO-06175,2026-02-21,C-SAN-012,Memphis DC,Memphis,US,Santiago,CL,811,1437.8,sea,storage,15087.12,0
SO-06538,2026-02-21,C-RIY-026,Dubai DC,Dubai,AE,Riyadh,SA,748,1953.83,road,chargers,35172.07,0
SO-06793,2026-02-21,C-NAI-035,Dubai DC,Dubai,AE,Nairobi,KE,332,1280.97,air,chargers,21260.02,1
SO-06878,2026-02-21,C-NAI-009,Dubai DC,Dubai,AE,Nairobi,KE,141,520.98,air,audio,22076.38,0
SO-07045,2026-02-21,C-LAG-027,Dubai DC,Dubai,AE,Lagos,NG,338,1291.26,air,storage,18809.13,0
SO-07128,2026-02-21,C-JOH-006,Dubai DC,Dubai,AE,Johannesburg,ZA,398,1503.69,sea,storage,14165.14,0
SO-07281,2026-02-21,C-KAR-010,Dubai DC,Dubai,AE,Karachi,PK,398,1159.91,sea,cables,22699.4,0
SO-00499,2026-02-22,C-BER-030,Rotterdam DC,Rotterdam,NL,Berlin,DE,467,837.68,road,cases,28523.53,0
SO-00570,2026-02-22,C-BER-010,Rotterdam DC,Rotterdam,NL,Berlin,DE,404,975.98,road,audio,30007.13,0
SO-01329,2026-02-22,C-MAD-002,Rotterdam DC,Rotterdam,NL,Madrid,ES,258,731.49,road,chargers,39415.73,0
SO-01545,2026-02-22,C-MIL-019,Rotterdam DC,Rotterdam,NL,Milan,IT,427,1440.96,road,cables,25744.85,0
SO-03132,2026-02-22,C-BAN-035,Shenzhen DC,Shenzhen,CN,Bangkok,TH,131,473.22,sea,audio,25097.66,0
SO-04290,2026-02-22,C-NEW-033,Memphis DC,Memphis,US,New York City,US,364,1139.3,road,cables,16924.39,0
SO-05448,2026-02-22,C-TOR-009,Memphis DC,Memphis,US,Toronto,CA,475,1047.0,road,cables,41087.33,0
SO-05504,2026-02-22,C-TOR-013,Memphis DC,Memphis,US,Toronto,CA,355,1203.97,road,cases,24963.22,1
SO-05509,2026-02-22,C-TOR-011,Memphis DC,Memphis,US,Toronto,CA,222,787.08,road,storage,35392.3,0
SO-05576,2026-02-22,C-MEX-038,Memphis DC,Memphis,US,Mexico City,MX,769,1116.21,road,audio,9213.33,0
SO-00761,2026-02-23,C-PAR-032,Rotterdam DC,Rotterdam,NL,Paris,FR,303,1102.81,road,audio,20732.81,0
SO-00833,2026-02-23,C-PAR-025,Rotterdam DC,Rotterdam,NL,Paris,FR,755,1878.22,road,storage,26271.88,0
SO-01170,2026-02-23,C-MAD-001,Rotterdam DC,Rotterdam,NL,Madrid,ES,231,842.66,road,audio,23949.79,0
SO-01185,2026-02-23,C-MAD-032,Rotterdam DC,Rotterdam,NL,Madrid,ES,638,2092.17,road,cables,25013.52,0
SO-01237,2026-02-23,C-MAD-021,Rotterdam DC,Rotterdam,NL,Madrid,ES,423,1424.58,road,chargers,26541.65,0
SO-01360,2026-02-23,C-MAD-011,Rotterdam DC,Rotterdam,NL,Madrid,ES,1343,1972.7,road,audio,29056.39,0
SO-01810,2026-02-23,C-STO-021,Rotterdam DC,Rotterdam,NL,Stockholm,SE,620,1496.77,road,storage,28487.46,0
SO-02240,2026-02-23,C-TOK-033,Shenzhen DC,Shenzhen,CN,Tokyo,JP,283,858.9,sea,storage,38082.11,0
SO-02421,2026-02-23,C-SEO-022,Shenzhen DC,Shenzhen,CN,Seoul,KR,576,915.0,sea,cables,29320.68,0
SO-02922,2026-02-23,C-SIN-016,Shenzhen DC,Shenzhen,CN,Singapore,SG,361,879.47,sea,wearables,27545.78,0
SO-02960,2026-02-23,C-BAN-013,Shenzhen DC,Shenzhen,CN,Bangkok,TH,397,1510.4,sea,chargers,36103.3,0
SO-03058,2026-02-23,C-BAN-029,Shenzhen DC,Shenzhen,CN,Bangkok,TH,603,1103.9,sea,cables,27621.29,1
SO-03982,2026-02-23,C-AUC-028,Rotterdam DC,Rotterdam,NL,Auckland,NZ,444,853.68,air,storage,41597.34,0
SO-04542,2026-02-23,C-CHI-035,Memphis DC,Memphis,US,Chicago,US,152,383.06,road,chargers,21635.56,0
SO-05094,2026-02-23,C-LOS-029,Memphis DC,Memphis,US,Los Angeles,US,821,1576.98,road,cables,27418.52,0
SO-05542,2026-02-23,C-TOR-033,Memphis DC,Memphis,US,Toronto,CA,283,910.19,road,chargers,38232.53,1
SO-07068,2026-02-23,C-JOH-030,Dubai DC,Dubai,AE,Johannesburg,ZA,1064,1861.45,sea,chargers,19554.43,0
SO-00227,2026-02-24,C-LON-009,Rotterdam DC,Rotterdam,NL,London,GB,234,636.61,road,cables,13313.85,0
SO-00332,2026-02-24,C-LON-002,Rotterdam DC,Rotterdam,NL,London,GB,554,1178.2,road,storage,32086.94,0
SO-00407,2026-02-24,C-LON-017,Rotterdam DC,Rotterdam,NL,London,GB,419,1625.5,road,storage,34130.41,0
SO-00587,2026-02-24,C-BER-015,Rotterdam DC,Rotterdam,NL,Berlin,DE,406,1391.11,road,storage,13093.18,0
SO-00687,2026-02-24,C-BER-017,Rotterdam DC,Rotterdam,NL,Berlin,DE,496,1374.1,road,storage,24245.08,0
SO-01220,2026-02-24,C-MAD-019,Rotterdam DC,Rotterdam,NL,Madrid,ES,673,1976.96,road,storage,23951.04,0
SO-01780,2026-02-24,C-WAR-015,Rotterdam DC,Rotterdam,NL,Warsaw,PL,583,1844.17,road,wearables,17878.28,0
SO-02655,2026-02-24,C-SEO-023,Shenzhen DC,Shenzhen,CN,Seoul,KR,604,1045.24,sea,audio,27905.77,0
SO-03485,2026-02-24,C-MAN-031,Shenzhen DC,Shenzhen,CN,Manila,PH,523,1045.99,sea,storage,15416.6,0
SO-03570,2026-02-24,C-MUM-028,Shenzhen DC,Shenzhen,CN,Mumbai,IN,370,1021.63,sea,storage,16127.75,0
SO-04008,2026-02-24,C-AUC-035,Rotterdam DC,Rotterdam,NL,Auckland,NZ,213,630.94,air,storage,29346.43,0
SO-04132,2026-02-24,C-NEW-037,Memphis DC,Memphis,US,New York City,US,282,874.02,road,cables,31845.48,0
SO-04596,2026-02-24,C-CHI-019,Memphis DC,Memphis,US,Chicago,US,340,1209.02,road,cables,27916.49,0
SO-04736,2026-02-24,C-CHI-035,Memphis DC,Memphis,US,Chicago,US,398,707.25,road,audio,28524.32,0
SO-05170,2026-02-24,C-LOS-018,Memphis DC,Memphis,US,Los Angeles,US,55,101.14,road,cases,32319.83,0
SO-06937,2026-02-24,C-LAG-029,Dubai DC,Dubai,AE,Lagos,NG,373,965.18,air,wearables,21427.31,0
SO-07075,2026-02-24,C-JOH-012,Dubai DC,Dubai,AE,Johannesburg,ZA,513,1715.66,sea,audio,30115.41,0
SO-07195,2026-02-24,C-JOH-037,Dubai DC,Dubai,AE,Johannesburg,ZA,856,1880.63,sea,cables,18199.08,1
SO-07373,2026-02-24,C-KAR-029,Dubai DC,Dubai,AE,Karachi,PK,632,1163.47,sea,storage,20999.51,0
SO-00207,2026-02-25,C-LON-007,Rotterdam DC,Rotterdam,NL,London,GB,1000,2112.11,road,audio,25599.26,0
SO-00635,2026-02-25,C-BER-025,Rotterdam DC,Rotterdam,NL,Berlin,DE,622,1602.67,road,audio,22266.09,0
SO-00678,2026-02-25,C-BER-035,Rotterdam DC,Rotterdam,NL,Berlin,DE,393,1274.81,road,storage,21913.18,0
SO-01198,2026-02-25,C-MAD-002,Rotterdam DC,Rotterdam,NL,Madrid,ES,782,2351.75,road,audio,29228.47,0
SO-01563,2026-02-25,C-MIL-039,Rotterdam DC,Rotterdam,NL,Milan,IT,441,989.81,road,audio,18044.04,0
SO-02097,2026-02-25,C-TOK-020,Shenzhen DC,Shenzhen,CN,Tokyo,JP,372,1194.65,sea,storage,40519.21,0
SO-02848,2026-02-25,C-SIN-038,Shenzhen DC,Shenzhen,CN,Singapore,SG,488,1156.21,sea,storage,24093.29,0
SO-03149,2026-02-25,C-BAN-009,Shenzhen DC,Shenzhen,CN,Bangkok,TH,581,1591.99,sea,audio,22546.42,0
SO-03177,2026-02-25,C-JAK-035,Shenzhen DC,Shenzhen,CN,Jakarta,ID,281,683.75,sea,cables,15031.99,0
SO-03880,2026-02-25,C-SYD-036,Rotterdam DC,Rotterdam,NL,Sydney,AU,450,1203.86,air,cases,25340.91,0
SO-04895,2026-02-25,C-CHI-018,Memphis DC,Memphis,US,Chicago,US,448,868.52,road,storage,27549.47,0
SO-04917,2026-02-25,C-CHI-005,Memphis DC,Memphis,US,Chicago,US,397,1137.34,road,cables,12653.85,0
SO-05308,2026-02-25,C-TOR-024,Memphis DC,Memphis,US,Toronto,CA,592,1409.39,road,cables,37215.4,1
SO-05366,2026-02-25,C-TOR-026,Memphis DC,Memphis,US,Toronto,CA,567,842.75,road,audio,23025.53,0
SO-05869,2026-02-25,C-SAO-027,Memphis DC,Memphis,US,Sao Paulo,BR,484,867.5,sea,chargers,24097.01,0
SO-05881,2026-02-25,C-SAO-004,Memphis DC,Memphis,US,Sao Paulo,BR,1311,1845.4,sea,storage,32754.25,0
SO-06449,2026-02-25,C-RIY-034,Dubai DC,Dubai,AE,Riyadh,SA,32,114.02,road,chargers,36378.05,0
SO-00039,2026-02-26,C-LON-011,Rotterdam DC,Rotterdam,NL,London,GB,392,1169.03,road,cables,21135.23,0
SO-00667,2026-02-26,C-BER-004,Rotterdam DC,Rotterdam,NL,Berlin,DE,630,1203.72,road,chargers,28971.42,0
SO-01459,2026-02-26,C-MIL-037,Rotterdam DC,Rotterdam,NL,Milan,IT,420,866.73,road,cables,40078.62,1
SO-01517,2026-02-26,C-MIL-027,Rotterdam DC,Rotterdam,NL,Milan,IT,515,1463.47,road,storage,32965.16,0
SO-02684,2026-02-26,C-SIN-008,Shenzhen DC,Shenzhen,CN,Singapore,SG,524,1263.56,sea,storage,25625.25,0
SO-02700,2026-02-26,C-SIN-031,Shenzhen DC,Shenzhen,CN,Singapore,SG,691,1518.71,sea,audio,26631.77,0
SO-02741,2026-02-26,C-SIN-004,Shenzhen DC,Shenzhen,CN,Singapore,SG,484,1029.65,sea,storage,39377.17,0
SO-02905,2026-02-26,C-SIN-013,Shenzhen DC,Shenzhen,CN,Singapore,SG,374,927.38,sea,cables,33735.42,0
SO-03441,2026-02-26,C-MAN-034,Shenzhen DC,Shenzhen,CN,Manila,PH,432,1178.14,sea,audio,28529.42,0
SO-03668,2026-02-26,C-MUM-027,Shenzhen DC,Shenzhen,CN,Mumbai,IN,795,1678.22,sea,storage,12779.15,0
SO-03734,2026-02-26,C-MUM-022,Shenzhen DC,Shenzhen,CN,Mumbai,IN,387,1289.22,sea,cases,23627.43,1
SO-03772,2026-02-26,C-SYD-014,Rotterdam DC,Rotterdam,NL,Sydney,AU,221,602.33,air,cables,11941.34,0
SO-04039,2026-02-26,C-AUC-024,Rotterdam DC,Rotterdam,NL,Auckland,NZ,242,896.88,air,wearables,20261.5,0
SO-04292,2026-02-26,C-NEW-026,Memphis DC,Memphis,US,New York City,US,590,1808.07,road,chargers,26806.46,0
SO-04313,2026-02-26,C-NEW-020,Memphis DC,Memphis,US,New York City,US,500,1720.44,road,wearables,18027.46,0
SO-04374,2026-02-26,C-NEW-019,Memphis DC,Memphis,US,New York City,US,349,964.84,road,cables,23201.63,0
SO-04764,2026-02-26,C-CHI-033,Memphis DC,Memphis,US,Chicago,US,290,1132.09,road,cables,35751.06,1
SO-04815,2026-02-26,C-CHI-004,Memphis DC,Memphis,US,Chicago,US,51,168.6,road,chargers,16725.72,0
SO-04961,2026-02-26,C-LOS-035,Memphis DC,Memphis,US,Los Angeles,US,361,1087.01,road,cables,44150.31,0
SO-04999,2026-02-26,C-LOS-026,Memphis DC,Memphis,US,Los Angeles,US,83,285.74,road,wearables,40940.75,0
SO-05621,2026-02-26,C-MEX-036,Memphis DC,Memphis,US,Mexico City,MX,151,534.22,road,audio,23296.2,0
SO-05879,2026-02-26,C-SAO-021,Memphis DC,Memphis,US,Sao Paulo,BR,1461,2077.15,sea,chargers,28457.68,0
SO-07016,2026-02-26,C-LAG-003,Dubai DC,Dubai,AE,Lagos,NG,396,676.22,air,cases,7072.31,0
SO-00777,2026-02-27,C-PAR-026,Rotterdam DC,Rotterdam,NL,Paris,FR,201,675.46,road,wearables,23765.16,0
SO-00844,2026-02-27,C-PAR-006,Rotterdam DC,Rotterdam,NL,Paris,FR,771,1539.0,road,cases,14079.36,0
SO-01209,2026-02-27,C-MAD-018,Rotterdam DC,Rotterdam,NL,Madrid,ES,211,832.91,road,chargers,26164.7,0
SO-01359,2026-02-27,C-MAD-012,Rotterdam DC,Rotterdam,NL,Madrid,ES,574,2149.34,road,wearables,32308.79,1
SO-01571,2026-02-27,C-MIL-026,Rotterdam DC,Rotterdam,NL,Milan,IT,542,1428.57,road,audio,17307.8,0
SO-02327,2026-02-27,C-TOK-031,Shenzhen DC,Shenzhen,CN,Tokyo,JP,482,713.37,sea,cables,39183.75,0
SO-02687,2026-02-27,C-SIN-007,Shenzhen DC,Shenzhen,CN,Singapore,SG,358,865.04,sea,wearables,39920.35,0
SO-02716,2026-02-27,C-SIN-010,Shenzhen DC,Shenzhen,CN,Singapore,SG,507,958.88,sea,cases,27960.64,0
SO-03574,2026-02-27,C-MUM-013,Shenzhen DC,Shenzhen,CN,Mumbai,IN,407,1185.9,sea,cables,20599.74,0
SO-03959,2026-02-27,C-AUC-003,Rotterdam DC,Rotterdam,NL,Auckland,NZ,473,994.52,air,storage,53470.77,0
SO-03992,2026-02-27,C-AUC-026,Rotterdam DC,Rotterdam,NL,Auckland,NZ,199,673.05,air,audio,28095.83,0
SO-04345,2026-02-27,C-NEW-026,Memphis DC,Memphis,US,New York City,US,259,892.88,road,cases,31525.8,0
SO-04406,2026-02-27,C-NEW-012,Memphis DC,Memphis,US,New York City,US,235,918.22,road,wearables,11358.14,0
SO-05464,2026-02-27,C-TOR-014,Memphis DC,Memphis,US,Toronto,CA,149,253.86,road,storage,44939.73,0
SO-06243,2026-02-27,C-BUE-025,Memphis DC,Memphis,US,Buenos Aires,AR,429,1495.49,sea,audio,19308.83,0
SO-06657,2026-02-27,C-CAI-009,Dubai DC,Dubai,AE,Cairo,EG,1101,1750.1,sea,audio,36062.04,0
SO-06669,2026-02-27,C-CAI-027,Dubai DC,Dubai,AE,Cairo,EG,726,1796.69,sea,chargers,16567.3,0
SO-06928,2026-02-27,C-NAI-032,Dubai DC,Dubai,AE,Nairobi,KE,217,709.08,air,cables,19442.54,0
SO-07001,2026-02-27,C-LAG-037,Dubai DC,Dubai,AE,Lagos,NG,324,871.69,air,cases,26385.52,0
SO-07081,2026-02-27,C-JOH-005,Dubai DC,Dubai,AE,Johannesburg,ZA,510,1782.15,sea,cases,19250.44,0
SO-07135,2026-02-27,C-JOH-002,Dubai DC,Dubai,AE,Johannesburg,ZA,685,1735.98,sea,storage,20617.19,0
SO-00247,2026-02-28,C-LON-011,Rotterdam DC,Rotterdam,NL,London,GB,526,1596.23,road,wearables,23376.86,0
SO-00265,2026-02-28,C-LON-010,Rotterdam DC,Rotterdam,NL,London,GB,307,947.17,road,cables,24349.75,0
SO-00677,2026-02-28,C-BER-015,Rotterdam DC,Rotterdam,NL,Berlin,DE,220,868.82,road,cases,40712.74,0
SO-00797,2026-02-28,C-PAR-007,Rotterdam DC,Rotterdam,NL,Paris,FR,625,1325.21,road,chargers,32750.46,0
SO-01147,2026-02-28,C-MAD-038,Rotterdam DC,Rotterdam,NL,Madrid,ES,1281,2123.9,road,cables,39404.62,0
SO-02636,2026-02-28,C-SEO-004,Shenzhen DC,Shenzhen,CN,Seoul,KR,746,1292.09,sea,audio,35972.44,0
SO-02676,2026-02-28,C-SIN-021,Shenzhen DC,Shenzhen,CN,Singapore,SG,410,1256.08,sea,cases,31204.36,1
SO-02756,2026-02-28,C-SIN-014,Shenzhen DC,Shenzhen,CN,Singapore,SG,563,957.64,sea,wearables,11765.35,0
SO-03041,2026-02-28,C-BAN-039,Shenzhen DC,Shenzhen,CN,Bangkok,TH,250,749.42,sea,wearables,35733.01,0
SO-03154,2026-02-28,C-BAN-018,Shenzhen DC,Shenzhen,CN,Bangkok,TH,192,418.78,sea,chargers,16521.19,0
SO-03470,2026-02-28,C-MAN-023,Shenzhen DC,Shenzhen,CN,Manila,PH,495,981.74,sea,cases,24611.92,0
SO-03741,2026-02-28,C-SYD-014,Rotterdam DC,Rotterdam,NL,Sydney,AU,328,672.07,air,storage,48683.54,0
SO-03809,2026-02-28,C-SYD-022,Rotterdam DC,Rotterdam,NL,Sydney,AU,529,1260.58,air,storage,41221.89,0
SO-04071,2026-02-28,C-NEW-033,Memphis DC,Memphis,US,New York City,US,292,868.9,road,audio,22320.89,1
SO-04482,2026-02-28,C-NEW-001,Memphis DC,Memphis,US,New York City,US,730,1706.39,road,cases,33468.91,0
SO-04561,2026-02-28,C-CHI-034,Memphis DC,Memphis,US,Chicago,US,198,552.98,road,audio,16961.06,0
SO-05343,2026-02-28,C-TOR-039,Memphis DC,Memphis,US,Toronto,CA,662,1027.68,road,cables,37683.67,0
SO-05507,2026-02-28,C-TOR-004,Memphis DC,Memphis,US,Toronto,CA,467,1334.64,road,chargers,31430.89,0
SO-05510,2026-02-28,C-TOR-024,Memphis DC,Memphis,US,Toronto,CA,693,1317.92,road,cables,21959.8,0
SO-05554,2026-02-28,C-MEX-021,Memphis DC,Memphis,US,Mexico City,MX,482,1233.56,road,wearables,15168.25,0
SO-05690,2026-02-28,C-MEX-009,Memphis DC,Memphis,US,Mexico City,MX,623,1326.86,road,cables,19916.94,1
SO-06268,2026-02-28,C-BUE-011,Memphis DC,Memphis,US,Buenos Aires,AR,416,1547.76,sea,chargers,18842.89,0
SO-06645,2026-02-28,C-CAI-021,Dubai DC,Dubai,AE,Cairo,EG,626,1551.99,sea,storage,32690.86,0
SO-06930,2026-02-28,C-NAI-035,Dubai DC,Dubai,AE,Nairobi,KE,466,936.85,air,chargers,13559.86,0
SO-06939,2026-02-28,C-LAG-013,Dubai DC,Dubai,AE,Lagos,NG,183,616.26,air,cases,25994.8,1
SO-07000,2026-02-28,C-LAG-014,Dubai DC,Dubai,AE,Lagos,NG,177,558.33,air,storage,16378.49,0
SO-00130,2026-03-01,C-LON-026,Rotterdam DC,Rotterdam,NL,London,GB,241,729.38,road,storage,20174.34,0
SO-00395,2026-03-01,C-LON-005,Rotterdam DC,Rotterdam,NL,London,GB,742,1293.24,road,wearables,15940.57,0
SO-00563,2026-03-01,C-BER-005,Rotterdam DC,Rotterdam,NL,Berlin,DE,632,1328.14,road,audio,24110.48,0
SO-01349,2026-03-01,C-MAD-001,Rotterdam DC,Rotterdam,NL,Madrid,ES,992,2526.83,road,cases,33020.97,0
SO-01561,2026-03-01,C-MIL-002,Rotterdam DC,Rotterdam,NL,Milan,IT,238,812.96,road,chargers,28250.97,0
SO-02043,2026-03-01,C-DUB-011,Rotterdam DC,Rotterdam,NL,Dublin,IE,361,930.49,air,wearables,4451.95,0
SO-02147,2026-03-01,C-TOK-024,Shenzhen DC,Shenzhen,CN,Tokyo,JP,389,957.83,sea,chargers,29304.83,0
SO-02555,2026-03-01,C-SEO-009,Shenzhen DC,Shenzhen,CN,Seoul,KR,54,180.42,sea,storage,37645.75,0
SO-02628,2026-03-01,C-SEO-022,Shenzhen DC,Shenzhen,CN,Seoul,KR,423,1423.02,sea,wearables,34368.45,0
SO-03396,2026-03-01,C-MAN-010,Shenzhen DC,Shenzhen,CN,Manila,PH,305,855.26,sea,storage,12520.94,0
SO-03448,2026-03-01,C-MAN-018,Shenzhen DC,Shenzhen,CN,Manila,PH,319,1203.7,sea,audio,31791.5,0
SO-03632,2026-03-01,C-MUM-017,Shenzhen DC,Shenzhen,CN,Mumbai,IN,389,1148.99,sea,audio,28550.9,0
SO-03816,2026-03-01,C-SYD-028,Rotterdam DC,Rotterdam,NL,Sydney,AU,458,779.24,air,cables,57315.49,0
SO-04000,2026-03-01,C-AUC-035,Rotterdam DC,Rotterdam,NL,Auckland,NZ,528,847.71,air,storage,37162.32,0
SO-04283,2026-03-01,C-NEW-028,Memphis DC,Memphis,US,New York City,US,299,1162.0,road,chargers,19467.87,0
SO-04636,2026-03-01,C-CHI-035,Memphis DC,Memphis,US,Chicago,US,428,1410.43,road,storage,31148.24,0
SO-04947,2026-03-01,C-LOS-033,Memphis DC,Memphis,US,Los Angeles,US,389,1399.95,road,chargers,29788.9,0
SO-05026,2026-03-01,C-LOS-013,Memphis DC,Memphis,US,Los Angeles,US,289,960.58,road,storage,15082.83,0
SO-05070,2026-03-01,C-LOS-027,Memphis DC,Memphis,US,Los Angeles,US,293,1061.03,road,audio,32842.52,0
SO-05928,2026-03-01,C-SAO-019,Memphis DC,Memphis,US,Sao Paulo,BR,856,2156.44,sea,audio,29700.17,0
SO-06859,2026-03-01,C-NAI-012,Dubai DC,Dubai,AE,Nairobi,KE,175,547.58,air,wearables,17474.68,0
SO-07243,2026-03-01,C-KAR-012,Dubai DC,Dubai,AE,Karachi,PK,391,757.87,sea,wearables,18901.97,0
SO-00113,2026-03-02,C-LON-002,Rotterdam DC,Rotterdam,NL,London,GB,413,1542.87,road,cables,29524.09,0
SO-00498,2026-03-02,C-BER-030,Rotterdam DC,Rotterdam,NL,Berlin,DE,420,1042.5,road,wearables,15257.66,1
SO-00650,2026-03-02,C-BER-037,Rotterdam DC,Rotterdam,NL,Berlin,DE,345,976.63,road,chargers,30671.17,0
SO-00784,2026-03-02,C-PAR-033,Rotterdam DC,Rotterdam,NL,Paris,FR,522,1301.9,road,wearables,17729.38,0
SO-00934,2026-03-02,C-PAR-037,Rotterdam DC,Rotterdam,NL,Paris,FR,237,674.78,road,storage,26594.03,0
SO-00952,2026-03-02,C-PAR-033,Rotterdam DC,Rotterdam,NL,Paris,FR,615,1158.57,road,audio,26369.17,0
SO-01291,2026-03-02,C-MAD-033,Rotterdam DC,Rotterdam,NL,Madrid,ES,956,2502.02,road,cables,42945.17,0
SO-01413,2026-03-02,C-MIL-038,Rotterdam DC,Rotterdam,NL,Milan,IT,858,1382.01,road,storage,26374.72,0
SO-01710,2026-03-02,C-WAR-036,Rotterdam DC,Rotterdam,NL,Warsaw,PL,471,1357.28,road,cables,35247.32,0
SO-02187,2026-03-02,C-TOK-019,Shenzhen DC,Shenzhen,CN,Tokyo,JP,850,1425.61,sea,cables,20732.24,0
SO-02660,2026-03-02,C-SIN-002,Shenzhen DC,Shenzhen,CN,Singapore,SG,185,415.38,sea,cables,33857.53,0
SO-02884,2026-03-02,C-SIN-013,Shenzhen DC,Shenzhen,CN,Singapore,SG,829,1267.07,sea,cables,15030.25,0
SO-03047,2026-03-02,C-BAN-026,Shenzhen DC,Shenzhen,CN,Bangkok,TH,444,972.86,sea,cases,13487.79,0
SO-03110,2026-03-02,C-BAN-032,Shenzhen DC,Shenzhen,CN,Bangkok,TH,401,998.19,sea,cables,38958.3,0
SO-04231,2026-03-02,C-NEW-019,Memphis DC,Memphis,US,New York City,US,434,1067.48,road,cables,29426.98,0
SO-04368,2026-03-02,C-NEW-027,Memphis DC,Memphis,US,New York City,US,661,926.25,road,wearables,36079.51,0
SO-04454,2026-03-02,C-NEW-026,Memphis DC,Memphis,US,New York City,US,230,775.54,road,storage,18097.61,0
SO-05433,2026-03-02,C-TOR-008,Memphis DC,Memphis,US,Toronto,CA,286,910.12,road,storage,29560.06,0
SO-05739,2026-03-02,C-MEX-023,Memphis DC,Memphis,US,Mexico City,MX,1182,1738.44,road,cases,35300.84,0
SO-05991,2026-03-02,C-BOG-024,Memphis DC,Memphis,US,Bogota,CO,277,950.47,air,chargers,15578.77,0
SO-06280,2026-03-02,C-BUE-038,Memphis DC,Memphis,US,Buenos Aires,AR,374,1277.07,sea,storage,24992.16,0
SO-06736,2026-03-02,C-CAI-010,Dubai DC,Dubai,AE,Cairo,EG,971,2418.43,sea,chargers,20534.61,0
SO-07054,2026-03-02,C-LAG-019,Dubai DC,Dubai,AE,Lagos,NG,361,954.24,air,cables,24092.78,0
SO-07284,2026-03-02,C-KAR-007,Dubai DC,Dubai,AE,Karachi,PK,361,1270.82,sea,cases,19915.61,0
SO-00031,2026-03-03,C-LON-004,Rotterdam DC,Rotterdam,NL,London,GB,289,943.49,road,storage,31671.53,1
SO-00037,2026-03-03,C-LON-006,Rotterdam DC,Rotterdam,NL,London,GB,276,557.6,road,chargers,25072.55,0
SO-00138,2026-03-03,C-LON-038,Rotterdam DC,Rotterdam,NL,London,GB,122,479.98,road,chargers,30907.25,0
SO-00284,2026-03-03,C-LON-024,Rotterdam DC,Rotterdam,NL,London,GB,282,917.22,road,wearables,15047.06,0
SO-00306,2026-03-03,C-LON-034,Rotterdam DC,Rotterdam,NL,London,GB,261,1013.48,road,cases,35320.36,0
SO-00702,2026-03-03,C-BER-032,Rotterdam DC,Rotterdam,NL,Berlin,DE,342,1068.15,road,cables,28846.93,0
SO-00759,2026-03-03,C-PAR-027,Rotterdam DC,Rotterdam,NL,Paris,FR,448,630.54,road,cables,25106.4,0
SO-01269,2026-03-03,C-MAD-036,Rotterdam DC,Rotterdam,NL,Madrid,ES,842,2199.24,road,chargers,32813.39,0
SO-01429,2026-03-03,C-MIL-016,Rotterdam DC,Rotterdam,NL,Milan,IT,672,1323.81,road,cables,18059.34,1
SO-01445,2026-03-03,C-MIL-036,Rotterdam DC,Rotterdam,NL,Milan,IT,331,1242.9,road,cables,14813.94,0
SO-01791,2026-03-03,C-STO-007,Rotterdam DC,Rotterdam,NL,Stockholm,SE,400,1368.43,road,chargers,20305.8,0
SO-02126,2026-03-03,C-TOK-003,Shenzhen DC,Shenzhen,CN,Tokyo,JP,717,1860.62,sea,wearables,39612.75,0
SO-02556,2026-03-03,C-SEO-037,Shenzhen DC,Shenzhen,CN,Seoul,KR,678,1299.73,sea,audio,22349.71,0
SO-03694,2026-03-03,C-MUM-026,Shenzhen DC,Shenzhen,CN,Mumbai,IN,310,632.74,sea,cases,15054.58,0
SO-03825,2026-03-03,C-SYD-039,Rotterdam DC,Rotterdam,NL,Sydney,AU,348,1052.23,air,cables,33395.49,0
SO-04094,2026-03-03,C-NEW-027,Memphis DC,Memphis,US,New York City,US,301,1120.76,road,cables,22460.47,0
SO-04202,2026-03-03,C-NEW-013,Memphis DC,Memphis,US,New York City,US,272,1026.02,road,cases,40926.89,1
SO-04778,2026-03-03,C-CHI-002,Memphis DC,Memphis,US,Chicago,US,536,1386.04,road,cases,24135.17,0
SO-04801,2026-03-03,C-CHI-021,Memphis DC,Memphis,US,Chicago,US,573,1864.61,road,chargers,29551.53,0
SO-05157,2026-03-03,C-LOS-002,Memphis DC,Memphis,US,Los Angeles,US,514,1313.92,road,cases,19420.89,0
SO-05960,2026-03-03,C-SAO-030,Memphis DC,Memphis,US,Sao Paulo,BR,685,1723.6,sea,cables,15528.69,1
SO-06163,2026-03-03,C-SAN-022,Memphis DC,Memphis,US,Santiago,CL,312,645.93,sea,audio,19028.59,0
SO-06501,2026-03-03,C-RIY-034,Dubai DC,Dubai,AE,Riyadh,SA,457,817.48,road,wearables,28945.98,0
SO-06515,2026-03-03,C-RIY-010,Dubai DC,Dubai,AE,Riyadh,SA,378,613.57,road,wearables,46204.17,0
SO-06589,2026-03-03,C-RIY-005,Dubai DC,Dubai,AE,Riyadh,SA,959,1467.51,road,storage,20486.97,0
SO-07223,2026-03-03,C-JOH-005,Dubai DC,Dubai,AE,Johannesburg,ZA,352,1280.96,sea,storage,23521.48,0
SO-00220,2026-03-04,C-LON-021,Rotterdam DC,Rotterdam,NL,London,GB,452,1620.6,road,chargers,13264.42,0
SO-00417,2026-03-04,C-BER-037,Rotterdam DC,Rotterdam,NL,Berlin,DE,816,1372.76,road,wearables,28679.1,0
SO-01134,2026-03-04,C-MAD-036,Rotterdam DC,Rotterdam,NL,Madrid,ES,975,1590.94,road,audio,43198.39,0
SO-01139,2026-03-04,C-MAD-016,Rotterdam DC,Rotterdam,NL,Madrid,ES,358,1333.06,road,cases,39935.19,0
SO-01470,2026-03-04,C-MIL-027,Rotterdam DC,Rotterdam,NL,Milan,IT,459,1629.24,road,chargers,22639.6,0
SO-02151,2026-03-04,C-TOK-017,Shenzhen DC,Shenzhen,CN,Tokyo,JP,267,610.31,sea,audio,31936.71,0
SO-02474,2026-03-04,C-SEO-007,Shenzhen DC,Shenzhen,CN,Seoul,KR,242,562.67,sea,audio,32405.05,0
SO-03432,2026-03-04,C-MAN-018,Shenzhen DC,Shenzhen,CN,Manila,PH,558,1672.27,sea,chargers,29674.22,0
SO-03588,2026-03-04,C-MUM-037,Shenzhen DC,Shenzhen,CN,Mumbai,IN,690,1712.8,sea,chargers,22622.4,0
SO-03958,2026-03-04,C-AUC-027,Rotterdam DC,Rotterdam,NL,Auckland,NZ,234,559.99,air,audio,40390.41,0
SO-04708,2026-03-04,C-CHI-006,Memphis DC,Memphis,US,Chicago,US,728,2378.46,road,cables,18106.75,0
SO-04777,2026-03-04,C-CHI-031,Memphis DC,Memphis,US,Chicago,US,457,1314.58,road,chargers,16224.5,0
SO-05088,2026-03-04,C-LOS-027,Memphis DC,Memphis,US,Los Angeles,US,887,1419.33,road,chargers,21255.11,0
SO-05716,2026-03-04,C-MEX-001,Memphis DC,Memphis,US,Mexico City,MX,635,2014.31,road,chargers,21655.32,0
SO-05731,2026-03-04,C-MEX-014,Memphis DC,Memphis,US,Mexico City,MX,290,877.32,road,storage,26484.27,0
SO-05884,2026-03-04,C-SAO-028,Memphis DC,Memphis,US,Sao Paulo,BR,591,1787.74,sea,storage,32416.85,0
SO-06039,2026-03-04,C-BOG-026,Memphis DC,Memphis,US,Bogota,CO,92,276.22,air,cables,10908.64,0
SO-06190,2026-03-04,C-SAN-009,Memphis DC,Memphis,US,Santiago,CL,760,1342.77,sea,chargers,31730.13,0
SO-07235,2026-03-04,C-KAR-038,Dubai DC,Dubai,AE,Karachi,PK,678,1710.55,sea,chargers,21363.22,0
SO-07367,2026-03-04,C-KAR-009,Dubai DC,Dubai,AE,Karachi,PK,286,530.52,sea,chargers,20874.15,0
SO-00073,2026-03-05,C-LON-001,Rotterdam DC,Rotterdam,NL,London,GB,4,7.52,road,wearables,33442.59,0
SO-00236,2026-03-05,C-LON-002,Rotterdam DC,Rotterdam,NL,London,GB,387,1168.41,road,chargers,22011.15,0
SO-00723,2026-03-05,C-BER-023,Rotterdam DC,Rotterdam,NL,Berlin,DE,601,1402.29,road,audio,24860.2,0
SO-00862,2026-03-05,C-PAR-024,Rotterdam DC,Rotterdam,NL,Paris,FR,314,823.16,road,storage,20163.87,0
SO-01217,2026-03-05,C-MAD-008,Rotterdam DC,Rotterdam,NL,Madrid,ES,462,1355.34,road,storage,30390.3,0
SO-01347,2026-03-05,C-MAD-031,Rotterdam DC,Rotterdam,NL,Madrid,ES,273,1078.17,road,chargers,20284.76,0
SO-02025,2026-03-05,C-DUB-030,Rotterdam DC,Rotterdam,NL,Dublin,IE,185,450.51,air,storage,8237.25,0
SO-03127,2026-03-05,C-BAN-011,Shenzhen DC,Shenzhen,CN,Bangkok,TH,266,954.24,sea,audio,17360.81,0
SO-03592,2026-03-05,C-MUM-020,Shenzhen DC,Shenzhen,CN,Mumbai,IN,440,1279.58,sea,storage,25612.18,0
SO-03836,2026-03-05,C-SYD-021,Rotterdam DC,Rotterdam,NL,Sydney,AU,275,832.82,air,cases,41058.16,0
SO-03878,2026-03-05,C-SYD-037,Rotterdam DC,Rotterdam,NL,Sydney,AU,495,1106.76,air,cases,37854.72,0
SO-04412,2026-03-05,C-NEW-023,Memphis DC,Memphis,US,New York City,US,399,1297.88,road,wearables,25513.47,0
SO-04640,2026-03-05,C-CHI-002,Memphis DC,Memphis,US,Chicago,US,269,728.11,road,storage,11222.32,0
SO-05771,2026-03-05,C-SAO-019,Memphis DC,Memphis,US,Sao Paulo,BR,193,769.76,sea,cables,30146.88,0
SO-06554,2026-03-05,C-RIY-037,Dubai DC,Dubai,AE,Riyadh,SA,289,961.96,road,chargers,37145.29,0
SO-07154,2026-03-05,C-JOH-034,Dubai DC,Dubai,AE,Johannesburg,ZA,565,1276.35,sea,cables,35482.02,0
SO-07340,2026-03-05,C-KAR-020,Dubai DC,Dubai,AE,Karachi,PK,643,1394.61,sea,audio,18664.64,0
SO-01080,2026-03-06,C-PAR-011,Rotterdam DC,Rotterdam,NL,Paris,FR,297,743.09,road,audio,25680.84,0
SO-01581,2026-03-06,C-MIL-031,Rotterdam DC,Rotterdam,NL,Milan,IT,307,689.34,road,cases,17313.9,0
SO-01983,2026-03-06,C-DUB-030,Rotterdam DC,Rotterdam,NL,Dublin,IE,66,256.2,air,chargers,19436.96,0
SO-02074,2026-03-06,C-TOK-012,Shenzhen DC,Shenzhen,CN,Tokyo,JP,508,1199.06,sea,audio,31025.52,0
SO-02331,2026-03-06,C-TOK-034,Shenzhen DC,Shenzhen,CN,Tokyo,JP,533,1238.22,sea,chargers,31331.42,0
SO-02760,2026-03-06,C-SIN-026,Shenzhen DC,Shenzhen,CN,Singapore,SG,304,596.13,sea,storage,37080.38,0
SO-02819,2026-03-06,C-SIN-005,Shenzhen DC,Shenzhen,CN,Singapore,SG,708,1848.2,sea,cables,44765.55,0
SO-03184,2026-03-06,C-JAK-011,Shenzhen DC,Shenzhen,CN,Jakarta,ID,459,1330.0,sea,audio,23649.72,0
SO-03417,2026-03-06,C-MAN-034,Shenzhen DC,Shenzhen,CN,Manila,PH,442,705.74,sea,cables,32986.97,1
SO-04009,2026-03-06,C-AUC-002,Rotterdam DC,Rotterdam,NL,Auckland,NZ,266,711.09,air,wearables,19270.84,0
SO-04436,2026-03-06,C-NEW-013,Memphis DC,Memphis,US,New York City,US,675,1405.7,road,cables,22526.53,0
SO-04551,2026-03-06,C-CHI-023,Memphis DC,Memphis,US,Chicago,US,181,600.48,road,wearables,16768.93,0
SO-04857,2026-03-06,C-CHI-004,Memphis DC,Memphis,US,Chicago,US,1061,1653.09,road,storage,24034.6,0
SO-05243,2026-03-06,C-LOS-031,Memphis DC,Memphis,US,Los Angeles,US,256,696.53,road,chargers,25351.76,0
SO-05847,2026-03-06,C-SAO-031,Memphis DC,Memphis,US,Sao Paulo,BR,737,1126.48,sea,cables,29002.35,0
SO-06111,2026-03-06,C-SAN-029,Memphis DC,Memphis,US,Santiago,CL,480,1344.55,sea,cables,16073.66,0
SO-06656,2026-03-06,C-CAI-005,Dubai DC,Dubai,AE,Cairo,EG,388,1373.6,sea,audio,15555.37,0
SO-01037,2026-03-07,C-PAR-023,Rotterdam DC,Rotterdam,NL,Paris,FR,519,1176.31,road,cases,28178.33,0
SO-01127,2026-03-07,C-MAD-024,Rotterdam DC,Rotterdam,NL,Madrid,ES,880,1387.75,road,storage,22033.86,0
SO-01415,2026-03-07,C-MIL-013,Rotterdam DC,Rotterdam,NL,Milan,IT,294,909.87,road,audio,34812.24,0
SO-01572,2026-03-07,C-MIL-026,Rotterdam DC,Rotterdam,NL,Milan,IT,335,1140.56,road,storage,31491.2,0
SO-01692,2026-03-07,C-WAR-003,Rotterdam DC,Rotterdam,NL,Warsaw,PL,462,1313.65,road,cases,33561.13,0
SO-01697,2026-03-07,C-WAR-036,Rotterdam DC,Rotterdam,NL,Warsaw,PL,1040,2197.72,road,audio,26003.4,0
SO-02981,2026-03-07,C-BAN-003,Shenzhen DC,Shenzhen,CN,Bangkok,TH,541,812.51,sea,audio,32266.09,0
SO-03389,2026-03-07,C-MAN-018,Shenzhen DC,Shenzhen,CN,Manila,PH,340,1271.95,sea,cables,24222.36,0
SO-03815,2026-03-07,C-SYD-037,Rotterdam DC,Rotterdam,NL,Sydney,AU,279,586.93,air,audio,31664.29,0
SO-04217,2026-03-07,C-NEW-026,Memphis DC,Memphis,US,New York City,US,439,1390.72,road,cables,25230.34,0
SO-04592,2026-03-07,C-CHI-008,Memphis DC,Memphis,US,Chicago,US,461,1134.01,road,wearables,29704.45,0
SO-05137,2026-03-07,C-LOS-021,Memphis DC,Memphis,US,Los Angeles,US,473,1602.15,road,wearables,42943.91,0
SO-06336,2026-03-07,C-BUE-006,Memphis DC,Memphis,US,Buenos Aires,AR,844,1886.25,sea,cases,24597.3,0
SO-06349,2026-03-07,C-BUE-003,Memphis DC,Memphis,US,Buenos Aires,AR,679,1040.52,sea,storage,16887.29,0
SO-06715,2026-03-07,C-CAI-015,Dubai DC,Dubai,AE,Cairo,EG,552,1544.54,sea,chargers,25446.93,0
SO-06960,2026-03-07,C-LAG-032,Dubai DC,Dubai,AE,Lagos,NG,817,1359.4,air,cables,18832.59,1
SO-00372,2026-03-08,C-LON-007,Rotterdam DC,Rotterdam,NL,London,GB,936,1551.81,road,cables,25321.96,0
SO-00454,2026-03-08,C-BER-018,Rotterdam DC,Rotterdam,NL,Berlin,DE,510,1141.09,road,wearables,20452.92,0
SO-00909,2026-03-08,C-PAR-035,Rotterdam DC,Rotterdam,NL,Paris,FR,496,969.79,road,cables,20484.43,0
SO-01327,2026-03-08,C-MAD-010,Rotterdam DC,Rotterdam,NL,Madrid,ES,31,89.25,road,cables,27849.77,0
SO-01548,2026-03-08,C-MIL-001,Rotterdam DC,Rotterdam,NL,Milan,IT,363,1403.77,road,chargers,30190.62,0
SO-01885,2026-03-08,C-STO-027,Rotterdam DC,Rotterdam,NL,Stockholm,SE,466,1787.24,road,chargers,10818.0,0
SO-02106,2026-03-08,C-TOK-020,Shenzhen DC,Shenzhen,CN,Tokyo,JP,362,809.14,sea,audio,32874.21,0
SO-02583,2026-03-08,C-SEO-006,Shenzhen DC,Shenzhen,CN,Seoul,KR,218,572.66,sea,wearables,22065.33,0
SO-02797,2026-03-08,C-SIN-017,Shenzhen DC,Shenzhen,CN,Singapore,SG,406,750.04,sea,storage,31418.81,0
SO-02897,2026-03-08,C-SIN-006,Shenzhen DC,Shenzhen,CN,Singapore,SG,480,1221.47,sea,cases,16715.45,0
SO-03070,2026-03-08,C-BAN-001,Shenzhen DC,Shenzhen,CN,Bangkok,TH,229,707.59,sea,chargers,31160.87,0
SO-03159,2026-03-08,C-JAK-029,Shenzhen DC,Shenzhen,CN,Jakarta,ID,577,1773.68,sea,cables,24703.25,0
SO-03328,2026-03-08,C-JAK-009,Shenzhen DC,Shenzhen,CN,Jakarta,ID,405,772.78,sea,wearables,17206.17,0
SO-03401,2026-03-08,C-MAN-019,Shenzhen DC,Shenzhen,CN,Manila,PH,186,465.71,sea,storage,23967.91,0
SO-04030,2026-03-08,C-AUC-038,Rotterdam DC,Rotterdam,NL,Auckland,NZ,759,1081.93,air,wearables,28769.02,0
SO-04890,2026-03-08,C-CHI-016,Memphis DC,Memphis,US,Chicago,US,184,689.98,road,cables,34260.48,0
SO-05381,2026-03-08,C-TOR-039,Memphis DC,Memphis,US,Toronto,CA,1092,1668.93,road,wearables,39708.18,0
SO-05937,2026-03-08,C-SAO-014,Memphis DC,Memphis,US,Sao Paulo,BR,1349,1928.89,sea,cables,28399.23,0
SO-00172,2026-03-09,C-LON-007,Rotterdam DC,Rotterdam,NL,London,GB,346,955.97,road,cables,32821.94,0
SO-00197,2026-03-09,C-LON-007,Rotterdam DC,Rotterdam,NL,London,GB,719,1186.21,road,cables,29147.34,0
SO-00481,2026-03-09,C-BER-026,Rotterdam DC,Rotterdam,NL,Berlin,DE,314,1053.78,road,chargers,32748.18,0
SO-00574,2026-03-09,C-BER-002,Rotterdam DC,Rotterdam,NL,Berlin,DE,641,1722.55,road,cables,22336.5,0
SO-02752,2026-03-09,C-SIN-005,Shenzhen DC,Shenzhen,CN,Singapore,SG,861,1447.9,sea,cables,20760.33,0
SO-02988,2026-03-09,C-BAN-010,Shenzhen DC,Shenzhen,CN,Bangkok,TH,508,1354.55,sea,cables,24945.92,0
SO-03028,2026-03-09,C-BAN-013,Shenzhen DC,Shenzhen,CN,Bangkok,TH,993,1600.42,sea,storage,27555.41,1
SO-03121,2026-03-09,C-BAN-035,Shenzhen DC,Shenzhen,CN,Bangkok,TH,561,1189.86,sea,cables,18845.37,0
SO-03634,2026-03-09,C-MUM-023,Shenzhen DC,Shenzhen,CN,Mumbai,IN,596,1596.54,sea,cases,28395.28,1
SO-03806,2026-03-09,C-SYD-008,Rotterdam DC,Rotterdam,NL,Sydney,AU,287,1111.1,air,storage,12278.95,0
SO-04385,2026-03-09,C-NEW-008,Memphis DC,Memphis,US,New York City,US,323,924.23,road,chargers,34835.27,0
SO-04933,2026-03-09,C-LOS-027,Memphis DC,Memphis,US,Los Angeles,US,344,1155.39,road,storage,42171.4,0
SO-05126,2026-03-09,C-LOS-038,Memphis DC,Memphis,US,Los Angeles,US,441,1307.47,road,audio,30656.66,0
SO-05187,2026-03-09,C-LOS-014,Memphis DC,Memphis,US,Los Angeles,US,545,817.93,road,cables,28515.36,0
SO-05251,2026-03-09,C-LOS-035,Memphis DC,Memphis,US,Los Angeles,US,261,508.06,road,cables,43463.21,0
SO-05529,2026-03-09,C-TOR-017,Memphis DC,Memphis,US,Toronto,CA,362,1190.84,road,storage,29023.35,0
SO-05798,2026-03-09,C-SAO-031,Memphis DC,Memphis,US,Sao Paulo,BR,460,1382.86,sea,audio,21105.88,0
SO-06571,2026-03-09,C-RIY-001,Dubai DC,Dubai,AE,Riyadh,SA,682,1701.14,road,audio,31781.73,0
SO-06668,2026-03-09,C-CAI-007,Dubai DC,Dubai,AE,Cairo,EG,293,892.92,sea,wearables,19147.15,0
SO-00042,2026-03-10,C-LON-022,Rotterdam DC,Rotterdam,NL,London,GB,391,1064.73,road,chargers,6545.19,0
SO-00049,2026-03-10,C-LON-003,Rotterdam DC,Rotterdam,NL,London,GB,761,1232.4,road,storage,21758.55,0
SO-01268,2026-03-10,C-MAD-010,Rotterdam DC,Rotterdam,NL,Madrid,ES,389,1174.8,road,cases,17385.13,1
SO-01339,2026-03-10,C-MAD-029,Rotterdam DC,Rotterdam,NL,Madrid,ES,834,1870.69,road,cables,17792.49,0
SO-02018,2026-03-10,C-DUB-024,Rotterdam DC,Rotterdam,NL,Dublin,IE,189,732.3,air,chargers,17883.67,0
SO-03818,2026-03-10,C-SYD-034,Rotterdam DC,Rotterdam,NL,Sydney,AU,240,650.05,air,wearables,12326.37,0
SO-04022,2026-03-10,C-AUC-030,Rotterdam DC,Rotterdam,NL,Auckland,NZ,156,549.41,air,cables,31402.05,0
SO-04179,2026-03-10,C-NEW-020,Memphis DC,Memphis,US,New York City,US,477,1194.28,road,chargers,23477.27,0
SO-04280,2026-03-10,C-NEW-001,Memphis DC,Memphis,US,New York City,US,500,1224.28,road,wearables,43574.11,0
SO-04589,2026-03-10,C-CHI-024,Memphis DC,Memphis,US,Chicago,US,463,985.59,road,storage,32923.72,0
SO-05555,2026-03-10,C-MEX-019,Memphis DC,Memphis,US,Mexico City,MX,237,697.77,road,cables,25433.04,0
SO-05558,2026-03-10,C-MEX-003,Memphis DC,Memphis,US,Mexico City,MX,951,2766.75,road,audio,23913.55,0
SO-06068,2026-03-10,C-BOG-008,Memphis DC,Memphis,US,Bogota,CO,255,757.27,air,cases,24902.35,0
SO-06288,2026-03-10,C-BUE-006,Memphis DC,Memphis,US,Buenos Aires,AR,409,801.92,sea,chargers,14214.46,0
SO-06511,2026-03-10,C-RIY-032,Dubai DC,Dubai,AE,Riyadh,SA,1040,1776.97,road,audio,38539.27,0
SO-00070,2026-03-11,C-LON-024,Rotterdam DC,Rotterdam,NL,London,GB,626,1643.78,road,wearables,16757.39,0
SO-00075,2026-03-11,C-LON-008,Rotterdam DC,Rotterdam,NL,London,GB,992,1629.68,road,storage,15535.41,0
SO-00277,2026-03-11,C-LON-029,Rotterdam DC,Rotterdam,NL,London,GB,559,881.28,road,wearables,19286.9,0
SO-01669,2026-03-11,C-WAR-039,Rotterdam DC,Rotterdam,NL,Warsaw,PL,358,1289.59,road,cables,24365.93,0
SO-01763,2026-03-11,C-WAR-018,Rotterdam DC,Rotterdam,NL,Warsaw,PL,1101,2193.68,road,cases,20969.09,0
SO-02404,2026-03-11,C-SEO-029,Shenzhen DC,Shenzhen,CN,Seoul,KR,543,1151.74,sea,wearables,28323.8,0
SO-02567,2026-03-11,C-SEO-007,Shenzhen DC,Shenzhen,CN,Seoul,KR,273,1039.93,sea,chargers,25383.41,0
SO-02641,2026-03-11,C-SEO-031,Shenzhen DC,Shenzhen,CN,Seoul,KR,702,1293.2,sea,chargers,16057.85,0
SO-02938,2026-03-11,C-SIN-008,Shenzhen DC,Shenzhen,CN,Singapore,SG,178,570.19,sea,storage,16589.41,0
SO-02987,2026-03-11,C-BAN-029,Shenzhen DC,Shenzhen,CN,Bangkok,TH,379,1192.82,sea,wearables,26903.99,0
SO-03336,2026-03-11,C-MAN-018,Shenzhen DC,Shenzhen,CN,Manila,PH,545,1230.69,sea,cases,31285.29,0
SO-03521,2026-03-11,C-MUM-036,Shenzhen DC,Shenzhen,CN,Mumbai,IN,756,1664.14,sea,cases,18360.08,0
SO-03845,2026-03-11,C-SYD-033,Rotterdam DC,Rotterdam,NL,Sydney,AU,455,937.45,air,chargers,14350.12,0
SO-05118,2026-03-11,C-LOS-004,Memphis DC,Memphis,US,Los Angeles,US,206,494.35,road,chargers,25243.69,0
SO-05307,2026-03-11,C-TOR-036,Memphis DC,Memphis,US,Toronto,CA,156,386.57,road,cables,28443.02,0
SO-05566,2026-03-11,C-MEX-021,Memphis DC,Memphis,US,Mexico City,MX,563,928.32,road,cables,26363.57,0
SO-05608,2026-03-11,C-MEX-021,Memphis DC,Memphis,US,Mexico City,MX,362,1372.8,road,audio,27438.59,1
SO-05681,2026-03-11,C-MEX-023,Memphis DC,Memphis,US,Mexico City,MX,772,1250.59,road,cases,34698.42,0
SO-05789,2026-03-11,C-SAO-035,Memphis DC,Memphis,US,Sao Paulo,BR,553,1927.52,sea,wearables,28926.05,0
SO-05894,2026-03-11,C-SAO-038,Memphis DC,Memphis,US,Sao Paulo,BR,446,777.64,sea,storage,18944.75,0
SO-06791,2026-03-11,C-NAI-037,Dubai DC,Dubai,AE,Nairobi,KE,454,949.33,air,chargers,26386.63,0
SO-06816,2026-03-11,C-NAI-021,Dubai DC,Dubai,AE,Nairobi,KE,293,800.98,air,storage,18284.79,0
SO-07028,2026-03-11,C-LAG-034,Dubai DC,Dubai,AE,Lagos,NG,457,680.13,air,cases,24301.66,0
SO-00471,2026-03-12,C-BER-012,Rotterdam DC,Rotterdam,NL,Berlin,DE,272,816.95,road,cables,28190.35,0
SO-00642,2026-03-12,C-BER-023,Rotterdam DC,Rotterdam,NL,Berlin,DE,693,1465.59,road,audio,26082.53,0
SO-01002,2026-03-12,C-PAR-001,Rotterdam DC,Rotterdam,NL,Paris,FR,525,1152.47,road,wearables,28090.18,0
SO-01029,2026-03-12,C-PAR-006,Rotterdam DC,Rotterdam,NL,Paris,FR,595,1602.05,road,chargers,11878.41,0
SO-01096,2026-03-12,C-PAR-029,Rotterdam DC,Rotterdam,NL,Paris,FR,470,1431.73,road,storage,21005.07,1
SO-02964,2026-03-12,C-BAN-008,Shenzhen DC,Shenzhen,CN,Bangkok,TH,595,1351.11,sea,cables,31531.74,1
SO-02992,2026-03-12,C-BAN-035,Shenzhen DC,Shenzhen,CN,Bangkok,TH,320,1023.6,sea,storage,29335.77,0
SO-03319,2026-03-12,C-JAK-005,Shenzhen DC,Shenzhen,CN,Jakarta,ID,847,1559.74,sea,cables,34263.83,0
SO-03722,2026-03-12,C-MUM-023,Shenzhen DC,Shenzhen,CN,Mumbai,IN,961,1848.7,sea,audio,36416.22,0
SO-06144,2026-03-12,C-SAN-005,Memphis DC,Memphis,US,Santiago,CL,524,1085.04,sea,chargers,16509.03,0
SO-06281,2026-03-12,C-BUE-008,Memphis DC,Memphis,US,Buenos Aires,AR,314,817.75,sea,cables,33342.77,1
SO-06649,2026-03-12,C-CAI-035,Dubai DC,Dubai,AE,Cairo,EG,778,1640.72,sea,wearables,27876.07,0
SO-06703,2026-03-12,C-CAI-023,Dubai DC,Dubai,AE,Cairo,EG,1078,2071.03,sea,cables,15795.81,0
SO-07098,2026-03-12,C-JOH-027,Dubai DC,Dubai,AE,Johannesburg,ZA,568,1393.03,sea,cables,32292.89,0
SO-07139,2026-03-12,C-JOH-035,Dubai DC,Dubai,AE,Johannesburg,ZA,764,1079.26,sea,storage,36104.34,0
SO-00189,2026-03-13,C-LON-022,Rotterdam DC,Rotterdam,NL,London,GB,488,1393.46,road,cables,29139.2,0
SO-00264,2026-03-13,C-LON-029,Rotterdam DC,Rotterdam,NL,London,GB,855,1755.31,road,wearables,15098.94,0
SO-00692,2026-03-13,C-BER-026,Rotterdam DC,Rotterdam,NL,Berlin,DE,713,1279.39,road,wearables,33942.4,0
SO-00905,2026-03-13,C-PAR-013,Rotterdam DC,Rotterdam,NL,Paris,FR,582,1421.34,road,chargers,19317.92,1
SO-01320,2026-03-13,C-MAD-032,Rotterdam DC,Rotterdam,NL,Madrid,ES,679,2091.61,road,cases,39185.03,0
SO-01399,2026-03-13,C-MIL-026,Rotterdam DC,Rotterdam,NL,Milan,IT,288,952.54,road,cables,38333.36,0
SO-01559,2026-03-13,C-MIL-035,Rotterdam DC,Rotterdam,NL,Milan,IT,849,2066.84,road,chargers,28661.6,0
SO-01671,2026-03-13,C-WAR-027,Rotterdam DC,Rotterdam,NL,Warsaw,PL,515,1305.84,road,wearables,32292.55,0
SO-02229,2026-03-13,C-TOK-013,Shenzhen DC,Shenzhen,CN,Tokyo,JP,342,1027.23,sea,wearables,43006.84,0
SO-02358,2026-03-13,C-TOK-015,Shenzhen DC,Shenzhen,CN,Tokyo,JP,204,718.53,sea,audio,29002.71,0
SO-02873,2026-03-13,C-SIN-038,Shenzhen DC,Shenzhen,CN,Singapore,SG,333,760.3,sea,audio,30224.04,0
SO-03153,2026-03-13,C-BAN-019,Shenzhen DC,Shenzhen,CN,Bangkok,TH,448,1103.16,sea,cases,28093.56,0
SO-03234,2026-03-13,C-JAK-011,Shenzhen DC,Shenzhen,CN,Jakarta,ID,170,663.66,sea,cases,32213.63,0
SO-03489,2026-03-13,C-MAN-026,Shenzhen DC,Shenzhen,CN,Manila,PH,574,1542.9,sea,audio,21378.33,0
SO-03506,2026-03-13,C-MUM-018,Shenzhen DC,Shenzhen,CN,Mumbai,IN,525,1705.7,sea,cables,22672.42,0
SO-04211,2026-03-13,C-NEW-016,Memphis DC,Memphis,US,New York City,US,379,1161.2,road,cases,29330.03,0
SO-04709,2026-03-13,C-CHI-012,Memphis DC,Memphis,US,Chicago,US,360,1086.74,road,storage,25471.1,0
SO-04714,2026-03-13,C-CHI-034,Memphis DC,Memphis,US,Chicago,US,450,1750.88,road,storage,20806.92,0
SO-04985,2026-03-13,C-LOS-016,Memphis DC,Memphis,US,Los Angeles,US,345,1076.21,road,audio,46199.42,0
SO-05222,2026-03-13,C-LOS-033,Memphis DC,Memphis,US,Los Angeles,US,687,1283.73,road,chargers,30592.64,0
SO-05724,2026-03-13,C-MEX-005,Memphis DC,Memphis,US,Mexico City,MX,338,942.02,road,wearables,27382.63,0
SO-06957,2026-03-13,C-LAG-001,Dubai DC,Dubai,AE,Lagos,NG,382,838.57,air,cables,25370.92,0
SO-00538,2026-03-14,C-BER-021,Rotterdam DC,Rotterdam,NL,Berlin,DE,606,1227.37,road,storage,16910.42,0
SO-00614,2026-03-14,C-BER-004,Rotterdam DC,Rotterdam,NL,Berlin,DE,377,1428.32,road,cases,12440.6,0
SO-01069,2026-03-14,C-PAR-032,Rotterdam DC,Rotterdam,NL,Paris,FR,488,1572.2,road,cables,22747.69,0
SO-01249,2026-03-14,C-MAD-038,Rotterdam DC,Rotterdam,NL,Madrid,ES,346,1024.83,road,audio,36652.38,1
SO-01406,2026-03-14,C-MIL-036,Rotterdam DC,Rotterdam,NL,Milan,IT,274,957.7,road,cables,28446.13,0
SO-01472,2026-03-14,C-MIL-033,Rotterdam DC,Rotterdam,NL,Milan,IT,236,918.64,road,cables,30984.75,0
SO-01749,2026-03-14,C-WAR-028,Rotterdam DC,Rotterdam,NL,Warsaw,PL,543,904.49,road,storage,30699.5,0
SO-01771,2026-03-14,C-WAR-026,Rotterdam DC,Rotterdam,NL,Warsaw,PL,428,1460.74,road,audio,28350.26,0
SO-02507,2026-03-14,C-SEO-001,Shenzhen DC,Shenzhen,CN,Seoul,KR,239,617.22,sea,storage,26584.42,0
SO-02865,2026-03-14,C-SIN-030,Shenzhen DC,Shenzhen,CN,Singapore,SG,213,670.38,sea,storage,41061.17,0
SO-03471,2026-03-14,C-MAN-008,Shenzhen DC,Shenzhen,CN,Manila,PH,590,1592.67,sea,audio,15263.96,0
SO-04973,2026-03-14,C-LOS-021,Memphis DC,Memphis,US,Los Angeles,US,495,1521.1,road,wearables,47840.54,0
SO-05383,2026-03-14,C-TOR-024,Memphis DC,Memphis,US,Toronto,CA,326,1001.74,road,audio,33515.77,0
SO-05411,2026-03-14,C-TOR-016,Memphis DC,Memphis,US,Toronto,CA,672,1345.83,road,storage,32699.28,0
SO-06174,2026-03-14,C-SAN-011,Memphis DC,Memphis,US,Santiago,CL,556,1345.2,sea,wearables,15702.43,0
SO-06805,2026-03-14,C-NAI-012,Dubai DC,Dubai,AE,Nairobi,KE,120,292.44,air,chargers,18579.77,0
SO-07319,2026-03-14,C-KAR-038,Dubai DC,Dubai,AE,Karachi,PK,536,1862.45,sea,storage,24236.78,0
SO-00072,2026-03-15,C-LON-006,Rotterdam DC,Rotterdam,NL,London,GB,485,1300.62,road,audio,29955.51,0
SO-00289,2026-03-15,C-LON-032,Rotterdam DC,Rotterdam,NL,London,GB,340,717.93,road,cables,23544.47,0
SO-01179,2026-03-15,C-MAD-034,Rotterdam DC,Rotterdam,NL,Madrid,ES,874,1306.8,road,wearables,26788.63,0
SO-01461,2026-03-15,C-MIL-004,Rotterdam DC,Rotterdam,NL,Milan,IT,465,1372.82,road,cases,17382.25,0
SO-01688,2026-03-15,C-WAR-016,Rotterdam DC,Rotterdam,NL,Warsaw,PL,279,866.27,road,cables,30292.3,0
SO-02450,2026-03-15,C-SEO-012,Shenzhen DC,Shenzhen,CN,Seoul,KR,164,525.61,sea,audio,25123.65,0
SO-02765,2026-03-15,C-SIN-009,Shenzhen DC,Shenzhen,CN,Singapore,SG,369,703.2,sea,cables,22395.78,0
SO-03270,2026-03-15,C-JAK-022,Shenzhen DC,Shenzhen,CN,Jakarta,ID,599,1118.52,sea,wearables,28754.13,0
SO-04050,2026-03-15,C-NEW-012,Memphis DC,Memphis,US,New York City,US,356,1239.44,road,storage,39323.38,1
SO-04126,2026-03-15,C-NEW-036,Memphis DC,Memphis,US,New York City,US,686,1033.3,road,chargers,15786.6,0
SO-04274,2026-03-15,C-NEW-017,Memphis DC,Memphis,US,New York City,US,457,907.33,road,chargers,24930.76,0
SO-05260,2026-03-15,C-LOS-021,Memphis DC,Memphis,US,Los Angeles,US,263,1011.14,road,cases,27654.92,0
SO-05848,2026-03-15,C-SAO-039,Memphis DC,Memphis,US,Sao Paulo,BR,455,1197.99,sea,chargers,6482.13,0
SO-05875,2026-03-15,C-SAO-031,Memphis DC,Memphis,US,Sao Paulo,BR,552,1872.14,sea,cases,24088.63,0
SO-06680,2026-03-15,C-CAI-009,Dubai DC,Dubai,AE,Cairo,EG,707,1468.32,sea,audio,20850.98,0
SO-07019,2026-03-15,C-LAG-024,Dubai DC,Dubai,AE,Lagos,NG,264,885.72,air,cables,20219.58,0
SO-07226,2026-03-15,C-KAR-011,Dubai DC,Dubai,AE,Karachi,PK,363,1084.15,sea,cables,13188.87,0
SO-00486,2026-03-16,C-BER-016,Rotterdam DC,Rotterdam,NL,Berlin,DE,403,1439.31,road,cases,22263.37,0
SO-00628,2026-03-16,C-BER-034,Rotterdam DC,Rotterdam,NL,Berlin,DE,717,1489.73,road,cases,19758.36,0
SO-01638,2026-03-16,C-WAR-038,Rotterdam DC,Rotterdam,NL,Warsaw,PL,509,1570.03,road,chargers,25670.33,0
SO-02712,2026-03-16,C-SIN-013,Shenzhen DC,Shenzhen,CN,Singapore,SG,345,1081.81,sea,audio,39193.92,0
SO-02902,2026-03-16,C-SIN-020,Shenzhen DC,Shenzhen,CN,Singapore,SG,806,1423.28,sea,storage,24857.57,0
SO-02952,2026-03-16,C-BAN-004,Shenzhen DC,Shenzhen,CN,Bangkok,TH,634,1345.82,sea,wearables,31090.08,0
SO-04439,2026-03-16,C-NEW-010,Memphis DC,Memphis,US,New York City,US,496,948.88,road,chargers,25171.88,0
SO-04685,2026-03-16,C-CHI-012,Memphis DC,Memphis,US,Chicago,US,297,1076.03,road,audio,22048.86,0
SO-04935,2026-03-16,C-LOS-013,Memphis DC,Memphis,US,Los Angeles,US,393,882.65,road,audio,13407.14,0
SO-05052,2026-03-16,C-LOS-006,Memphis DC,Memphis,US,Los Angeles,US,718,1204.28,road,wearables,41241.9,0
SO-05303,2026-03-16,C-LOS-014,Memphis DC,Memphis,US,Los Angeles,US,287,763.67,road,cases,20759.19,0
SO-05350,2026-03-16,C-TOR-035,Memphis DC,Memphis,US,Toronto,CA,494,1197.61,road,audio,32227.92,0
SO-05377,2026-03-16,C-TOR-030,Memphis DC,Memphis,US,Toronto,CA,387,1088.28,road,audio,25822.1,0
SO-05809,2026-03-16,C-SAO-031,Memphis DC,Memphis,US,Sao Paulo,BR,790,1795.85,sea,audio,22921.62,0
SO-05835,2026-03-16,C-SAO-023,Memphis DC,Memphis,US,Sao Paulo,BR,619,1441.1,sea,storage,16004.31,0
SO-05892,2026-03-16,C-SAO-006,Memphis DC,Memphis,US,Sao Paulo,BR,271,389.83,sea,cases,12045.74,0
SO-06107,2026-03-16,C-SAN-022,Memphis DC,Memphis,US,Santiago,CL,601,2218.42,sea,storage,33118.7,0
SO-06355,2026-03-16,C-BUE-020,Memphis DC,Memphis,US,Buenos Aires,AR,700,1770.21,sea,cases,31411.38,0
SO-00342,2026-03-17,C-LON-015,Rotterdam DC,Rotterdam,NL,London,GB,509,1170.51,road,cases,31941.51,0
SO-00345,2026-03-17,C-LON-027,Rotterdam DC,Rotterdam,NL,London,GB,378,1233.37,road,audio,13827.92,0
SO-01087,2026-03-17,C-PAR-039,Rotterdam DC,Rotterdam,NL,Paris,FR,907,1535.8,road,audio,28734.52,0
SO-01146,2026-03-17,C-MAD-033,Rotterdam DC,Rotterdam,NL,Madrid,ES,668,2102.16,road,chargers,15587.75,0
SO-01847,2026-03-17,C-STO-024,Rotterdam DC,Rotterdam,NL,Stockholm,SE,428,962.21,road,cases,21385.21,0
SO-01902,2026-03-17,C-STO-013,Rotterdam DC,Rotterdam,NL,Stockholm,SE,305,919.6,road,cases,38406.41,0
SO-01903,2026-03-17,C-STO-023,Rotterdam DC,Rotterdam,NL,Stockholm,SE,507,1182.61,road,cases,23174.8,0
SO-02538,2026-03-17,C-SEO-022,Shenzhen DC,Shenzhen,CN,Seoul,KR,243,834.98,sea,wearables,32564.2,0
SO-02650,2026-03-17,C-SEO-019,Shenzhen DC,Shenzhen,CN,Seoul,KR,147,502.03,sea,chargers,11425.57,0
SO-02915,2026-03-17,C-SIN-038,Shenzhen DC,Shenzhen,CN,Singapore,SG,230,905.16,sea,storage,31403.89,0
SO-02924,2026-03-17,C-SIN-006,Shenzhen DC,Shenzhen,CN,Singapore,SG,458,1062.51,sea,audio,32551.09,0
SO-03088,2026-03-17,C-BAN-039,Shenzhen DC,Shenzhen,CN,Bangkok,TH,338,1067.19,sea,cases,27863.72,0
SO-03341,2026-03-17,C-MAN-022,Shenzhen DC,Shenzhen,CN,Manila,PH,197,744.31,sea,chargers,29601.31,0
SO-03519,2026-03-17,C-MUM-023,Shenzhen DC,Shenzhen,CN,Mumbai,IN,1177,2144.97,sea,cases,24688.09,0
SO-03608,2026-03-17,C-MUM-035,Shenzhen DC,Shenzhen,CN,Mumbai,IN,625,1811.74,sea,cables,17231.68,0
SO-03730,2026-03-17,C-MUM-037,Shenzhen DC,Shenzhen,CN,Mumbai,IN,489,1404.41,sea,cases,22233.09,0
SO-04904,2026-03-17,C-CHI-001,Memphis DC,Memphis,US,Chicago,US,204,379.33,road,storage,13452.7,0
SO-06230,2026-03-17,C-BUE-018,Memphis DC,Memphis,US,Buenos Aires,AR,178,598.85,sea,chargers,23848.45,1
SO-06247,2026-03-17,C-BUE-021,Memphis DC,Memphis,US,Buenos Aires,AR,286,923.15,sea,cables,15323.11,0
SO-06251,2026-03-17,C-BUE-026,Memphis DC,Memphis,US,Buenos Aires,AR,333,1207.25,sea,audio,23016.68,1
SO-06500,2026-03-17,C-RIY-036,Dubai DC,Dubai,AE,Riyadh,SA,154,369.42,road,chargers,28504.34,0
SO-06531,2026-03-17,C-RIY-029,Dubai DC,Dubai,AE,Riyadh,SA,634,1580.7,road,storage,24232.64,0
SO-06755,2026-03-17,C-CAI-035,Dubai DC,Dubai,AE,Cairo,EG,579,1949.17,sea,audio,11170.03,0
SO-06853,2026-03-17,C-NAI-002,Dubai DC,Dubai,AE,Nairobi,KE,148,346.78,air,audio,25246.71,0
SO-06857,2026-03-17,C-NAI-019,Dubai DC,Dubai,AE,Nairobi,KE,252,546.53,air,chargers,14301.22,0
SO-00035,2026-03-18,C-LON-030,Rotterdam DC,Rotterdam,NL,London,GB,472,951.52,road,cases,19595.15,0
SO-00817,2026-03-18,C-PAR-007,Rotterdam DC,Rotterdam,NL,Paris,FR,346,1184.55,road,chargers,19742.91,0
SO-01137,2026-03-18,C-MAD-029,Rotterdam DC,Rotterdam,NL,Madrid,ES,321,923.85,road,cases,30316.57,0
SO-01501,2026-03-18,C-MIL-008,Rotterdam DC,Rotterdam,NL,Milan,IT,308,731.42,road,cables,18295.07,0
SO-01705,2026-03-18,C-WAR-027,Rotterdam DC,Rotterdam,NL,Warsaw,PL,268,953.38,road,storage,39570.29,0
SO-02142,2026-03-18,C-TOK-007,Shenzhen DC,Shenzhen,CN,Tokyo,JP,339,631.68,sea,audio,21859.95,0
SO-02904,2026-03-18,C-SIN-003,Shenzhen DC,Shenzhen,CN,Singapore,SG,343,855.33,sea,audio,20384.14,0
SO-03023,2026-03-18,C-BAN-016,Shenzhen DC,Shenzhen,CN,Bangkok,TH,125,479.08,sea,cables,23864.57,1
SO-03128,2026-03-18,C-BAN-031,Shenzhen DC,Shenzhen,CN,Bangkok,TH,1010,1793.48,sea,cases,34921.08,0
SO-03277,2026-03-18,C-JAK-016,Shenzhen DC,Shenzhen,CN,Jakarta,ID,349,1120.99,sea,storage,23692.32,0
SO-03582,2026-03-18,C-MUM-034,Shenzhen DC,Shenzhen,CN,Mumbai,IN,823,1735.77,sea,wearables,18672.53,0
SO-03696,2026-03-18,C-MUM-013,Shenzhen DC,Shenzhen,CN,Mumbai,IN,416,991.85,sea,cases,20423.42,0
SO-03771,2026-03-18,C-SYD-009,Rotterdam DC,Rotterdam,NL,Sydney,AU,326,1108.66,air,storage,16071.89,0
SO-03780,2026-03-18,C-SYD-027,Rotterdam DC,Rotterdam,NL,Sydney,AU,672,1209.88,air,storage,34129.25,0
SO-04139,2026-03-18,C-NEW-004,Memphis DC,Memphis,US,New York City,US,244,951.02,road,chargers,25716.83,0
SO-05191,2026-03-18,C-LOS-028,Memphis DC,Memphis,US,Los Angeles,US,310,618.24,road,storage,33363.7,0
SO-05246,2026-03-18,C-LOS-031,Memphis DC,Memphis,US,Los Angeles,US,399,1237.46,road,cases,33265.7,0
SO-06613,2026-03-18,C-CAI-038,Dubai DC,Dubai,AE,Cairo,EG,384,843.7,sea,cables,20174.6,0
SO-06644,2026-03-18,C-CAI-034,Dubai DC,Dubai,AE,Cairo,EG,562,1474.84,sea,storage,28118.12,0
SO-06812,2026-03-18,C-NAI-004,Dubai DC,Dubai,AE,Nairobi,KE,213,582.35,air,cables,25890.9,1
SO-06983,2026-03-18,C-LAG-015,Dubai DC,Dubai,AE,Lagos,NG,450,773.67,air,wearables,16317.15,0
SO-07339,2026-03-18,C-KAR-037,Dubai DC,Dubai,AE,Karachi,PK,438,1157.46,sea,audio,32696.21,1
SO-00023,2026-03-19,C-LON-010,Rotterdam DC,Rotterdam,NL,London,GB,246,422.46,road,wearables,18387.65,0
SO-00228,2026-03-19,C-LON-013,Rotterdam DC,Rotterdam,NL,London,GB,838,1421.18,road,cables,36991.97,1
SO-00514,2026-03-19,C-BER-005,Rotterdam DC,Rotterdam,NL,Berlin,DE,360,1131.04,road,wearables,22929.76,0
SO-00987,2026-03-19,C-PAR-036,Rotterdam DC,Rotterdam,NL,Paris,FR,356,891.85,road,wearables,26215.95,0
SO-01082,2026-03-19,C-PAR-018,Rotterdam DC,Rotterdam,NL,Paris,FR,360,961.97,road,storage,28423.01,0
SO-01456,2026-03-19,C-MIL-019,Rotterdam DC,Rotterdam,NL,Milan,IT,227,792.28,road,audio,31569.87,0
SO-01950,2026-03-19,C-DUB-027,Rotterdam DC,Rotterdam,NL,Dublin,IE,275,553.85,air,audio,27120.96,0
SO-02062,2026-03-19,C-TOK-026,Shenzhen DC,Shenzhen,CN,Tokyo,JP,313,832.91,sea,chargers,30224.87,0
SO-02095,2026-03-19,C-TOK-009,Shenzhen DC,Shenzhen,CN,Tokyo,JP,281,1002.97,sea,cases,28500.88,0
SO-02457,2026-03-19,C-SEO-029,Shenzhen DC,Shenzhen,CN,Seoul,KR,370,1200.76,sea,wearables,28379.86,0
SO-02899,2026-03-19,C-SIN-018,Shenzhen DC,Shenzhen,CN,Singapore,SG,189,348.31,sea,wearables,26728.0,0
SO-02958,2026-03-19,C-BAN-004,Shenzhen DC,Shenzhen,CN,Bangkok,TH,970,1504.97,sea,cables,27539.92,1
SO-03473,2026-03-19,C-MAN-012,Shenzhen DC,Shenzhen,CN,Manila,PH,94,355.26,sea,cables,13254.88,0
SO-04049,2026-03-19,C-NEW-031,Memphis DC,Memphis,US,New York City,US,434,854.62,road,chargers,18550.5,0
SO-04829,2026-03-19,C-CHI-010,Memphis DC,Memphis,US,Chicago,US,176,690.86,road,cases,36637.64,0
SO-05691,2026-03-19,C-MEX-018,Memphis DC,Memphis,US,Mexico City,MX,415,1353.93,road,storage,15001.24,0
SO-06223,2026-03-19,C-BUE-021,Memphis DC,Memphis,US,Buenos Aires,AR,337,1011.08,sea,cases,17600.55,0
SO-06430,2026-03-19,C-RIY-016,Dubai DC,Dubai,AE,Riyadh,SA,432,1052.88,road,cases,33473.42,0
SO-06829,2026-03-19,C-NAI-017,Dubai DC,Dubai,AE,Nairobi,KE,272,1019.52,air,chargers,12140.73,0
SO-00053,2026-03-20,C-LON-004,Rotterdam DC,Rotterdam,NL,London,GB,612,1404.03,road,audio,32376.44,0
SO-00878,2026-03-20,C-PAR-032,Rotterdam DC,Rotterdam,NL,Paris,FR,457,1413.38,road,audio,32462.2,0
SO-01306,2026-03-20,C-MAD-032,Rotterdam DC,Rotterdam,NL,Madrid,ES,531,2070.57,road,cases,27605.92,0
SO-02965,2026-03-20,C-BAN-001,Shenzhen DC,Shenzhen,CN,Bangkok,TH,379,1294.31,sea,wearables,35330.61,0
SO-03002,2026-03-20,C-BAN-002,Shenzhen DC,Shenzhen,CN,Bangkok,TH,312,823.49,sea,wearables,37405.17,0
SO-03659,2026-03-20,C-MUM-039,Shenzhen DC,Shenzhen,CN,Mumbai,IN,708,2491.22,sea,cases,28419.32,0
SO-04897,2026-03-20,C-CHI-010,Memphis DC,Memphis,US,Chicago,US,399,1454.86,road,chargers,20812.56,0
SO-04982,2026-03-20,C-LOS-010,Memphis DC,Memphis,US,Los Angeles,US,280,969.66,road,cables,28224.25,0
SO-05104,2026-03-20,C-LOS-012,Memphis DC,Memphis,US,Los Angeles,US,307,718.82,road,chargers,40257.18,0
SO-05189,2026-03-20,C-LOS-026,Memphis DC,Memphis,US,Los Angeles,US,264,774.38,road,audio,32565.53,0
SO-05537,2026-03-20,C-TOR-009,Memphis DC,Memphis,US,Toronto,CA,376,1433.08,road,cases,18710.43,0
SO-05545,2026-03-20,C-TOR-007,Memphis DC,Memphis,US,Toronto,CA,651,1589.85,road,audio,25266.49,0
SO-05679,2026-03-20,C-MEX-022,Memphis DC,Memphis,US,Mexico City,MX,779,1572.07,road,storage,17238.81,0
SO-05812,2026-03-20,C-SAO-020,Memphis DC,Memphis,US,Sao Paulo,BR,640,1508.05,sea,storage,36763.5,0
SO-05850,2026-03-20,C-SAO-037,Memphis DC,Memphis,US,Sao Paulo,BR,852,1481.11,sea,cables,17833.38,0
SO-05868,2026-03-20,C-SAO-023,Memphis DC,Memphis,US,Sao Paulo,BR,464,1519.11,sea,audio,22572.78,0
SO-05948,2026-03-20,C-SAO-024,Memphis DC,Memphis,US,Sao Paulo,BR,711,1517.59,sea,cases,32985.66,0
SO-06413,2026-03-20,C-RIY-036,Dubai DC,Dubai,AE,Riyadh,SA,569,1142.95,road,audio,30340.94,0
SO-07111,2026-03-20,C-JOH-004,Dubai DC,Dubai,AE,Johannesburg,ZA,375,1387.06,sea,storage,29652.72,0
SO-07164,2026-03-20,C-JOH-035,Dubai DC,Dubai,AE,Johannesburg,ZA,889,1705.32,sea,wearables,20762.69,0
SO-00746,2026-03-21,C-BER-003,Rotterdam DC,Rotterdam,NL,Berlin,DE,204,597.12,road,audio,12838.09,1
SO-01068,2026-03-21,C-PAR-032,Rotterdam DC,Rotterdam,NL,Paris,FR,896,1564.37,road,cases,5184.59,0
SO-01506,2026-03-21,C-MIL-012,Rotterdam DC,Rotterdam,NL,Milan,IT,413,1539.18,road,chargers,32786.07,0
SO-01648,2026-03-21,C-WAR-014,Rotterdam DC,Rotterdam,NL,Warsaw,PL,339,1068.16,road,cables,30280.75,0
SO-02458,2026-03-21,C-SEO-035,Shenzhen DC,Shenzhen,CN,Seoul,KR,451,1352.92,sea,audio,31274.78,0
SO-02645,2026-03-21,C-SEO-028,Shenzhen DC,Shenzhen,CN,Seoul,KR,586,1361.75,sea,storage,31176.13,0
SO-02701,2026-03-21,C-SIN-028,Shenzhen DC,Shenzhen,CN,Singapore,SG,299,591.17,sea,chargers,19317.77,0
SO-03748,2026-03-21,C-SYD-017,Rotterdam DC,Rotterdam,NL,Sydney,AU,282,1075.27,air,audio,35521.88,0
SO-04891,2026-03-21,C-CHI-019,Memphis DC,Memphis,US,Chicago,US,245,934.06,road,chargers,25923.61,0
SO-05147,2026-03-21,C-LOS-013,Memphis DC,Memphis,US,Los Angeles,US,339,960.13,road,cables,17854.72,0
SO-05365,2026-03-21,C-TOR-025,Memphis DC,Memphis,US,Toronto,CA,538,1696.77,road,chargers,26815.02,0
SO-05996,2026-03-21,C-BOG-031,Memphis DC,Memphis,US,Bogota,CO,565,1126.49,air,chargers,26220.36,0
SO-06545,2026-03-21,C-RIY-005,Dubai DC,Dubai,AE,Riyadh,SA,816,1241.92,road,audio,29560.31,0
SO-06729,2026-03-21,C-CAI-029,Dubai DC,Dubai,AE,Cairo,EG,770,1145.91,sea,cables,24615.9,0
SO-07317,2026-03-21,C-KAR-012,Dubai DC,Dubai,AE,Karachi,PK,307,617.55,sea,cables,5323.22,0
SO-00190,2026-03-22,C-LON-029,Rotterdam DC,Rotterdam,NL,London,GB,164,448.48,road,cases,23579.97,0
SO-00309,2026-03-22,C-LON-011,Rotterdam DC,Rotterdam,NL,London,GB,560,1585.85,road,audio,31719.62,0
SO-00394,2026-03-22,C-LON-007,Rotterdam DC,Rotterdam,NL,London,GB,237,913.32,road,wearables,9119.28,0
SO-00675,2026-03-22,C-BER-033,Rotterdam DC,Rotterdam,NL,Berlin,DE,320,953.69,road,cables,12239.78,0
SO-01257,2026-03-22,C-MAD-016,Rotterdam DC,Rotterdam,NL,Madrid,ES,656,1992.37,road,audio,40247.54,0
SO-01874,2026-03-22,C-STO-036,Rotterdam DC,Rotterdam,NL,Stockholm,SE,489,884.41,road,cables,15879.06,0
SO-02888,2026-03-22,C-SIN-009,Shenzhen DC,Shenzhen,CN,Singapore,SG,457,908.98,sea,cases,32158.9,0
SO-03221,2026-03-22,C-JAK-023,Shenzhen DC,Shenzhen,CN,Jakarta,ID,355,1100.36,sea,wearables,32062.68,0
SO-03248,2026-03-22,C-JAK-031,Shenzhen DC,Shenzhen,CN,Jakarta,ID,227,628.24,sea,audio,18076.89,0
SO-03877,2026-03-22,C-SYD-031,Rotterdam DC,Rotterdam,NL,Sydney,AU,522,748.97,air,chargers,49212.06,0
SO-04004,2026-03-22,C-AUC-038,Rotterdam DC,Rotterdam,NL,Auckland,NZ,274,457.39,air,chargers,34721.5,0
SO-04356,2026-03-22,C-NEW-005,Memphis DC,Memphis,US,New York City,US,406,847.04,road,audio,20163.46,0
SO-04410,2026-03-22,C-NEW-015,Memphis DC,Memphis,US,New York City,US,515,1396.26,road,audio,19681.63,0
SO-04446,2026-03-22,C-NEW-029,Memphis DC,Memphis,US,New York City,US,471,781.28,road,cases,18285.81,0
SO-05259,2026-03-22,C-LOS-013,Memphis DC,Memphis,US,Los Angeles,US,347,972.35,road,chargers,26349.49,0
SO-05523,2026-03-22,C-TOR-001,Memphis DC,Memphis,US,Toronto,CA,571,1208.33,road,wearables,23134.24,0
SO-06022,2026-03-22,C-BOG-017,Memphis DC,Memphis,US,Bogota,CO,317,1030.61,air,cases,27939.61,0
SO-06037,2026-03-22,C-BOG-020,Memphis DC,Memphis,US,Bogota,CO,292,1128.18,air,cables,17371.92,1
SO-06180,2026-03-22,C-SAN-021,Memphis DC,Memphis,US,Santiago,CL,569,1646.05,sea,chargers,22823.41,1
SO-06226,2026-03-22,C-BUE-001,Memphis DC,Memphis,US,Buenos Aires,AR,813,1651.82,sea,chargers,36486.29,0
SO-06567,2026-03-22,C-RIY-018,Dubai DC,Dubai,AE,Riyadh,SA,649,1715.99,road,audio,22765.54,0
SO-06612,2026-03-22,C-CAI-005,Dubai DC,Dubai,AE,Cairo,EG,314,1224.42,sea,wearables,21489.86,0
SO-06693,2026-03-22,C-CAI-038,Dubai DC,Dubai,AE,Cairo,EG,175,311.16,sea,chargers,25736.26,0
SO-06941,2026-03-22,C-LAG-007,Dubai DC,Dubai,AE,Lagos,NG,139,484.53,air,cases,29164.96,0
SO-07049,2026-03-22,C-LAG-034,Dubai DC,Dubai,AE,Lagos,NG,737,1062.91,air,cables,17827.63,0
SO-00302,2026-03-23,C-LON-030,Rotterdam DC,Rotterdam,NL,London,GB,191,454.15,road,cases,31240.52,0
SO-00686,2026-03-23,C-BER-027,Rotterdam DC,Rotterdam,NL,Berlin,DE,1205,1732.87,road,cases,33622.88,0
SO-02517,2026-03-23,C-SEO-003,Shenzhen DC,Shenzhen,CN,Seoul,KR,350,1078.03,sea,wearables,34354.43,0
SO-02522,2026-03-23,C-SEO-022,Shenzhen DC,Shenzhen,CN,Seoul,KR,545,1248.77,sea,chargers,37984.71,0
SO-02773,2026-03-23,C-SIN-010,Shenzhen DC,Shenzhen,CN,Singapore,SG,277,983.55,sea,audio,23794.95,0
SO-02824,2026-03-23,C-SIN-027,Shenzhen DC,Shenzhen,CN,Singapore,SG,819,1418.44,sea,audio,32564.88,0
SO-02910,2026-03-23,C-SIN-006,Shenzhen DC,Shenzhen,CN,Singapore,SG,437,1036.57,sea,chargers,34849.94,1
SO-03619,2026-03-23,C-MUM-029,Shenzhen DC,Shenzhen,CN,Mumbai,IN,490,1806.95,sea,cases,27396.13,0
SO-03718,2026-03-23,C-MUM-019,Shenzhen DC,Shenzhen,CN,Mumbai,IN,722,1269.62,sea,cables,33462.95,0
SO-04079,2026-03-23,C-NEW-006,Memphis DC,Memphis,US,New York City,US,282,1105.13,road,audio,24173.91,0
SO-04877,2026-03-23,C-CHI-011,Memphis DC,Memphis,US,Chicago,US,437,1446.37,road,wearables,31363.69,0
SO-04888,2026-03-23,C-CHI-002,Memphis DC,Memphis,US,Chicago,US,336,1194.38,road,audio,35631.26,0
SO-06462,2026-03-23,C-RIY-017,Dubai DC,Dubai,AE,Riyadh,SA,887,1945.16,road,audio,18654.89,0
SO-06670,2026-03-23,C-CAI-022,Dubai DC,Dubai,AE,Cairo,EG,666,1782.94,sea,wearables,14940.78,0
SO-06916,2026-03-23,C-NAI-035,Dubai DC,Dubai,AE,Nairobi,KE,93,149.21,air,cables,16408.86,0
SO-07130,2026-03-23,C-JOH-003,Dubai DC,Dubai,AE,Johannesburg,ZA,261,806.43,sea,storage,34158.92,0
SO-00219,2026-03-24,C-LON-031,Rotterdam DC,Rotterdam,NL,London,GB,123,357.83,road,cables,36206.36,0
SO-00488,2026-03-24,C-BER-007,Rotterdam DC,Rotterdam,NL,Berlin,DE,483,1668.76,road,cases,17959.7,0
SO-02321,2026-03-24,C-TOK-034,Shenzhen DC,Shenzhen,CN,Tokyo,JP,247,901.13,sea,wearables,40480.53,0
SO-02921,2026-03-24,C-SIN-022,Shenzhen DC,Shenzhen,CN,Singapore,SG,567,1181.47,sea,chargers,24938.44,0
SO-03284,2026-03-24,C-JAK-038,Shenzhen DC,Shenzhen,CN,Jakarta,ID,1033,1585.07,sea,audio,17883.48,0
SO-03398,2026-03-24,C-MAN-017,Shenzhen DC,Shenzhen,CN,Manila,PH,635,1361.52,sea,storage,27017.84,0
SO-03569,2026-03-24,C-MUM-027,Shenzhen DC,Shenzhen,CN,Mumbai,IN,761,1700.19,sea,wearables,25878.16,0
SO-03616,2026-03-24,C-MUM-024,Shenzhen DC,Shenzhen,CN,Mumbai,IN,803,1209.01,sea,chargers,28011.28,0
SO-04204,2026-03-24,C-NEW-024,Memphis DC,Memphis,US,New York City,US,507,1593.4,road,storage,27445.14,0
SO-04571,2026-03-24,C-CHI-017,Memphis DC,Memphis,US,Chicago,US,529,1177.98,road,cases,29810.56,0
SO-04813,2026-03-24,C-CHI-022,Memphis DC,Memphis,US,Chicago,US,817,1487.56,road,storage,20495.68,0
SO-05197,2026-03-24,C-LOS-017,Memphis DC,Memphis,US,Los Angeles,US,819,1378.22,road,cables,240.65,0
SO-05255,2026-03-24,C-LOS-031,Memphis DC,Memphis,US,Los Angeles,US,388,1182.54,road,chargers,20082.41,0
SO-05561,2026-03-24,C-MEX-035,Memphis DC,Memphis,US,Mexico City,MX,937,1885.85,road,storage,28079.98,0
SO-06312,2026-03-24,C-BUE-023,Memphis DC,Memphis,US,Buenos Aires,AR,673,1332.42,sea,storage,34523.36,0
SO-07300,2026-03-24,C-KAR-015,Dubai DC,Dubai,AE,Karachi,PK,202,445.76,sea,storage,19118.97,1
SO-00248,2026-03-25,C-LON-032,Rotterdam DC,Rotterdam,NL,London,GB,311,960.9,road,chargers,18108.52,0
SO-00607,2026-03-25,C-BER-010,Rotterdam DC,Rotterdam,NL,Berlin,DE,802,1368.11,road,cables,24350.35,0
SO-00985,2026-03-25,C-PAR-022,Rotterdam DC,Rotterdam,NL,Paris,FR,531,1278.92,road,chargers,24702.29,0
SO-01290,2026-03-25,C-MAD-035,Rotterdam DC,Rotterdam,NL,Madrid,ES,531,1438.3,road,wearables,39654.2,0
SO-01891,2026-03-25,C-STO-001,Rotterdam DC,Rotterdam,NL,Stockholm,SE,372,1051.84,road,wearables,16547.3,0
SO-02649,2026-03-25,C-SEO-008,Shenzhen DC,Shenzhen,CN,Seoul,KR,524,1025.88,sea,storage,21768.5,0
SO-02762,2026-03-25,C-SIN-025,Shenzhen DC,Shenzhen,CN,Singapore,SG,630,1295.72,sea,chargers,41064.93,0
SO-02864,2026-03-25,C-SIN-037,Shenzhen DC,Shenzhen,CN,Singapore,SG,339,1035.78,sea,audio,29781.67,0
SO-02870,2026-03-25,C-SIN-016,Shenzhen DC,Shenzhen,CN,Singapore,SG,600,1219.28,sea,cases,28125.48,0
SO-03430,2026-03-25,C-MAN-003,Shenzhen DC,Shenzhen,CN,Manila,PH,655,1047.54,sea,cables,31032.91,0
SO-03820,2026-03-25,C-SYD-036,Rotterdam DC,Rotterdam,NL,Sydney,AU,840,1486.18,air,chargers,20139.91,0
SO-04144,2026-03-25,C-NEW-011,Memphis DC,Memphis,US,New York City,US,662,1310.74,road,cables,23216.21,0
SO-04417,2026-03-25,C-NEW-009,Memphis DC,Memphis,US,New York City,US,354,956.58,road,audio,22748.16,0
SO-04864,2026-03-25,C-CHI-028,Memphis DC,Memphis,US,Chicago,US,840,1861.01,road,wearables,18346.08,0
SO-05067,2026-03-25,C-LOS-017,Memphis DC,Memphis,US,Los Angeles,US,622,1546.37,road,audio,28733.26,0
SO-05886,2026-03-25,C-SAO-039,Memphis DC,Memphis,US,Sao Paulo,BR,880,1831.36,sea,storage,22655.59,0
SO-06799,2026-03-25,C-NAI-003,Dubai DC,Dubai,AE,Nairobi,KE,254,467.62,air,storage,7722.43,0
SO-07255,2026-03-25,C-KAR-030,Dubai DC,Dubai,AE,Karachi,PK,277,1071.43,sea,chargers,25874.82,0
SO-00081,2026-03-26,C-LON-009,Rotterdam DC,Rotterdam,NL,London,GB,698,2198.23,road,chargers,28518.69,0
SO-00250,2026-03-26,C-LON-007,Rotterdam DC,Rotterdam,NL,London,GB,649,1972.38,road,cases,22496.11,0
SO-00326,2026-03-26,C-LON-010,Rotterdam DC,Rotterdam,NL,London,GB,283,841.16,road,storage,24274.26,0
SO-00592,2026-03-26,C-BER-024,Rotterdam DC,Rotterdam,NL,Berlin,DE,1137,1609.56,road,audio,26045.31,0
SO-00762,2026-03-26,C-PAR-016,Rotterdam DC,Rotterdam,NL,Paris,FR,546,1316.86,road,wearables,28613.32,0
SO-01106,2026-03-26,C-PAR-030,Rotterdam DC,Rotterdam,NL,Paris,FR,450,1504.03,road,storage,23571.76,0
SO-01544,2026-03-26,C-MIL-034,Rotterdam DC,Rotterdam,NL,Milan,IT,601,1167.54,road,cables,29676.27,0
SO-01765,2026-03-26,C-WAR-011,Rotterdam DC,Rotterdam,NL,Warsaw,PL,803,1328.56,road,audio,37299.45,0
SO-01821,2026-03-26,C-STO-038,Rotterdam DC,Rotterdam,NL,Stockholm,SE,512,1481.44,road,cables,18428.99,1
SO-01980,2026-03-26,C-DUB-020,Rotterdam DC,Rotterdam,NL,Dublin,IE,324,1111.38,air,wearables,18103.8,0
SO-02406,2026-03-26,C-SEO-009,Shenzhen DC,Shenzhen,CN,Seoul,KR,470,879.66,sea,cables,35951.24,0
SO-02638,2026-03-26,C-SEO-012,Shenzhen DC,Shenzhen,CN,Seoul,KR,325,1181.05,sea,storage,27518.91,0
SO-02909,2026-03-26,C-SIN-018,Shenzhen DC,Shenzhen,CN,Singapore,SG,285,725.52,sea,wearables,26420.27,0
SO-03244,2026-03-26,C-JAK-003,Shenzhen DC,Shenzhen,CN,Jakarta,ID,532,1419.94,sea,wearables,20206.02,0
SO-03813,2026-03-26,C-SYD-027,Rotterdam DC,Rotterdam,NL,Sydney,AU,197,781.51,air,wearables,23454.46,0
SO-04111,2026-03-26,C-NEW-034,Memphis DC,Memphis,US,New York City,US,583,1366.13,road,audio,15965.33,0
SO-05454,2026-03-26,C-TOR-012,Memphis DC,Memphis,US,Toronto,CA,774,1560.74,road,storage,32662.53,0
SO-05468,2026-03-26,C-TOR-039,Memphis DC,Memphis,US,Toronto,CA,840,1380.66,road,chargers,24287.6,0
SO-05707,2026-03-26,C-MEX-015,Memphis DC,Memphis,US,Mexico City,MX,316,1128.87,road,wearables,14741.7,1
SO-05826,2026-03-26,C-SAO-020,Memphis DC,Memphis,US,Sao Paulo,BR,711,1726.37,sea,cases,22385.09,0
SO-05849,2026-03-26,C-SAO-033,Memphis DC,Memphis,US,Sao Paulo,BR,1,0.5,sea,chargers,25067.36,0
SO-06434,2026-03-26,C-RIY-038,Dubai DC,Dubai,AE,Riyadh,SA,337,1167.88,road,cases,30412.93,0
SO-06648,2026-03-26,C-CAI-002,Dubai DC,Dubai,AE,Cairo,EG,353,671.44,sea,audio,26260.88,0
SO-00151,2026-03-27,C-LON-028,Rotterdam DC,Rotterdam,NL,London,GB,439,1261.98,road,wearables,31503.68,0
SO-00408,2026-03-27,C-LON-032,Rotterdam DC,Rotterdam,NL,London,GB,262,602.57,road,cables,25734.87,0
SO-00547,2026-03-27,C-BER-007,Rotterdam DC,Rotterdam,NL,Berlin,DE,220,845.84,road,storage,26497.55,0
SO-01041,2026-03-27,C-PAR-031,Rotterdam DC,Rotterdam,NL,Paris,FR,296,1047.62,road,cables,18986.64,1
SO-01095,2026-03-27,C-PAR-032,Rotterdam DC,Rotterdam,NL,Paris,FR,543,1109.58,road,chargers,21041.69,0
SO-01616,2026-03-27,C-WAR-017,Rotterdam DC,Rotterdam,NL,Warsaw,PL,440,1519.34,road,chargers,16500.36,0
SO-01753,2026-03-27,C-WAR-032,Rotterdam DC,Rotterdam,NL,Warsaw,PL,543,1468.57,road,audio,25094.09,0
SO-02333,2026-03-27,C-TOK-019,Shenzhen DC,Shenzhen,CN,Tokyo,JP,296,967.8,sea,cables,34106.47,0
SO-02499,2026-03-27,C-SEO-001,Shenzhen DC,Shenzhen,CN,Seoul,KR,544,1196.4,sea,storage,33783.3,0
SO-02581,2026-03-27,C-SEO-016,Shenzhen DC,Shenzhen,CN,Seoul,KR,444,688.31,sea,wearables,30572.21,0
SO-02934,2026-03-27,C-SIN-039,Shenzhen DC,Shenzhen,CN,Singapore,SG,247,922.73,sea,wearables,31547.94,1
SO-03964,2026-03-27,C-AUC-014,Rotterdam DC,Rotterdam,NL,Auckland,NZ,149,445.91,air,audio,41698.93,0
SO-04237,2026-03-27,C-NEW-011,Memphis DC,Memphis,US,New York City,US,178,593.28,road,cases,35605.64,0
SO-04351,2026-03-27,C-NEW-014,Memphis DC,Memphis,US,New York City,US,530,1174.12,road,wearables,20435.68,0
SO-04546,2026-03-27,C-CHI-012,Memphis DC,Memphis,US,Chicago,US,471,1368.22,road,storage,33762.33,0
SO-05321,2026-03-27,C-TOR-036,Memphis DC,Memphis,US,Toronto,CA,305,870.56,road,cases,13035.6,0
SO-06416,2026-03-27,C-RIY-003,Dubai DC,Dubai,AE,Riyadh,SA,267,1006.12,road,audio,25400.79,0
SO-06609,2026-03-27,C-CAI-004,Dubai DC,Dubai,AE,Cairo,EG,868,1453.13,sea,cables,25210.72,1
SO-00497,2026-03-28,C-BER-023,Rotterdam DC,Rotterdam,NL,Berlin,DE,1319,1955.47,road,wearables,17461.13,0
SO-00751,2026-03-28,C-PAR-035,Rotterdam DC,Rotterdam,NL,Paris,FR,353,952.27,road,wearables,14715.81,0
SO-00872,2026-03-28,C-PAR-034,Rotterdam DC,Rotterdam,NL,Paris,FR,396,1346.69,road,storage,17354.97,1
SO-01366,2026-03-28,C-MAD-037,Rotterdam DC,Rotterdam,NL,Madrid,ES,868,1916.9,road,cables,9309.54,0
SO-01817,2026-03-28,C-STO-031,Rotterdam DC,Rotterdam,NL,Stockholm,SE,223,575.95,road,storage,25450.48,0
SO-01823,2026-03-28,C-STO-025,Rotterdam DC,Rotterdam,NL,Stockholm,SE,327,1082.17,road,cables,30975.31,0
SO-02006,2026-03-28,C-DUB-027,Rotterdam DC,Rotterdam,NL,Dublin,IE,142,379.66,air,chargers,15746.97,0
SO-02036,2026-03-28,C-DUB-026,Rotterdam DC,Rotterdam,NL,Dublin,IE,214,844.45,air,storage,19700.98,0
SO-02809,2026-03-28,C-SIN-026,Shenzhen DC,Shenzhen,CN,Singapore,SG,262,921.48,sea,cases,33285.93,0
SO-02840,2026-03-28,C-SIN-012,Shenzhen DC,Shenzhen,CN,Singapore,SG,670,956.23,sea,chargers,36314.57,0
SO-03518,2026-03-28,C-MUM-025,Shenzhen DC,Shenzhen,CN,Mumbai,IN,302,1142.21,sea,audio,24782.6,0
SO-03553,2026-03-28,C-MUM-014,Shenzhen DC,Shenzhen,CN,Mumbai,IN,435,1114.43,sea,cables,18263.82,1
SO-03596,2026-03-28,C-MUM-001,Shenzhen DC,Shenzhen,CN,Mumbai,IN,476,1666.25,sea,chargers,28458.21,0
SO-04015,2026-03-28,C-AUC-025,Rotterdam DC,Rotterdam,NL,Auckland,NZ,567,909.39,air,cables,38280.15,0
SO-04882,2026-03-28,C-CHI-017,Memphis DC,Memphis,US,Chicago,US,680,985.41,road,chargers,17110.31,0
SO-05009,2026-03-28,C-LOS-035,Memphis DC,Memphis,US,Los Angeles,US,438,1311.57,road,cables,21325.35,0
SO-05400,2026-03-28,C-TOR-039,Memphis DC,Memphis,US,Toronto,CA,338,978.53,road,storage,28076.88,0
SO-05902,2026-03-28,C-SAO-013,Memphis DC,Memphis,US,Sao Paulo,BR,208,753.23,sea,cables,28156.96,0
SO-06050,2026-03-28,C-BOG-013,Memphis DC,Memphis,US,Bogota,CO,344,638.12,air,cases,26220.47,0
SO-06183,2026-03-28,C-SAN-020,Memphis DC,Memphis,US,Santiago,CL,943,1483.55,sea,cables,10734.16,0
SO-06234,2026-03-28,C-BUE-033,Memphis DC,Memphis,US,Buenos Aires,AR,1038,1624.69,sea,cases,28684.48,0
SO-06418,2026-03-28,C-RIY-005,Dubai DC,Dubai,AE,Riyadh,SA,647,1836.31,road,cases,40836.04,0
SO-06963,2026-03-28,C-LAG-019,Dubai DC,Dubai,AE,Lagos,NG,66,198.17,air,cases,16600.93,1
SO-07313,2026-03-28,C-KAR-038,Dubai DC,Dubai,AE,Karachi,PK,659,1778.09,sea,audio,18749.65,0
SO-07390,2026-03-28,C-KAR-024,Dubai DC,Dubai,AE,Karachi,PK,205,633.65,sea,storage,14903.87,0
SO-00178,2026-03-29,C-LON-003,Rotterdam DC,Rotterdam,NL,London,GB,607,1803.36,road,storage,22209.76,0
SO-01319,2026-03-29,C-MAD-002,Rotterdam DC,Rotterdam,NL,Madrid,ES,815,1433.31,road,chargers,26174.31,1
SO-02024,2026-03-29,C-DUB-018,Rotterdam DC,Rotterdam,NL,Dublin,IE,271,945.63,air,wearables,20314.4,0
SO-02075,2026-03-29,C-TOK-003,Shenzhen DC,Shenzhen,CN,Tokyo,JP,263,951.94,sea,storage,41807.0,0
SO-02102,2026-03-29,C-TOK-018,Shenzhen DC,Shenzhen,CN,Tokyo,JP,224,893.21,sea,wearables,27178.35,0
SO-02149,2026-03-29,C-TOK-021,Shenzhen DC,Shenzhen,CN,Tokyo,JP,271,818.34,sea,audio,28416.08,0
SO-03202,2026-03-29,C-JAK-014,Shenzhen DC,Shenzhen,CN,Jakarta,ID,641,1720.03,sea,audio,22727.69,0
SO-03657,2026-03-29,C-MUM-023,Shenzhen DC,Shenzhen,CN,Mumbai,IN,597,1570.07,sea,cases,18014.27,0
SO-03759,2026-03-29,C-SYD-012,Rotterdam DC,Rotterdam,NL,Sydney,AU,393,829.92,air,cables,40874.06,0
SO-04055,2026-03-29,C-NEW-006,Memphis DC,Memphis,US,New York City,US,510,1192.03,road,audio,34680.02,0
SO-04669,2026-03-29,C-CHI-009,Memphis DC,Memphis,US,Chicago,US,415,1000.62,road,chargers,18403.55,0
SO-05158,2026-03-29,C-LOS-034,Memphis DC,Memphis,US,Los Angeles,US,413,1129.09,road,chargers,18854.72,0
SO-05174,2026-03-29,C-LOS-022,Memphis DC,Memphis,US,Los Angeles,US,960,1401.49,road,chargers,32173.23,0
SO-05226,2026-03-29,C-LOS-029,Memphis DC,Memphis,US,Los Angeles,US,550,1280.86,road,wearables,25207.8,1
SO-05396,2026-03-29,C-TOR-002,Memphis DC,Memphis,US,Toronto,CA,644,1602.09,road,cases,32252.92,1
SO-05403,2026-03-29,C-TOR-026,Memphis DC,Memphis,US,Toronto,CA,367,1277.79,road,cases,30837.34,0
SO-06685,2026-03-29,C-CAI-030,Dubai DC,Dubai,AE,Cairo,EG,331,1264.69,sea,storage,20679.91,0
SO-02185,2026-03-30,C-TOK-018,Shenzhen DC,Shenzhen,CN,Tokyo,JP,551,1070.4,sea,storage,41439.97,0
SO-02401,2026-03-30,C-SEO-039,Shenzhen DC,Shenzhen,CN,Seoul,KR,572,1697.12,sea,chargers,22734.63,0
SO-02544,2026-03-30,C-SEO-001,Shenzhen DC,Shenzhen,CN,Seoul,KR,725,1342.01,sea,wearables,29205.45,0
SO-02577,2026-03-30,C-SEO-036,Shenzhen DC,Shenzhen,CN,Seoul,KR,201,659.03,sea,storage,35285.48,0
SO-02702,2026-03-30,C-SIN-035,Shenzhen DC,Shenzhen,CN,Singapore,SG,855,1216.03,sea,cases,28032.45,0
SO-03575,2026-03-30,C-MUM-032,Shenzhen DC,Shenzhen,CN,Mumbai,IN,335,1160.82,sea,cases,16336.09,0
SO-03664,2026-03-30,C-MUM-010,Shenzhen DC,Shenzhen,CN,Mumbai,IN,446,1537.58,sea,chargers,14572.25,0
SO-03898,2026-03-30,C-SYD-024,Rotterdam DC,Rotterdam,NL,Sydney,AU,459,1026.36,air,wearables,31836.79,0
SO-04117,2026-03-30,C-NEW-019,Memphis DC,Memphis,US,New York City,US,471,1082.72,road,cables,28906.66,0
SO-04512,2026-03-30,C-NEW-021,Memphis DC,Memphis,US,New York City,US,710,1286.22,road,chargers,42266.05,0
SO-05102,2026-03-30,C-LOS-015,Memphis DC,Memphis,US,Los Angeles,US,298,931.1,road,storage,16046.11,0
SO-05326,2026-03-30,C-TOR-012,Memphis DC,Memphis,US,Toronto,CA,822,1202.58,road,chargers,36906.86,0
SO-05694,2026-03-30,C-MEX-037,Memphis DC,Memphis,US,Mexico City,MX,728,1714.04,road,wearables,15191.74,1
SO-06128,2026-03-30,C-SAN-032,Memphis DC,Memphis,US,Santiago,CL,512,1245.52,sea,storage,25957.23,1
SO-06216,2026-03-30,C-BUE-012,Memphis DC,Memphis,US,Buenos Aires,AR,432,929.61,sea,cases,13460.7,0
SO-06694,2026-03-30,C-CAI-026,Dubai DC,Dubai,AE,Cairo,EG,565,1024.74,sea,storage,23237.74,0
SO-06733,2026-03-30,C-CAI-031,Dubai DC,Dubai,AE,Cairo,EG,324,1174.47,sea,cases,30340.94,0
SO-07270,2026-03-30,C-KAR-021,Dubai DC,Dubai,AE,Karachi,PK,116,376.52,sea,cases,9344.13,0
SO-07287,2026-03-30,C-KAR-020,Dubai DC,Dubai,AE,Karachi,PK,448,820.44,sea,cases,27845.88,0
SO-00202,2026-03-31,C-LON-034,Rotterdam DC,Rotterdam,NL,London,GB,595,1019.9,road,storage,28026.05,0
SO-00581,2026-03-31,C-BER-008,Rotterdam DC,Rotterdam,NL,Berlin,DE,544,1677.14,road,wearables,25121.5,0
SO-00796,2026-03-31,C-PAR-021,Rotterdam DC,Rotterdam,NL,Paris,FR,221,804.37,road,storage,25023.6,0
SO-01729,2026-03-31,C-WAR-034,Rotterdam DC,Rotterdam,NL,Warsaw,PL,588,2049.04,road,chargers,29634.97,0
SO-02319,2026-03-31,C-TOK-016,Shenzhen DC,Shenzhen,CN,Tokyo,JP,512,946.75,sea,chargers,43986.45,0
SO-02537,2026-03-31,C-SEO-025,Shenzhen DC,Shenzhen,CN,Seoul,KR,187,646.99,sea,storage,24119.33,0
SO-03269,2026-03-31,C-JAK-004,Shenzhen DC,Shenzhen,CN,Jakarta,ID,419,1419.15,sea,audio,23591.34,0
SO-03428,2026-03-31,C-MAN-004,Shenzhen DC,Shenzhen,CN,Manila,PH,329,1156.24,sea,wearables,35347.5,0
SO-03437,2026-03-31,C-MAN-003,Shenzhen DC,Shenzhen,CN,Manila,PH,446,1076.37,sea,cases,16518.67,0
SO-04226,2026-03-31,C-NEW-007,Memphis DC,Memphis,US,New York City,US,350,1277.69,road,audio,39055.57,0
SO-06887,2026-03-31,C-NAI-012,Dubai DC,Dubai,AE,Nairobi,KE,284,962.67,air,cables,14177.16,0
SO-07132,2026-03-31,C-JOH-039,Dubai DC,Dubai,AE,Johannesburg,ZA,356,1404.04,sea,storage,12986.66,0
SO-07188,2026-03-31,C-JOH-031,Dubai DC,Dubai,AE,Johannesburg,ZA,736,1482.47,sea,wearables,10405.84,0
SO-00062,2026-04-01,C-LON-007,Rotterdam DC,Rotterdam,NL,London,GB,658,1782.02,road,audio,16153.1,0
SO-01203,2026-04-01,C-MAD-013,Rotterdam DC,Rotterdam,NL,Madrid,ES,812,2081.77,road,cases,24456.29,0
SO-01550,2026-04-01,C-MIL-033,Rotterdam DC,Rotterdam,NL,Milan,IT,787,1450.67,road,cables,20589.94,0
SO-01596,2026-04-01,C-WAR-033,Rotterdam DC,Rotterdam,NL,Warsaw,PL,687,1896.88,road,storage,27541.38,0
SO-01719,2026-04-01,C-WAR-038,Rotterdam DC,Rotterdam,NL,Warsaw,PL,313,958.03,road,audio,23943.67,0
SO-01742,2026-04-01,C-WAR-022,Rotterdam DC,Rotterdam,NL,Warsaw,PL,551,1578.82,road,cables,33269.67,0
SO-01794,2026-04-01,C-STO-011,Rotterdam DC,Rotterdam,NL,Stockholm,SE,537,1365.51,road,wearables,31053.4,0
SO-02410,2026-04-01,C-SEO-004,Shenzhen DC,Shenzhen,CN,Seoul,KR,313,1026.47,sea,storage,20295.11,0
SO-02473,2026-04-01,C-SEO-011,Shenzhen DC,Shenzhen,CN,Seoul,KR,599,1319.61,sea,cases,36055.27,0
SO-02976,2026-04-01,C-BAN-014,Shenzhen DC,Shenzhen,CN,Bangkok,TH,333,1213.97,sea,cases,9311.84,0
SO-03249,2026-04-01,C-JAK-036,Shenzhen DC,Shenzhen,CN,Jakarta,ID,371,859.98,sea,storage,10933.54,0
SO-03648,2026-04-01,C-MUM-028,Shenzhen DC,Shenzhen,CN,Mumbai,IN,416,1200.01,sea,wearables,23027.09,0
SO-03669,2026-04-01,C-MUM-034,Shenzhen DC,Shenzhen,CN,Mumbai,IN,905,1584.05,sea,audio,26095.23,0
SO-03672,2026-04-01,C-MUM-037,Shenzhen DC,Shenzhen,CN,Mumbai,IN,758,1499.67,sea,wearables,26937.65,0
SO-03757,2026-04-01,C-SYD-016,Rotterdam DC,Rotterdam,NL,Sydney,AU,244,939.66,air,cables,45975.56,0
SO-04012,2026-04-01,C-AUC-012,Rotterdam DC,Rotterdam,NL,Auckland,NZ,475,769.46,air,cases,28285.32,0
SO-04165,2026-04-01,C-NEW-033,Memphis DC,Memphis,US,New York City,US,310,526.96,road,cables,31518.66,0
SO-05644,2026-04-01,C-MEX-030,Memphis DC,Memphis,US,Mexico City,MX,427,1421.03,road,storage,12788.35,0
SO-05660,2026-04-01,C-MEX-039,Memphis DC,Memphis,US,Mexico City,MX,708,1041.32,road,audio,14890.25,0
SO-05861,2026-04-01,C-SAO-024,Memphis DC,Memphis,US,Sao Paulo,BR,822,1410.43,sea,storage,18438.51,0
SO-06273,2026-04-01,C-BUE-034,Memphis DC,Memphis,US,Buenos Aires,AR,194,754.09,sea,cables,25856.67,0
SO-06306,2026-04-01,C-BUE-032,Memphis DC,Memphis,US,Buenos Aires,AR,322,1051.1,sea,storage,18987.79,0
SO-07029,2026-04-01,C-LAG-033,Dubai DC,Dubai,AE,Lagos,NG,431,1146.82,air,storage,17090.18,0
SO-00036,2026-04-02,C-LON-015,Rotterdam DC,Rotterdam,NL,London,GB,448,1137.16,road,cases,13800.03,0
SO-00293,2026-04-02,C-LON-022,Rotterdam DC,Rotterdam,NL,London,GB,447,1166.72,road,storage,22043.23,0
SO-00491,2026-04-02,C-BER-032,Rotterdam DC,Rotterdam,NL,Berlin,DE,378,1324.47,road,wearables,39158.68,0
SO-00800,2026-04-02,C-PAR-025,Rotterdam DC,Rotterdam,NL,Paris,FR,469,730.53,road,cases,32965.24,0
SO-00918,2026-04-02,C-PAR-038,Rotterdam DC,Rotterdam,NL,Paris,FR,510,1325.42,road,cables,34913.17,0
SO-01153,2026-04-02,C-MAD-037,Rotterdam DC,Rotterdam,NL,Madrid,ES,515,910.26,road,audio,27367.6,0
SO-02339,2026-04-02,C-TOK-038,Shenzhen DC,Shenzhen,CN,Tokyo,JP,500,1212.1,sea,wearables,33369.54,0
SO-02481,2026-04-02,C-SEO-007,Shenzhen DC,Shenzhen,CN,Seoul,KR,213,595.68,sea,storage,24100.57,0
SO-02789,2026-04-02,C-SIN-008,Shenzhen DC,Shenzhen,CN,Singapore,SG,300,773.2,sea,cables,18093.21,0
SO-03206,2026-04-02,C-JAK-003,Shenzhen DC,Shenzhen,CN,Jakarta,ID,610,2234.92,sea,audio,19981.43,0
SO-03240,2026-04-02,C-JAK-003,Shenzhen DC,Shenzhen,CN,Jakarta,ID,496,1332.69,sea,chargers,21864.26,0
SO-03642,2026-04-02,C-MUM-010,Shenzhen DC,Shenzhen,CN,Mumbai,IN,780,1932.31,sea,cases,29522.07,0
SO-03684,2026-04-02,C-MUM-023,Shenzhen DC,Shenzhen,CN,Mumbai,IN,374,895.14,sea,chargers,36554.26,0
SO-04016,2026-04-02,C-AUC-006,Rotterdam DC,Rotterdam,NL,Auckland,NZ,226,366.54,air,cables,23971.61,0
SO-04228,2026-04-02,C-NEW-002,Memphis DC,Memphis,US,New York City,US,465,1151.83,road,chargers,34740.28,0
SO-04430,2026-04-02,C-NEW-006,Memphis DC,Memphis,US,New York City,US,570,1867.84,road,cables,22473.08,0
SO-04928,2026-04-02,C-CHI-024,Memphis DC,Memphis,US,Chicago,US,869,1705.87,road,cases,21001.55,0
SO-04963,2026-04-02,C-LOS-039,Memphis DC,Memphis,US,Los Angeles,US,728,1065.78,road,audio,21562.65,0
SO-05115,2026-04-02,C-LOS-026,Memphis DC,Memphis,US,Los Angeles,US,307,780.06,road,chargers,20359.14,0
SO-05195,2026-04-02,C-LOS-037,Memphis DC,Memphis,US,Los Angeles,US,272,859.18,road,wearables,15141.62,0
SO-05692,2026-04-02,C-MEX-038,Memphis DC,Memphis,US,Mexico City,MX,270,913.13,road,wearables,23958.7,1
SO-05860,2026-04-02,C-SAO-028,Memphis DC,Memphis,US,Sao Paulo,BR,556,1151.24,sea,chargers,23070.1,0
SO-06607,2026-04-02,C-CAI-036,Dubai DC,Dubai,AE,Cairo,EG,569,1390.48,sea,wearables,18179.06,0
SO-06677,2026-04-02,C-CAI-011,Dubai DC,Dubai,AE,Cairo,EG,289,974.07,sea,wearables,28121.29,0
SO-00133,2026-04-03,C-LON-011,Rotterdam DC,Rotterdam,NL,London,GB,373,1066.58,road,cases,25267.53,0
SO-00951,2026-04-03,C-PAR-018,Rotterdam DC,Rotterdam,NL,Paris,FR,547,1047.97,road,storage,23318.4,0
SO-01052,2026-04-03,C-PAR-021,Rotterdam DC,Rotterdam,NL,Paris,FR,679,1485.49,road,cables,17951.86,0
SO-01541,2026-04-03,C-MIL-014,Rotterdam DC,Rotterdam,NL,Milan,IT,367,1155.49,road,cables,26840.73,0
SO-01696,2026-04-03,C-WAR-032,Rotterdam DC,Rotterdam,NL,Warsaw,PL,618,1629.68,road,audio,32037.73,0
SO-01743,2026-04-03,C-WAR-031,Rotterdam DC,Rotterdam,NL,Warsaw,PL,593,1200.59,road,storage,21705.82,0
SO-02065,2026-04-03,C-TOK-002,Shenzhen DC,Shenzhen,CN,Tokyo,JP,381,928.68,sea,wearables,30398.52,1
SO-02120,2026-04-03,C-TOK-034,Shenzhen DC,Shenzhen,CN,Tokyo,JP,317,1071.62,sea,cables,36045.39,0
SO-02615,2026-04-03,C-SEO-011,Shenzhen DC,Shenzhen,CN,Seoul,KR,448,687.79,sea,cases,26576.96,0
SO-02849,2026-04-03,C-SIN-025,Shenzhen DC,Shenzhen,CN,Singapore,SG,282,743.93,sea,cases,34257.21,0
SO-03052,2026-04-03,C-BAN-006,Shenzhen DC,Shenzhen,CN,Bangkok,TH,703,1823.29,sea,cases,23245.49,0
SO-03119,2026-04-03,C-BAN-006,Shenzhen DC,Shenzhen,CN,Bangkok,TH,255,948.36,sea,cases,29666.44,0
SO-03282,2026-04-03,C-JAK-007,Shenzhen DC,Shenzhen,CN,Jakarta,ID,262,1014.74,sea,storage,23687.04,0
SO-04044,2026-04-03,C-NEW-016,Memphis DC,Memphis,US,New York City,US,252,1007.31,road,chargers,21082.92,0
SO-04367,2026-04-03,C-NEW-027,Memphis DC,Memphis,US,New York City,US,255,519.93,road,wearables,24727.24,1
SO-04459,2026-04-03,C-NEW-029,Memphis DC,Memphis,US,New York City,US,311,960.94,road,storage,39295.09,0
SO-04519,2026-04-03,C-NEW-018,Memphis DC,Memphis,US,New York City,US,619,1050.07,road,audio,19091.51,0
SO-05086,2026-04-03,C-LOS-031,Memphis DC,Memphis,US,Los Angeles,US,348,1137.35,road,wearables,20223.07,0
SO-05478,2026-04-03,C-TOR-004,Memphis DC,Memphis,US,Toronto,CA,547,1972.7,road,audio,16157.51,0
SO-05701,2026-04-03,C-MEX-039,Memphis DC,Memphis,US,Mexico City,MX,630,1553.64,road,cables,25966.19,0
SO-05993,2026-04-03,C-BOG-014,Memphis DC,Memphis,US,Bogota,CO,382,886.21,air,cables,24989.05,0
SO-05994,2026-04-03,C-BOG-037,Memphis DC,Memphis,US,Bogota,CO,373,786.76,air,audio,21917.16,0
SO-06126,2026-04-03,C-SAN-018,Memphis DC,Memphis,US,Santiago,CL,633,2007.41,sea,storage,13736.64,0
SO-06552,2026-04-03,C-RIY-016,Dubai DC,Dubai,AE,Riyadh,SA,594,1167.56,road,chargers,30088.64,0
SO-00106,2026-04-04,C-LON-002,Rotterdam DC,Rotterdam,NL,London,GB,290,1017.21,road,cases,22904.25,0
SO-00155,2026-04-04,C-LON-008,Rotterdam DC,Rotterdam,NL,London,GB,442,1057.12,road,chargers,25328.47,0
SO-00181,2026-04-04,C-LON-023,Rotterdam DC,Rotterdam,NL,London,GB,1209,2358.89,road,chargers,22816.39,0
SO-00275,2026-04-04,C-LON-007,Rotterdam DC,Rotterdam,NL,London,GB,482,1453.82,road,chargers,26806.36,0
SO-00786,2026-04-04,C-PAR-003,Rotterdam DC,Rotterdam,NL,Paris,FR,435,1649.04,road,storage,28428.09,0
SO-01270,2026-04-04,C-MAD-001,Rotterdam DC,Rotterdam,NL,Madrid,ES,914,1441.38,road,storage,16112.62,1
SO-01410,2026-04-04,C-MIL-016,Rotterdam DC,Rotterdam,NL,Milan,IT,386,899.98,road,audio,32239.52,0
SO-01704,2026-04-04,C-WAR-029,Rotterdam DC,Rotterdam,NL,Warsaw,PL,397,1438.22,road,cables,29530.04,0
SO-01723,2026-04-04,C-WAR-006,Rotterdam DC,Rotterdam,NL,Warsaw,PL,773,2210.47,road,cases,53373.88,0
SO-02087,2026-04-04,C-TOK-002,Shenzhen DC,Shenzhen,CN,Tokyo,JP,766,1112.7,sea,cases,37740.81,0
SO-02648,2026-04-04,C-SEO-028,Shenzhen DC,Shenzhen,CN,Seoul,KR,234,737.77,sea,audio,25827.88,0
SO-02720,2026-04-04,C-SIN-011,Shenzhen DC,Shenzhen,CN,Singapore,SG,379,1479.25,sea,cables,31742.34,0
SO-03198,2026-04-04,C-JAK-022,Shenzhen DC,Shenzhen,CN,Jakarta,ID,466,1611.45,sea,wearables,18000.89,0
SO-03271,2026-04-04,C-JAK-028,Shenzhen DC,Shenzhen,CN,Jakarta,ID,513,757.64,sea,chargers,36021.52,0
SO-03332,2026-04-04,C-JAK-011,Shenzhen DC,Shenzhen,CN,Jakarta,ID,546,1797.79,sea,cables,22344.77,0
SO-03639,2026-04-04,C-MUM-033,Shenzhen DC,Shenzhen,CN,Mumbai,IN,533,1319.38,sea,chargers,37350.63,0
SO-03650,2026-04-04,C-MUM-027,Shenzhen DC,Shenzhen,CN,Mumbai,IN,404,1262.89,sea,storage,17072.57,0
SO-03727,2026-04-04,C-MUM-007,Shenzhen DC,Shenzhen,CN,Mumbai,IN,502,783.12,sea,cables,22815.17,0
SO-04091,2026-04-04,C-NEW-002,Memphis DC,Memphis,US,New York City,US,199,625.62,road,cases,23441.34,0
SO-05092,2026-04-04,C-LOS-037,Memphis DC,Memphis,US,Los Angeles,US,651,1915.81,road,audio,20956.92,0
SO-05181,2026-04-04,C-LOS-034,Memphis DC,Memphis,US,Los Angeles,US,876,1231.74,road,cables,25371.53,0
SO-05338,2026-04-04,C-TOR-021,Memphis DC,Memphis,US,Toronto,CA,446,1185.16,road,cases,33728.62,0
SO-05900,2026-04-04,C-SAO-021,Memphis DC,Memphis,US,Sao Paulo,BR,1140,1696.97,sea,storage,19709.81,0
SO-05911,2026-04-04,C-SAO-028,Memphis DC,Memphis,US,Sao Paulo,BR,564,1964.17,sea,cables,16504.65,0
SO-06447,2026-04-04,C-RIY-031,Dubai DC,Dubai,AE,Riyadh,SA,492,1262.32,road,chargers,21668.29,0
SO-06757,2026-04-04,C-CAI-003,Dubai DC,Dubai,AE,Cairo,EG,381,1366.02,sea,chargers,21200.16,0
SO-07242,2026-04-04,C-KAR-015,Dubai DC,Dubai,AE,Karachi,PK,321,1237.86,sea,chargers,13038.41,0
SO-00400,2026-04-05,C-LON-004,Rotterdam DC,Rotterdam,NL,London,GB,339,1163.44,road,cases,33680.35,0
SO-02253,2026-04-05,C-TOK-013,Shenzhen DC,Shenzhen,CN,Tokyo,JP,560,1103.87,sea,audio,25512.58,0
SO-02299,2026-04-05,C-TOK-024,Shenzhen DC,Shenzhen,CN,Tokyo,JP,580,1321.19,sea,storage,30826.79,0
SO-02600,2026-04-05,C-SEO-039,Shenzhen DC,Shenzhen,CN,Seoul,KR,164,525.94,sea,audio,37310.0,0
SO-02996,2026-04-05,C-BAN-038,Shenzhen DC,Shenzhen,CN,Bangkok,TH,325,512.41,sea,wearables,19855.16,0
SO-03051,2026-04-05,C-BAN-023,Shenzhen DC,Shenzhen,CN,Bangkok,TH,340,1181.15,sea,audio,20446.39,0
SO-03353,2026-04-05,C-MAN-031,Shenzhen DC,Shenzhen,CN,Manila,PH,793,1239.02,sea,audio,17723.49,0
SO-03617,2026-04-05,C-MUM-010,Shenzhen DC,Shenzhen,CN,Mumbai,IN,448,814.33,sea,chargers,27114.69,0
SO-03921,2026-04-05,C-SYD-020,Rotterdam DC,Rotterdam,NL,Sydney,AU,218,808.45,air,audio,33430.91,0
SO-04038,2026-04-05,C-AUC-019,Rotterdam DC,Rotterdam,NL,Auckland,NZ,592,892.89,air,audio,46430.52,0
SO-04152,2026-04-05,C-NEW-027,Memphis DC,Memphis,US,New York City,US,244,828.64,road,cables,18970.13,0
SO-04219,2026-04-05,C-NEW-027,Memphis DC,Memphis,US,New York City,US,562,1682.7,road,wearables,10249.5,0
SO-04463,2026-04-05,C-NEW-039,Memphis DC,Memphis,US,New York City,US,199,734.53,road,storage,25342.18,0
SO-04705,2026-04-05,C-CHI-021,Memphis DC,Memphis,US,Chicago,US,350,1179.7,road,cables,29142.53,0
SO-05184,2026-04-05,C-LOS-037,Memphis DC,Memphis,US,Los Angeles,US,574,1492.33,road,wearables,17058.84,0
SO-05299,2026-04-05,C-LOS-016,Memphis DC,Memphis,US,Los Angeles,US,266,701.65,road,cases,33251.4,1
SO-05341,2026-04-05,C-TOR-022,Memphis DC,Memphis,US,Toronto,CA,434,1173.34,road,cases,27597.54,0
SO-05906,2026-04-05,C-SAO-024,Memphis DC,Memphis,US,Sao Paulo,BR,524,1125.01,sea,wearables,28710.67,0
SO-06224,2026-04-05,C-BUE-037,Memphis DC,Memphis,US,Buenos Aires,AR,562,1046.64,sea,cables,27209.94,0
SO-06890,2026-04-05,C-NAI-022,Dubai DC,Dubai,AE,Nairobi,KE,173,541.42,air,cases,13634.1,0
SO-00363,2026-04-06,C-LON-035,Rotterdam DC,Rotterdam,NL,London,GB,902,1545.63,road,cases,29740.85,0
SO-00744,2026-04-06,C-BER-024,Rotterdam DC,Rotterdam,NL,Berlin,DE,1,0.5,road,cases,14013.84,0
SO-01097,2026-04-06,C-PAR-032,Rotterdam DC,Rotterdam,NL,Paris,FR,287,1142.42,road,cables,37575.87,1
SO-02656,2026-04-06,C-SIN-034,Shenzhen DC,Shenzhen,CN,Singapore,SG,425,984.24,sea,storage,33472.76,0
SO-03460,2026-04-06,C-MAN-021,Shenzhen DC,Shenzhen,CN,Manila,PH,224,447.25,sea,cases,29955.46,0
SO-03859,2026-04-06,C-SYD-025,Rotterdam DC,Rotterdam,NL,Sydney,AU,252,696.35,air,storage,32376.41,0
SO-03989,2026-04-06,C-AUC-027,Rotterdam DC,Rotterdam,NL,Auckland,NZ,94,336.09,air,audio,38291.7,0
SO-04045,2026-04-06,C-NEW-029,Memphis DC,Memphis,US,New York City,US,351,883.21,road,audio,22348.24,0
SO-05010,2026-04-06,C-LOS-016,Memphis DC,Memphis,US,Los Angeles,US,228,886.69,road,storage,40005.85,0
SO-05294,2026-04-06,C-LOS-027,Memphis DC,Memphis,US,Los Angeles,US,543,1525.91,road,storage,28876.65,0
SO-06052,2026-04-06,C-BOG-027,Memphis DC,Memphis,US,Bogota,CO,307,1053.53,air,audio,22647.28,0
SO-06104,2026-04-06,C-SAN-021,Memphis DC,Memphis,US,Santiago,CL,347,982.97,sea,cases,34698.03,0
SO-06177,2026-04-06,C-SAN-015,Memphis DC,Memphis,US,Santiago,CL,366,1133.28,sea,storage,20490.59,0
SO-07133,2026-04-06,C-JOH-002,Dubai DC,Dubai,AE,Johannesburg,ZA,368,572.65,sea,wearables,27151.41,0
SO-00369,2026-04-07,C-LON-033,Rotterdam DC,Rotterdam,NL,London,GB,676,1831.0,road,cables,23731.36,0
SO-00663,2026-04-07,C-BER-006,Rotterdam DC,Rotterdam,NL,Berlin,DE,609,1248.11,road,cases,22754.73,0
SO-00882,2026-04-07,C-PAR-019,Rotterdam DC,Rotterdam,NL,Paris,FR,470,1265.7,road,storage,37855.52,0
SO-01419,2026-04-07,C-MIL-030,Rotterdam DC,Rotterdam,NL,Milan,IT,372,1247.05,road,storage,17884.45,0
SO-01528,2026-04-07,C-MIL-012,Rotterdam DC,Rotterdam,NL,Milan,IT,819,1288.14,road,wearables,29327.33,0
SO-01738,2026-04-07,C-WAR-024,Rotterdam DC,Rotterdam,NL,Warsaw,PL,138,480.67,road,cases,19695.62,0
SO-02152,2026-04-07,C-TOK-032,Shenzhen DC,Shenzhen,CN,Tokyo,JP,302,787.16,sea,cases,39725.58,0
SO-02978,2026-04-07,C-BAN-024,Shenzhen DC,Shenzhen,CN,Bangkok,TH,936,1584.58,sea,cables,17614.67,0
SO-02995,2026-04-07,C-BAN-011,Shenzhen DC,Shenzhen,CN,Bangkok,TH,645,1479.6,sea,cases,14968.6,0
SO-03030,2026-04-07,C-BAN-029,Shenzhen DC,Shenzhen,CN,Bangkok,TH,185,720.02,sea,chargers,33078.69,0
SO-03037,2026-04-07,C-BAN-031,Shenzhen DC,Shenzhen,CN,Bangkok,TH,311,1166.02,sea,cables,30809.31,0
SO-03291,2026-04-07,C-JAK-033,Shenzhen DC,Shenzhen,CN,Jakarta,ID,596,1721.1,sea,cases,23088.16,0
SO-04067,2026-04-07,C-NEW-027,Memphis DC,Memphis,US,New York City,US,843,1314.1,road,storage,27574.62,0
SO-04140,2026-04-07,C-NEW-035,Memphis DC,Memphis,US,New York City,US,341,1081.36,road,chargers,27589.94,0
SO-04327,2026-04-07,C-NEW-026,Memphis DC,Memphis,US,New York City,US,447,1030.97,road,chargers,19785.13,0
SO-05031,2026-04-07,C-LOS-007,Memphis DC,Memphis,US,Los Angeles,US,362,939.79,road,wearables,30701.87,0
SO-05080,2026-04-07,C-LOS-021,Memphis DC,Memphis,US,Los Angeles,US,423,1624.22,road,audio,32385.48,1
SO-05152,2026-04-07,C-LOS-005,Memphis DC,Memphis,US,Los Angeles,US,344,834.83,road,audio,27382.65,1
SO-05202,2026-04-07,C-LOS-023,Memphis DC,Memphis,US,Los Angeles,US,552,847.74,road,cables,39793.45,0
SO-05606,2026-04-07,C-MEX-012,Memphis DC,Memphis,US,Mexico City,MX,569,1372.56,road,wearables,25904.51,0
SO-07184,2026-04-07,C-JOH-034,Dubai DC,Dubai,AE,Johannesburg,ZA,337,705.98,sea,wearables,16985.27,0
SO-00024,2026-04-08,C-LON-001,Rotterdam DC,Rotterdam,NL,London,GB,260,784.14,road,wearables,14209.65,0
SO-01483,2026-04-08,C-MIL-026,Rotterdam DC,Rotterdam,NL,Milan,IT,269,1029.65,road,cables,20076.91,0
SO-01722,2026-04-08,C-WAR-033,Rotterdam DC,Rotterdam,NL,Warsaw,PL,405,1345.35,road,wearables,35725.23,0
SO-02464,2026-04-08,C-SEO-024,Shenzhen DC,Shenzhen,CN,Seoul,KR,272,925.36,sea,storage,36361.33,0
SO-02508,2026-04-08,C-SEO-001,Shenzhen DC,Shenzhen,CN,Seoul,KR,369,1361.54,sea,storage,34798.79,0
SO-02842,2026-04-08,C-SIN-018,Shenzhen DC,Shenzhen,CN,Singapore,SG,321,569.23,sea,cases,29704.26,0
SO-03080,2026-04-08,C-BAN-030,Shenzhen DC,Shenzhen,CN,Bangkok,TH,644,1410.69,sea,audio,45200.03,0
SO-03665,2026-04-08,C-MUM-033,Shenzhen DC,Shenzhen,CN,Mumbai,IN,367,1426.47,sea,chargers,22311.98,0
SO-04005,2026-04-08,C-AUC-036,Rotterdam DC,Rotterdam,NL,Auckland,NZ,597,861.78,air,storage,32646.61,0
SO-04229,2026-04-08,C-NEW-022,Memphis DC,Memphis,US,New York City,US,732,1262.28,road,audio,23794.18,0
SO-04312,2026-04-08,C-NEW-009,Memphis DC,Memphis,US,New York City,US,527,1048.26,road,cables,13186.97,0
SO-04836,2026-04-08,C-CHI-038,Memphis DC,Memphis,US,Chicago,US,393,1242.17,road,chargers,34270.15,1
SO-05105,2026-04-08,C-LOS-002,Memphis DC,Memphis,US,Los Angeles,US,314,1032.46,road,cases,23644.75,0
SO-05597,2026-04-08,C-MEX-035,Memphis DC,Memphis,US,Mexico City,MX,447,984.2,road,cables,26163.43,1
SO-05796,2026-04-08,C-SAO-005,Memphis DC,Memphis,US,Sao Paulo,BR,114,285.76,sea,storage,24496.6,0
SO-06208,2026-04-08,C-SAN-016,Memphis DC,Memphis,US,Santiago,CL,630,2076.33,sea,cables,23295.42,0
SO-06716,2026-04-08,C-CAI-027,Dubai DC,Dubai,AE,Cairo,EG,480,1887.81,sea,chargers,18258.18,0
SO-07330,2026-04-08,C-KAR-015,Dubai DC,Dubai,AE,Karachi,PK,375,1388.47,sea,cases,21194.46,0
SO-00392,2026-04-09,C-LON-005,Rotterdam DC,Rotterdam,NL,London,GB,745,1486.71,road,storage,28853.73,0
SO-00396,2026-04-09,C-LON-033,Rotterdam DC,Rotterdam,NL,London,GB,410,1213.34,road,cases,21379.18,0
SO-00530,2026-04-09,C-BER-024,Rotterdam DC,Rotterdam,NL,Berlin,DE,457,1437.04,road,wearables,40690.87,0
SO-01023,2026-04-09,C-PAR-004,Rotterdam DC,Rotterdam,NL,Paris,FR,615,1028.01,road,cables,36523.4,0
SO-01135,2026-04-09,C-MAD-013,Rotterdam DC,Rotterdam,NL,Madrid,ES,554,1260.07,road,wearables,23650.76,0
SO-01381,2026-04-09,C-MIL-015,Rotterdam DC,Rotterdam,NL,Milan,IT,413,1009.29,road,storage,12729.5,0
SO-01400,2026-04-09,C-MIL-035,Rotterdam DC,Rotterdam,NL,Milan,IT,434,1092.68,road,audio,25550.02,0
SO-01489,2026-04-09,C-MIL-016,Rotterdam DC,Rotterdam,NL,Milan,IT,144,406.74,road,audio,22814.35,0
SO-01683,2026-04-09,C-WAR-022,Rotterdam DC,Rotterdam,NL,Warsaw,PL,685,1395.12,road,wearables,32579.63,0
SO-02306,2026-04-09,C-TOK-007,Shenzhen DC,Shenzhen,CN,Tokyo,JP,679,1017.35,sea,wearables,30879.85,0
SO-02780,2026-04-09,C-SIN-017,Shenzhen DC,Shenzhen,CN,Singapore,SG,375,546.41,sea,wearables,26958.76,0
SO-03180,2026-04-09,C-JAK-008,Shenzhen DC,Shenzhen,CN,Jakarta,ID,784,1298.42,sea,wearables,28397.13,0
SO-03482,2026-04-09,C-MAN-017,Shenzhen DC,Shenzhen,CN,Manila,PH,326,933.51,sea,chargers,17834.37,0
SO-03620,2026-04-09,C-MUM-004,Shenzhen DC,Shenzhen,CN,Mumbai,IN,363,1154.83,sea,cases,15487.79,0
SO-03636,2026-04-09,C-MUM-018,Shenzhen DC,Shenzhen,CN,Mumbai,IN,492,1729.95,sea,wearables,36212.48,0
SO-03762,2026-04-09,C-SYD-006,Rotterdam DC,Rotterdam,NL,Sydney,AU,175,412.38,air,chargers,35781.68,0
SO-04234,2026-04-09,C-NEW-033,Memphis DC,Memphis,US,New York City,US,825,1178.4,road,wearables,24368.68,0
SO-04251,2026-04-09,C-NEW-010,Memphis DC,Memphis,US,New York City,US,779,1138.93,road,chargers,25111.49,0
SO-04543,2026-04-09,C-CHI-022,Memphis DC,Memphis,US,Chicago,US,371,625.28,road,cables,22956.23,0
SO-05024,2026-04-09,C-LOS-026,Memphis DC,Memphis,US,Los Angeles,US,342,1321.07,road,storage,22612.13,0
SO-05196,2026-04-09,C-LOS-007,Memphis DC,Memphis,US,Los Angeles,US,274,801.98,road,audio,25542.69,0
SO-05618,2026-04-09,C-MEX-023,Memphis DC,Memphis,US,Mexico City,MX,562,1792.14,road,cases,30111.59,0
SO-05775,2026-04-09,C-SAO-023,Memphis DC,Memphis,US,Sao Paulo,BR,565,941.11,sea,chargers,27751.86,0
SO-05803,2026-04-09,C-SAO-038,Memphis DC,Memphis,US,Sao Paulo,BR,568,1722.44,sea,chargers,26590.19,0
SO-06489,2026-04-09,C-RIY-029,Dubai DC,Dubai,AE,Riyadh,SA,1022,1725.31,road,cases,22884.81,0
SO-06621,2026-04-09,C-CAI-030,Dubai DC,Dubai,AE,Cairo,EG,226,437.54,sea,cases,10945.37,0
SO-06622,2026-04-09,C-CAI-017,Dubai DC,Dubai,AE,Cairo,EG,448,1051.38,sea,storage,21486.1,0
SO-06864,2026-04-09,C-NAI-015,Dubai DC,Dubai,AE,Nairobi,KE,277,791.56,air,wearables,17124.29,0
SO-06977,2026-04-09,C-LAG-027,Dubai DC,Dubai,AE,Lagos,NG,189,596.22,air,storage,16181.34,0
SO-07264,2026-04-09,C-KAR-020,Dubai DC,Dubai,AE,Karachi,PK,172,604.34,sea,wearables,37656.95,0
SO-00411,2026-04-10,C-BER-039,Rotterdam DC,Rotterdam,NL,Berlin,DE,430,809.26,road,wearables,29985.13,0
SO-00524,2026-04-10,C-BER-020,Rotterdam DC,Rotterdam,NL,Berlin,DE,221,760.26,road,audio,20399.55,0
SO-01274,2026-04-10,C-MAD-002,Rotterdam DC,Rotterdam,NL,Madrid,ES,765,1663.95,road,cases,26604.54,0
SO-01372,2026-04-10,C-MIL-022,Rotterdam DC,Rotterdam,NL,Milan,IT,232,890.81,road,storage,29244.24,0
SO-02346,2026-04-10,C-TOK-025,Shenzhen DC,Shenzhen,CN,Tokyo,JP,344,750.3,sea,cables,10976.41,0
SO-02997,2026-04-10,C-BAN-039,Shenzhen DC,Shenzhen,CN,Bangkok,TH,259,810.4,sea,cases,17737.43,0
SO-03364,2026-04-10,C-MAN-016,Shenzhen DC,Shenzhen,CN,Manila,PH,506,1529.95,sea,cases,32805.18,0
SO-03739,2026-04-10,C-SYD-010,Rotterdam DC,Rotterdam,NL,Sydney,AU,178,396.35,air,cases,27701.98,0
SO-04970,2026-04-10,C-LOS-030,Memphis DC,Memphis,US,Los Angeles,US,394,1386.58,road,cables,28698.99,0
SO-05374,2026-04-10,C-TOR-036,Memphis DC,Memphis,US,Toronto,CA,294,741.02,road,cases,20622.48,0
SO-05568,2026-04-10,C-MEX-033,Memphis DC,Memphis,US,Mexico City,MX,445,1089.26,road,storage,27963.44,0
SO-05918,2026-04-10,C-SAO-002,Memphis DC,Memphis,US,Sao Paulo,BR,495,1552.5,sea,cases,15440.12,0
SO-06090,2026-04-10,C-BOG-013,Memphis DC,Memphis,US,Bogota,CO,178,667.28,air,cables,13039.5,0
SO-06118,2026-04-10,C-SAN-037,Memphis DC,Memphis,US,Santiago,CL,54,210.32,sea,storage,30697.07,0
SO-06176,2026-04-10,C-SAN-034,Memphis DC,Memphis,US,Santiago,CL,721,1540.13,sea,cases,19273.39,0
SO-00206,2026-04-11,C-LON-032,Rotterdam DC,Rotterdam,NL,London,GB,497,1646.7,road,storage,25026.93,0
SO-01006,2026-04-11,C-PAR-029,Rotterdam DC,Rotterdam,NL,Paris,FR,387,1248.52,road,storage,20252.44,0
SO-01318,2026-04-11,C-MAD-029,Rotterdam DC,Rotterdam,NL,Madrid,ES,445,807.43,road,wearables,19855.26,0
SO-01397,2026-04-11,C-MIL-008,Rotterdam DC,Rotterdam,NL,Milan,IT,687,1252.81,road,storage,18359.88,0
SO-01414,2026-04-11,C-MIL-032,Rotterdam DC,Rotterdam,NL,Milan,IT,424,1656.93,road,chargers,10870.16,0
SO-01726,2026-04-11,C-WAR-010,Rotterdam DC,Rotterdam,NL,Warsaw,PL,356,526.26,road,cables,35963.76,0
SO-01991,2026-04-11,C-DUB-038,Rotterdam DC,Rotterdam,NL,Dublin,IE,234,933.77,air,cases,23012.01,0
SO-02263,2026-04-11,C-TOK-003,Shenzhen DC,Shenzhen,CN,Tokyo,JP,183,587.99,sea,storage,18192.14,0
SO-02792,2026-04-11,C-SIN-013,Shenzhen DC,Shenzhen,CN,Singapore,SG,147,311.85,sea,storage,34368.36,0
SO-02967,2026-04-11,C-BAN-022,Shenzhen DC,Shenzhen,CN,Bangkok,TH,173,689.5,sea,chargers,31497.56,0
SO-03229,2026-04-11,C-JAK-005,Shenzhen DC,Shenzhen,CN,Jakarta,ID,1100,1657.59,sea,cables,34889.12,0
SO-03317,2026-04-11,C-JAK-033,Shenzhen DC,Shenzhen,CN,Jakarta,ID,551,1571.03,sea,audio,19061.18,0
SO-03876,2026-04-11,C-SYD-005,Rotterdam DC,Rotterdam,NL,Sydney,AU,448,959.84,air,chargers,34560.78,0
SO-04214,2026-04-11,C-NEW-026,Memphis DC,Memphis,US,New York City,US,226,894.05,road,chargers,25430.88,0
SO-04227,2026-04-11,C-NEW-022,Memphis DC,Memphis,US,New York City,US,391,1351.43,road,storage,22400.22,0
SO-04275,2026-04-11,C-NEW-023,Memphis DC,Memphis,US,New York City,US,788,1290.94,road,wearables,19568.55,0
SO-04631,2026-04-11,C-CHI-033,Memphis DC,Memphis,US,Chicago,US,664,1254.93,road,cases,19736.64,0
SO-04693,2026-04-11,C-CHI-015,Memphis DC,Memphis,US,Chicago,US,313,1103.13,road,cables,25030.3,0
SO-04733,2026-04-11,C-CHI-022,Memphis DC,Memphis,US,Chicago,US,399,1087.85,road,cables,32965.65,0
SO-05322,2026-04-11,C-TOR-031,Memphis DC,Memphis,US,Toronto,CA,347,989.71,road,wearables,33209.84,0
SO-06020,2026-04-11,C-BOG-022,Memphis DC,Memphis,US,Bogota,CO,443,707.74,air,audio,26103.72,0
SO-06407,2026-04-11,C-RIY-023,Dubai DC,Dubai,AE,Riyadh,SA,999,2312.37,road,chargers,37575.37,0
SO-06437,2026-04-11,C-RIY-027,Dubai DC,Dubai,AE,Riyadh,SA,477,1289.46,road,cases,29868.71,0
SO-00657,2026-04-12,C-BER-030,Rotterdam DC,Rotterdam,NL,Berlin,DE,477,1676.24,road,chargers,29530.4,0
SO-01066,2026-04-12,C-PAR-010,Rotterdam DC,Rotterdam,NL,Paris,FR,269,1049.39,road,chargers,28112.48,0
SO-01496,2026-04-12,C-MIL-002,Rotterdam DC,Rotterdam,NL,Milan,IT,276,408.9,road,wearables,31666.78,0
SO-01769,2026-04-12,C-WAR-035,Rotterdam DC,Rotterdam,NL,Warsaw,PL,551,1294.55,road,storage,25649.66,0
SO-01914,2026-04-12,C-STO-001,Rotterdam DC,Rotterdam,NL,Stockholm,SE,239,801.85,road,cables,24040.82,0
SO-02670,2026-04-12,C-SIN-019,Shenzhen DC,Shenzhen,CN,Singapore,SG,182,472.42,sea,cables,20343.03,0
SO-02918,2026-04-12,C-SIN-006,Shenzhen DC,Shenzhen,CN,Singapore,SG,688,1094.25,sea,wearables,13238.41,0
SO-03078,2026-04-12,C-BAN-001,Shenzhen DC,Shenzhen,CN,Bangkok,TH,557,783.61,sea,chargers,41485.13,0
SO-03275,2026-04-12,C-JAK-029,Shenzhen DC,Shenzhen,CN,Jakarta,ID,15,49.97,sea,wearables,31453.1,0
SO-03393,2026-04-12,C-MAN-010,Shenzhen DC,Shenzhen,CN,Manila,PH,197,487.79,sea,audio,20380.76,0
SO-03459,2026-04-12,C-MAN-007,Shenzhen DC,Shenzhen,CN,Manila,PH,346,796.33,sea,cases,14113.81,0
SO-03505,2026-04-12,C-MUM-030,Shenzhen DC,Shenzhen,CN,Mumbai,IN,1325,1946.02,sea,wearables,13540.52,0
SO-03555,2026-04-12,C-MUM-012,Shenzhen DC,Shenzhen,CN,Mumbai,IN,273,986.47,sea,wearables,28521.11,0
SO-03793,2026-04-12,C-SYD-021,Rotterdam DC,Rotterdam,NL,Sydney,AU,620,929.45,air,chargers,27677.79,0
SO-04647,2026-04-12,C-CHI-037,Memphis DC,Memphis,US,Chicago,US,464,1450.92,road,audio,17162.14,0
SO-06157,2026-04-12,C-SAN-015,Memphis DC,Memphis,US,Santiago,CL,924,1320.22,sea,storage,21538.08,0
SO-06581,2026-04-12,C-RIY-025,Dubai DC,Dubai,AE,Riyadh,SA,440,1177.21,road,storage,15472.05,0
SO-06592,2026-04-12,C-RIY-021,Dubai DC,Dubai,AE,Riyadh,SA,167,441.48,road,cases,38434.57,0
SO-06945,2026-04-12,C-LAG-015,Dubai DC,Dubai,AE,Lagos,NG,233,783.38,air,cables,15210.16,1
SO-07003,2026-04-12,C-LAG-013,Dubai DC,Dubai,AE,Lagos,NG,261,584.22,air,cables,21080.43,0
SO-00010,2026-04-13,C-LON-039,Rotterdam DC,Rotterdam,NL,London,GB,811,1474.41,road,cases,23337.25,0
SO-00539,2026-04-13,C-BER-004,Rotterdam DC,Rotterdam,NL,Berlin,DE,257,938.03,road,cases,23923.84,0
SO-00571,2026-04-13,C-BER-005,Rotterdam DC,Rotterdam,NL,Berlin,DE,336,1082.5,road,chargers,20909.06,0
SO-01012,2026-04-13,C-PAR-016,Rotterdam DC,Rotterdam,NL,Paris,FR,667,1669.03,road,storage,21150.25,0
SO-01886,2026-04-13,C-STO-021,Rotterdam DC,Rotterdam,NL,Stockholm,SE,482,1188.67,road,chargers,18278.39,0
SO-02140,2026-04-13,C-TOK-032,Shenzhen DC,Shenzhen,CN,Tokyo,JP,549,988.68,sea,cables,16078.16,0
SO-02304,2026-04-13,C-TOK-019,Shenzhen DC,Shenzhen,CN,Tokyo,JP,830,1303.56,sea,cables,38922.46,0
SO-03034,2026-04-13,C-BAN-030,Shenzhen DC,Shenzhen,CN,Bangkok,TH,551,1110.08,sea,wearables,11520.16,0
SO-03323,2026-04-13,C-JAK-023,Shenzhen DC,Shenzhen,CN,Jakarta,ID,270,586.88,sea,cables,18990.32,1
SO-03938,2026-04-13,C-AUC-031,Rotterdam DC,Rotterdam,NL,Auckland,NZ,183,479.82,air,audio,14410.42,0
SO-03970,2026-04-13,C-AUC-039,Rotterdam DC,Rotterdam,NL,Auckland,NZ,297,1080.62,air,chargers,31755.63,0
SO-04264,2026-04-13,C-NEW-029,Memphis DC,Memphis,US,New York City,US,829,1444.44,road,cases,25805.54,1
SO-04407,2026-04-13,C-NEW-039,Memphis DC,Memphis,US,New York City,US,248,525.95,road,wearables,10543.13,0
SO-04751,2026-04-13,C-CHI-033,Memphis DC,Memphis,US,Chicago,US,529,1412.86,road,audio,30120.36,0
SO-04753,2026-04-13,C-CHI-002,Memphis DC,Memphis,US,Chicago,US,390,1380.71,road,cables,24673.7,0
SO-04772,2026-04-13,C-CHI-016,Memphis DC,Memphis,US,Chicago,US,218,489.46,road,audio,41525.53,0
SO-04773,2026-04-13,C-CHI-028,Memphis DC,Memphis,US,Chicago,US,346,1323.56,road,wearables,46870.53,0
SO-04779,2026-04-13,C-CHI-036,Memphis DC,Memphis,US,Chicago,US,496,1495.98,road,cables,17962.5,0
SO-05264,2026-04-13,C-LOS-028,Memphis DC,Memphis,US,Los Angeles,US,230,704.01,road,audio,30569.78,0
SO-05273,2026-04-13,C-LOS-039,Memphis DC,Memphis,US,Los Angeles,US,263,931.72,road,cables,28637.94,0
SO-05528,2026-04-13,C-TOR-013,Memphis DC,Memphis,US,Toronto,CA,529,1185.91,road,cables,21458.33,0
SO-05676,2026-04-13,C-MEX-002,Memphis DC,Memphis,US,Mexico City,MX,506,1747.52,road,cases,25393.34,0
SO-05689,2026-04-13,C-MEX-004,Memphis DC,Memphis,US,Mexico City,MX,792,2511.41,road,storage,21820.08,0
SO-05797,2026-04-13,C-SAO-002,Memphis DC,Memphis,US,Sao Paulo,BR,586,1762.35,sea,wearables,25833.9,0
SO-06160,2026-04-13,C-SAN-018,Memphis DC,Memphis,US,Santiago,CL,617,1041.27,sea,chargers,20838.87,0
SO-06628,2026-04-13,C-CAI-019,Dubai DC,Dubai,AE,Cairo,EG,257,649.38,sea,audio,22930.05,0
SO-06783,2026-04-13,C-CAI-011,Dubai DC,Dubai,AE,Cairo,EG,455,1444.83,sea,chargers,17102.92,1
SO-06982,2026-04-13,C-LAG-037,Dubai DC,Dubai,AE,Lagos,NG,211,663.73,air,chargers,19985.74,0
SO-07058,2026-04-13,C-LAG-009,Dubai DC,Dubai,AE,Lagos,NG,492,1005.29,air,wearables,17136.42,1
SO-07100,2026-04-13,C-JOH-018,Dubai DC,Dubai,AE,Johannesburg,ZA,989,1791.16,sea,cables,16230.12,0
SO-00167,2026-04-14,C-LON-001,Rotterdam DC,Rotterdam,NL,London,GB,257,654.87,road,cases,31216.15,0
SO-01076,2026-04-14,C-PAR-008,Rotterdam DC,Rotterdam,NL,Paris,FR,477,1569.88,road,cables,25796.84,0
SO-01221,2026-04-14,C-MAD-005,Rotterdam DC,Rotterdam,NL,Madrid,ES,748,1748.31,road,storage,44792.69,0
SO-01875,2026-04-14,C-STO-006,Rotterdam DC,Rotterdam,NL,Stockholm,SE,591,1097.77,road,storage,31535.14,0
SO-02085,2026-04-14,C-TOK-011,Shenzhen DC,Shenzhen,CN,Tokyo,JP,586,876.78,sea,cases,30669.62,0
SO-02178,2026-04-14,C-TOK-019,Shenzhen DC,Shenzhen,CN,Tokyo,JP,156,618.84,sea,cases,30255.01,0
SO-02206,2026-04-14,C-TOK-001,Shenzhen DC,Shenzhen,CN,Tokyo,JP,285,898.45,sea,cables,27143.23,0
SO-02626,2026-04-14,C-SEO-008,Shenzhen DC,Shenzhen,CN,Seoul,KR,455,1071.58,sea,audio,33610.62,0
SO-02830,2026-04-14,C-SIN-019,Shenzhen DC,Shenzhen,CN,Singapore,SG,509,1288.11,sea,cables,38643.97,0
SO-03024,2026-04-14,C-BAN-016,Shenzhen DC,Shenzhen,CN,Bangkok,TH,494,1188.91,sea,cables,25857.11,0
SO-03882,2026-04-14,C-SYD-008,Rotterdam DC,Rotterdam,NL,Sydney,AU,353,1008.67,air,storage,18031.27,1
SO-04018,2026-04-14,C-AUC-032,Rotterdam DC,Rotterdam,NL,Auckland,NZ,327,988.69,air,chargers,31862.96,0
SO-04569,2026-04-14,C-CHI-022,Memphis DC,Memphis,US,Chicago,US,453,967.37,road,cables,27271.94,0
SO-04695,2026-04-14,C-CHI-005,Memphis DC,Memphis,US,Chicago,US,468,1243.36,road,audio,21716.64,0
SO-04978,2026-04-14,C-LOS-038,Memphis DC,Memphis,US,Los Angeles,US,226,758.91,road,wearables,30121.43,0
SO-05062,2026-04-14,C-LOS-003,Memphis DC,Memphis,US,Los Angeles,US,511,1359.04,road,wearables,28423.41,0
SO-05896,2026-04-14,C-SAO-019,Memphis DC,Memphis,US,Sao Paulo,BR,806,1392.45,sea,chargers,27352.62,0
SO-05932,2026-04-14,C-SAO-009,Memphis DC,Memphis,US,Sao Paulo,BR,621,2233.57,sea,cables,22006.3,0
SO-06327,2026-04-14,C-BUE-020,Memphis DC,Memphis,US,Buenos Aires,AR,309,1019.7,sea,chargers,32731.3,1
SO-06387,2026-04-14,C-RIY-014,Dubai DC,Dubai,AE,Riyadh,SA,303,931.88,road,audio,24236.73,0
SO-06484,2026-04-14,C-RIY-022,Dubai DC,Dubai,AE,Riyadh,SA,651,2201.98,road,audio,29780.98,0
SO-06503,2026-04-14,C-RIY-038,Dubai DC,Dubai,AE,Riyadh,SA,483,1240.11,road,storage,28803.47,0
SO-06804,2026-04-14,C-NAI-029,Dubai DC,Dubai,AE,Nairobi,KE,392,932.23,air,wearables,19363.36,0
SO-06831,2026-04-14,C-NAI-031,Dubai DC,Dubai,AE,Nairobi,KE,30,72.0,air,cables,24367.25,0
SO-06924,2026-04-14,C-NAI-037,Dubai DC,Dubai,AE,Nairobi,KE,281,662.64,air,wearables,34236.61,0
SO-00955,2026-04-15,C-PAR-025,Rotterdam DC,Rotterdam,NL,Paris,FR,304,1184.78,road,audio,33403.15,0
SO-01384,2026-04-15,C-MIL-020,Rotterdam DC,Rotterdam,NL,Milan,IT,497,1277.76,road,chargers,33918.56,0
SO-01418,2026-04-15,C-MIL-007,Rotterdam DC,Rotterdam,NL,Milan,IT,362,1024.19,road,chargers,11550.68,0
SO-01806,2026-04-15,C-STO-019,Rotterdam DC,Rotterdam,NL,Stockholm,SE,587,836.14,road,cases,25856.45,0
SO-01936,2026-04-15,C-STO-027,Rotterdam DC,Rotterdam,NL,Stockholm,SE,670,1808.14,road,cases,29916.31,0
SO-02241,2026-04-15,C-TOK-011,Shenzhen DC,Shenzhen,CN,Tokyo,JP,314,581.97,sea,cases,31984.17,0
SO-03279,2026-04-15,C-JAK-023,Shenzhen DC,Shenzhen,CN,Jakarta,ID,999,2012.19,sea,chargers,25151.59,0
SO-03334,2026-04-15,C-JAK-022,Shenzhen DC,Shenzhen,CN,Jakarta,ID,270,857.08,sea,audio,25592.75,0
SO-03368,2026-04-15,C-MAN-017,Shenzhen DC,Shenzhen,CN,Manila,PH,620,1247.51,sea,storage,27496.65,0
SO-03433,2026-04-15,C-MAN-034,Shenzhen DC,Shenzhen,CN,Manila,PH,186,602.05,sea,cables,34369.39,0
SO-03726,2026-04-15,C-MUM-023,Shenzhen DC,Shenzhen,CN,Mumbai,IN,189,739.94,sea,storage,32276.28,0
SO-03789,2026-04-15,C-SYD-037,Rotterdam DC,Rotterdam,NL,Sydney,AU,525,896.7,air,chargers,31655.13,0
SO-04487,2026-04-15,C-NEW-038,Memphis DC,Memphis,US,New York City,US,248,785.81,road,cases,25042.35,0
SO-05441,2026-04-15,C-TOR-025,Memphis DC,Memphis,US,Toronto,CA,472,1319.69,road,cables,23933.73,0
SO-06131,2026-04-15,C-SAN-017,Memphis DC,Memphis,US,Santiago,CL,691,1644.78,sea,storage,17928.9,0
SO-06789,2026-04-15,C-CAI-033,Dubai DC,Dubai,AE,Cairo,EG,328,1053.41,sea,audio,28258.84,0
SO-06956,2026-04-15,C-LAG-007,Dubai DC,Dubai,AE,Lagos,NG,502,1016.14,air,storage,22799.39,0
SO-00349,2026-04-16,C-LON-032,Rotterdam DC,Rotterdam,NL,London,GB,591,1274.76,road,audio,13618.63,1
SO-00567,2026-04-16,C-BER-026,Rotterdam DC,Rotterdam,NL,Berlin,DE,526,1365.69,road,audio,34672.57,0
SO-00847,2026-04-16,C-PAR-034,Rotterdam DC,Rotterdam,NL,Paris,FR,556,1064.53,road,cables,32716.91,0
SO-00901,2026-04-16,C-PAR-016,Rotterdam DC,Rotterdam,NL,Paris,FR,445,1253.67,road,wearables,25954.66,0
SO-00938,2026-04-16,C-PAR-038,Rotterdam DC,Rotterdam,NL,Paris,FR,448,1626.72,road,chargers,21890.48,0
SO-02211,2026-04-16,C-TOK-019,Shenzhen DC,Shenzhen,CN,Tokyo,JP,492,1381.75,sea,cables,30715.22,0
SO-02425,2026-04-16,C-SEO-015,Shenzhen DC,Shenzhen,CN,Seoul,KR,124,452.31,sea,wearables,33294.83,1
SO-02514,2026-04-16,C-SEO-036,Shenzhen DC,Shenzhen,CN,Seoul,KR,455,1092.31,sea,wearables,37047.35,0
SO-02637,2026-04-16,C-SEO-012,Shenzhen DC,Shenzhen,CN,Seoul,KR,954,1638.59,sea,cases,35873.89,0
SO-03504,2026-04-16,C-MUM-010,Shenzhen DC,Shenzhen,CN,Mumbai,IN,471,745.55,sea,cables,26282.22,0
SO-03603,2026-04-16,C-MUM-001,Shenzhen DC,Shenzhen,CN,Mumbai,IN,660,1073.93,sea,audio,30690.26,0
SO-04169,2026-04-16,C-NEW-011,Memphis DC,Memphis,US,New York City,US,247,889.99,road,chargers,28259.96,0
SO-04315,2026-04-16,C-NEW-019,Memphis DC,Memphis,US,New York City,US,544,1297.67,road,chargers,21164.39,0
SO-04834,2026-04-16,C-CHI-038,Memphis DC,Memphis,US,Chicago,US,523,1415.56,road,storage,20364.98,0
SO-04840,2026-04-16,C-CHI-007,Memphis DC,Memphis,US,Chicago,US,85,271.26,road,chargers,37536.28,0
SO-05109,2026-04-16,C-LOS-016,Memphis DC,Memphis,US,Los Angeles,US,402,1580.82,road,storage,14640.06,0
SO-05706,2026-04-16,C-MEX-036,Memphis DC,Memphis,US,Mexico City,MX,419,1675.84,road,storage,18503.28,1
SO-05962,2026-04-16,C-BOG-018,Memphis DC,Memphis,US,Bogota,CO,369,529.0,air,cables,23436.27,0
SO-05978,2026-04-16,C-BOG-014,Memphis DC,Memphis,US,Bogota,CO,560,883.99,air,chargers,23418.11,1
SO-06028,2026-04-16,C-BOG-004,Memphis DC,Memphis,US,Bogota,CO,199,683.49,air,cases,15413.59,0
SO-06041,2026-04-16,C-BOG-032,Memphis DC,Memphis,US,Bogota,CO,302,953.06,air,cables,21784.46,0
SO-06148,2026-04-16,C-SAN-024,Memphis DC,Memphis,US,Santiago,CL,488,972.84,sea,audio,18383.37,0
SO-06731,2026-04-16,C-CAI-015,Dubai DC,Dubai,AE,Cairo,EG,762,1573.54,sea,storage,21467.71,0
SO-07119,2026-04-16,C-JOH-034,Dubai DC,Dubai,AE,Johannesburg,ZA,372,774.56,sea,chargers,27939.87,0
SO-07301,2026-04-16,C-KAR-025,Dubai DC,Dubai,AE,Karachi,PK,154,469.32,sea,wearables,18649.17,0
SO-01117,2026-04-17,C-PAR-019,Rotterdam DC,Rotterdam,NL,Paris,FR,525,1235.75,road,wearables,17426.74,0
SO-02016,2026-04-17,C-DUB-024,Rotterdam DC,Rotterdam,NL,Dublin,IE,112,428.84,air,cables,18259.92,0
SO-02563,2026-04-17,C-SEO-028,Shenzhen DC,Shenzhen,CN,Seoul,KR,906,1451.56,sea,wearables,23416.88,0
SO-02855,2026-04-17,C-SIN-031,Shenzhen DC,Shenzhen,CN,Singapore,SG,126,474.29,sea,audio,34782.71,0
SO-03360,2026-04-17,C-MAN-018,Shenzhen DC,Shenzhen,CN,Manila,PH,539,865.05,sea,chargers,15771.52,0
SO-03467,2026-04-17,C-MAN-030,Shenzhen DC,Shenzhen,CN,Manila,PH,705,1410.41,sea,cases,20578.05,1
SO-03700,2026-04-17,C-MUM-038,Shenzhen DC,Shenzhen,CN,Mumbai,IN,481,1406.82,sea,storage,34415.3,0
SO-04011,2026-04-17,C-AUC-021,Rotterdam DC,Rotterdam,NL,Auckland,NZ,359,944.65,air,cables,38075.45,0
SO-04253,2026-04-17,C-NEW-014,Memphis DC,Memphis,US,New York City,US,949,1565.18,road,storage,22061.89,0
SO-04377,2026-04-17,C-NEW-025,Memphis DC,Memphis,US,New York City,US,242,857.37,road,wearables,32415.4,0
SO-05288,2026-04-17,C-LOS-033,Memphis DC,Memphis,US,Los Angeles,US,352,1350.46,road,audio,36190.91,0
SO-05413,2026-04-17,C-TOR-033,Memphis DC,Memphis,US,Toronto,CA,476,1323.55,road,cases,21832.23,0
SO-05460,2026-04-17,C-TOR-018,Memphis DC,Memphis,US,Toronto,CA,482,1100.32,road,storage,30899.67,0
SO-05527,2026-04-17,C-TOR-012,Memphis DC,Memphis,US,Toronto,CA,374,944.35,road,cables,22134.88,0
SO-05543,2026-04-17,C-TOR-036,Memphis DC,Memphis,US,Toronto,CA,253,925.69,road,storage,31060.25,0
SO-06089,2026-04-17,C-BOG-019,Memphis DC,Memphis,US,Bogota,CO,275,871.39,air,chargers,19760.52,0
SO-06109,2026-04-17,C-SAN-032,Memphis DC,Memphis,US,Santiago,CL,537,1424.29,sea,audio,17766.96,0
SO-06244,2026-04-17,C-BUE-032,Memphis DC,Memphis,US,Buenos Aires,AR,1000,1443.31,sea,audio,26475.7,0
SO-06350,2026-04-17,C-BUE-027,Memphis DC,Memphis,US,Buenos Aires,AR,305,1215.91,sea,audio,19084.95,0
SO-06427,2026-04-17,C-RIY-035,Dubai DC,Dubai,AE,Riyadh,SA,373,1432.02,road,chargers,44335.9,0
SO-06490,2026-04-17,C-RIY-022,Dubai DC,Dubai,AE,Riyadh,SA,437,1717.83,road,chargers,29419.53,0
SO-06576,2026-04-17,C-RIY-031,Dubai DC,Dubai,AE,Riyadh,SA,504,705.78,road,wearables,24121.95,0
SO-06722,2026-04-17,C-CAI-013,Dubai DC,Dubai,AE,Cairo,EG,400,985.39,sea,chargers,26118.59,0
SO-06961,2026-04-17,C-LAG-033,Dubai DC,Dubai,AE,Lagos,NG,449,1299.84,air,cables,11429.43,0
SO-07077,2026-04-17,C-JOH-034,Dubai DC,Dubai,AE,Johannesburg,ZA,241,603.92,sea,wearables,29484.7,0
SO-07150,2026-04-17,C-JOH-005,Dubai DC,Dubai,AE,Johannesburg,ZA,871,1463.07,sea,cases,29921.45,0
SO-07215,2026-04-17,C-JOH-004,Dubai DC,Dubai,AE,Johannesburg,ZA,909,1307.42,sea,cables,33540.95,0
SO-00056,2026-04-18,C-LON-032,Rotterdam DC,Rotterdam,NL,London,GB,390,1366.62,road,wearables,30799.3,0
SO-00308,2026-04-18,C-LON-018,Rotterdam DC,Rotterdam,NL,London,GB,18,59.55,road,wearables,13341.64,0
SO-00379,2026-04-18,C-LON-009,Rotterdam DC,Rotterdam,NL,London,GB,887,1279.18,road,chargers,25997.54,0
SO-01218,2026-04-18,C-MAD-009,Rotterdam DC,Rotterdam,NL,Madrid,ES,94,227.25,road,wearables,41067.52,0
SO-01245,2026-04-18,C-MAD-033,Rotterdam DC,Rotterdam,NL,Madrid,ES,1420,2064.67,road,chargers,8265.65,0
SO-01263,2026-04-18,C-MAD-038,Rotterdam DC,Rotterdam,NL,Madrid,ES,766,1638.54,road,cables,23067.49,0
SO-01335,2026-04-18,C-MAD-029,Rotterdam DC,Rotterdam,NL,Madrid,ES,364,1309.67,road,cases,25981.91,0
SO-01604,2026-04-18,C-WAR-029,Rotterdam DC,Rotterdam,NL,Warsaw,PL,838,1450.6,road,storage,38902.16,0
SO-02163,2026-04-18,C-TOK-004,Shenzhen DC,Shenzhen,CN,Tokyo,JP,401,1557.91,sea,storage,30322.14,0
SO-02718,2026-04-18,C-SIN-035,Shenzhen DC,Shenzhen,CN,Singapore,SG,323,1243.48,sea,audio,41759.47,0
SO-02845,2026-04-18,C-SIN-003,Shenzhen DC,Shenzhen,CN,Singapore,SG,763,1405.89,sea,chargers,16454.13,0
SO-03310,2026-04-18,C-JAK-025,Shenzhen DC,Shenzhen,CN,Jakarta,ID,406,1427.06,sea,wearables,17032.15,0
SO-03486,2026-04-18,C-MAN-036,Shenzhen DC,Shenzhen,CN,Manila,PH,469,1347.18,sea,cases,15404.81,0
SO-04403,2026-04-18,C-NEW-024,Memphis DC,Memphis,US,New York City,US,680,1361.94,road,cables,27072.17,0
SO-04697,2026-04-18,C-CHI-032,Memphis DC,Memphis,US,Chicago,US,502,1006.35,road,storage,27105.15,1
SO-04781,2026-04-18,C-CHI-025,Memphis DC,Memphis,US,Chicago,US,397,580.82,road,chargers,22703.55,0
SO-04831,2026-04-18,C-CHI-001,Memphis DC,Memphis,US,Chicago,US,564,842.3,road,storage,23989.27,0
SO-04905,2026-04-18,C-CHI-012,Memphis DC,Memphis,US,Chicago,US,863,1216.31,road,audio,24642.98,0
SO-04990,2026-04-18,C-LOS-002,Memphis DC,Memphis,US,Los Angeles,US,629,1478.12,road,audio,30236.98,0
SO-05311,2026-04-18,C-TOR-039,Memphis DC,Memphis,US,Toronto,CA,516,1247.47,road,storage,15626.78,0
SO-05722,2026-04-18,C-MEX-011,Memphis DC,Memphis,US,Mexico City,MX,288,835.98,road,wearables,16699.75,0
SO-05772,2026-04-18,C-SAO-039,Memphis DC,Memphis,US,Sao Paulo,BR,737,1558.53,sea,cables,28459.68,0
SO-06159,2026-04-18,C-SAN-013,Memphis DC,Memphis,US,Santiago,CL,1010,1673.03,sea,cases,23709.36,0
SO-06625,2026-04-18,C-CAI-026,Dubai DC,Dubai,AE,Cairo,EG,499,1267.08,sea,storage,24831.29,0
SO-06709,2026-04-18,C-CAI-013,Dubai DC,Dubai,AE,Cairo,EG,538,945.75,sea,cases,19585.43,0
SO-07377,2026-04-18,C-KAR-024,Dubai DC,Dubai,AE,Karachi,PK,432,1123.6,sea,audio,23896.19,0
SO-00529,2026-04-19,C-BER-026,Rotterdam DC,Rotterdam,NL,Berlin,DE,385,1318.61,road,wearables,20627.98,0
SO-01145,2026-04-19,C-MAD-001,Rotterdam DC,Rotterdam,NL,Madrid,ES,732,1663.27,road,chargers,22410.78,0
SO-01535,2026-04-19,C-MIL-007,Rotterdam DC,Rotterdam,NL,Milan,IT,599,975.39,road,cases,24380.93,0
SO-01598,2026-04-19,C-WAR-007,Rotterdam DC,Rotterdam,NL,Warsaw,PL,685,1544.59,road,storage,27934.36,1
SO-01649,2026-04-19,C-WAR-032,Rotterdam DC,Rotterdam,NL,Warsaw,PL,292,1058.37,road,storage,26097.22,0
SO-01674,2026-04-19,C-WAR-029,Rotterdam DC,Rotterdam,NL,Warsaw,PL,378,1137.16,road,cases,29353.92,0
SO-01858,2026-04-19,C-STO-003,Rotterdam DC,Rotterdam,NL,Stockholm,SE,114,302.06,road,cases,30515.47,0
SO-02109,2026-04-19,C-TOK-031,Shenzhen DC,Shenzhen,CN,Tokyo,JP,165,368.26,sea,cables,26111.06,0
SO-02705,2026-04-19,C-SIN-037,Shenzhen DC,Shenzhen,CN,Singapore,SG,303,887.06,sea,audio,25377.67,0
SO-02724,2026-04-19,C-SIN-021,Shenzhen DC,Shenzhen,CN,Singapore,SG,85,337.14,sea,wearables,33241.52,0
SO-03100,2026-04-19,C-BAN-031,Shenzhen DC,Shenzhen,CN,Bangkok,TH,344,865.92,sea,wearables,18243.87,0
SO-04630,2026-04-19,C-CHI-010,Memphis DC,Memphis,US,Chicago,US,357,958.4,road,chargers,32783.09,0
SO-04717,2026-04-19,C-CHI-019,Memphis DC,Memphis,US,Chicago,US,286,826.09,road,wearables,24206.4,0
SO-05004,2026-04-19,C-LOS-038,Memphis DC,Memphis,US,Los Angeles,US,926,1763.48,road,wearables,36614.78,0
SO-05450,2026-04-19,C-TOR-030,Memphis DC,Memphis,US,Toronto,CA,201,548.66,road,wearables,23929.88,1
SO-05599,2026-04-19,C-MEX-024,Memphis DC,Memphis,US,Mexico City,MX,606,1732.53,road,chargers,19115.52,1
SO-06690,2026-04-19,C-CAI-007,Dubai DC,Dubai,AE,Cairo,EG,242,735.29,sea,cases,27991.27,0
SO-06820,2026-04-19,C-NAI-022,Dubai DC,Dubai,AE,Nairobi,KE,252,967.44,air,cases,5736.17,0
SO-06885,2026-04-19,C-NAI-012,Dubai DC,Dubai,AE,Nairobi,KE,144,484.33,air,storage,14526.94,0
SO-06903,2026-04-19,C-NAI-020,Dubai DC,Dubai,AE,Nairobi,KE,298,980.82,air,cases,25525.08,0
SO-07066,2026-04-19,C-JOH-011,Dubai DC,Dubai,AE,Johannesburg,ZA,166,472.7,sea,storage,17091.88,0
SO-01863,2026-04-20,C-STO-029,Rotterdam DC,Rotterdam,NL,Stockholm,SE,535,1253.14,road,storage,24199.68,0
SO-02174,2026-04-20,C-TOK-021,Shenzhen DC,Shenzhen,CN,Tokyo,JP,369,1425.47,sea,cases,49379.16,0
SO-02438,2026-04-20,C-SEO-024,Shenzhen DC,Shenzhen,CN,Seoul,KR,356,704.14,sea,cases,29122.11,0
SO-02740,2026-04-20,C-SIN-035,Shenzhen DC,Shenzhen,CN,Singapore,SG,275,878.58,sea,wearables,12169.2,0
SO-02779,2026-04-20,C-SIN-016,Shenzhen DC,Shenzhen,CN,Singapore,SG,294,1059.46,sea,cables,19131.61,0
SO-02828,2026-04-20,C-SIN-021,Shenzhen DC,Shenzhen,CN,Singapore,SG,280,1115.92,sea,chargers,21899.12,0
SO-03114,2026-04-20,C-BAN-037,Shenzhen DC,Shenzhen,CN,Bangkok,TH,545,1598.71,sea,storage,14353.98,0
SO-03406,2026-04-20,C-MAN-039,Shenzhen DC,Shenzhen,CN,Manila,PH,553,820.48,sea,cables,21705.74,1
SO-04021,2026-04-20,C-AUC-019,Rotterdam DC,Rotterdam,NL,Auckland,NZ,186,356.09,air,storage,19218.41,0
SO-04293,2026-04-20,C-NEW-011,Memphis DC,Memphis,US,New York City,US,494,1219.29,road,wearables,33339.6,0
SO-04626,2026-04-20,C-CHI-023,Memphis DC,Memphis,US,Chicago,US,364,1142.72,road,wearables,30121.69,0
SO-04748,2026-04-20,C-CHI-015,Memphis DC,Memphis,US,Chicago,US,281,820.19,road,audio,25737.74,0
SO-04755,2026-04-20,C-CHI-008,Memphis DC,Memphis,US,Chicago,US,982,1461.94,road,storage,26202.03,1
SO-04867,2026-04-20,C-CHI-012,Memphis DC,Memphis,US,Chicago,US,421,1581.36,road,storage,44206.47,0
SO-05020,2026-04-20,C-LOS-019,Memphis DC,Memphis,US,Los Angeles,US,573,1299.81,road,storage,17987.63,0
SO-05407,2026-04-20,C-TOR-007,Memphis DC,Memphis,US,Toronto,CA,905,1946.08,road,audio,27184.93,0
SO-05755,2026-04-20,C-MEX-010,Memphis DC,Memphis,US,Mexico City,MX,346,1341.67,road,chargers,21322.16,0
SO-05816,2026-04-20,C-SAO-034,Memphis DC,Memphis,US,Sao Paulo,BR,686,1360.49,sea,wearables,25197.08,0
SO-05939,2026-04-20,C-SAO-015,Memphis DC,Memphis,US,Sao Paulo,BR,698,1850.21,sea,chargers,28794.54,0
SO-06073,2026-04-20,C-BOG-024,Memphis DC,Memphis,US,Bogota,CO,308,1036.62,air,storage,29094.33,0
SO-06196,2026-04-20,C-SAN-005,Memphis DC,Memphis,US,Santiago,CL,658,1467.84,sea,cases,31642.35,0
SO-06806,2026-04-20,C-NAI-037,Dubai DC,Dubai,AE,Nairobi,KE,198,690.38,air,wearables,8101.44,1
SO-06895,2026-04-20,C-NAI-020,Dubai DC,Dubai,AE,Nairobi,KE,512,859.31,air,audio,15184.43,0
SO-07384,2026-04-20,C-KAR-032,Dubai DC,Dubai,AE,Karachi,PK,470,717.77,sea,cables,20724.91,0
SO-00331,2026-04-21,C-LON-035,Rotterdam DC,Rotterdam,NL,London,GB,265,707.51,road,audio,25757.23,0
SO-00714,2026-04-21,C-BER-020,Rotterdam DC,Rotterdam,NL,Berlin,DE,295,1155.14,road,audio,35535.98,0
SO-00846,2026-04-21,C-PAR-035,Rotterdam DC,Rotterdam,NL,Paris,FR,369,1022.49,road,cables,21773.96,0
SO-01125,2026-04-21,C-MAD-024,Rotterdam DC,Rotterdam,NL,Madrid,ES,393,1205.56,road,storage,23200.39,0
SO-02235,2026-04-21,C-TOK-026,Shenzhen DC,Shenzhen,CN,Tokyo,JP,649,978.65,sea,cases,25584.37,0
SO-02271,2026-04-21,C-TOK-005,Shenzhen DC,Shenzhen,CN,Tokyo,JP,286,882.8,sea,cables,20236.62,0
SO-03182,2026-04-21,C-JAK-025,Shenzhen DC,Shenzhen,CN,Jakarta,ID,331,1248.14,sea,cases,30448.35,1
SO-03262,2026-04-21,C-JAK-013,Shenzhen DC,Shenzhen,CN,Jakarta,ID,1108,2808.21,sea,wearables,19149.48,0
SO-03797,2026-04-21,C-SYD-014,Rotterdam DC,Rotterdam,NL,Sydney,AU,182,613.23,air,wearables,20797.5,1
SO-04507,2026-04-21,C-NEW-014,Memphis DC,Memphis,US,New York City,US,169,597.77,road,cables,24311.27,0
SO-06076,2026-04-21,C-BOG-022,Memphis DC,Memphis,US,Bogota,CO,153,465.51,air,wearables,29812.85,0
SO-06259,2026-04-21,C-BUE-007,Memphis DC,Memphis,US,Buenos Aires,AR,847,1189.86,sea,cases,31645.73,0
SO-06266,2026-04-21,C-BUE-034,Memphis DC,Memphis,US,Buenos Aires,AR,588,1107.31,sea,audio,34720.69,0
SO-07123,2026-04-21,C-JOH-033,Dubai DC,Dubai,AE,Johannesburg,ZA,695,1583.76,sea,audio,14788.33,0
SO-07225,2026-04-21,C-JOH-032,Dubai DC,Dubai,AE,Johannesburg,ZA,558,1196.13,sea,cases,25101.16,0
SO-00046,2026-04-22,C-LON-033,Rotterdam DC,Rotterdam,NL,London,GB,624,1429.43,road,cables,26182.97,0
SO-00096,2026-04-22,C-LON-011,Rotterdam DC,Rotterdam,NL,London,GB,457,1186.79,road,chargers,14780.73,0
SO-00209,2026-04-22,C-LON-038,Rotterdam DC,Rotterdam,NL,London,GB,426,1358.0,road,cables,33577.89,0
SO-00601,2026-04-22,C-BER-035,Rotterdam DC,Rotterdam,NL,Berlin,DE,464,1251.38,road,chargers,19383.14,0
SO-01190,2026-04-22,C-MAD-023,Rotterdam DC,Rotterdam,NL,Madrid,ES,363,1425.01,road,wearables,30655.6,0
SO-01737,2026-04-22,C-WAR-014,Rotterdam DC,Rotterdam,NL,Warsaw,PL,657,1400.79,road,chargers,22823.66,0
SO-02623,2026-04-22,C-SEO-032,Shenzhen DC,Shenzhen,CN,Seoul,KR,35,110.67,sea,storage,27262.5,0
SO-03363,2026-04-22,C-MAN-025,Shenzhen DC,Shenzhen,CN,Manila,PH,384,1410.72,sea,wearables,23944.12,0
SO-03548,2026-04-22,C-MUM-012,Shenzhen DC,Shenzhen,CN,Mumbai,IN,233,574.67,sea,audio,28419.67,0
SO-03563,2026-04-22,C-MUM-003,Shenzhen DC,Shenzhen,CN,Mumbai,IN,637,1875.13,sea,cases,9631.09,0
SO-03565,2026-04-22,C-MUM-013,Shenzhen DC,Shenzhen,CN,Mumbai,IN,467,1228.57,sea,audio,25396.07,0
SO-04024,2026-04-22,C-AUC-011,Rotterdam DC,Rotterdam,NL,Auckland,NZ,397,970.91,air,storage,20201.27,0
SO-04249,2026-04-22,C-NEW-035,Memphis DC,Memphis,US,New York City,US,184,358.42,road,wearables,33687.72,0
SO-04435,2026-04-22,C-NEW-036,Memphis DC,Memphis,US,New York City,US,154,575.33,road,chargers,19143.58,0
SO-04520,2026-04-22,C-NEW-016,Memphis DC,Memphis,US,New York City,US,582,1667.09,road,wearables,31252.59,0
SO-04800,2026-04-22,C-CHI-012,Memphis DC,Memphis,US,Chicago,US,375,1170.5,road,wearables,37628.58,1
SO-04809,2026-04-22,C-CHI-012,Memphis DC,Memphis,US,Chicago,US,211,715.05,road,chargers,32032.31,0
SO-05380,2026-04-22,C-TOR-028,Memphis DC,Memphis,US,Toronto,CA,600,1568.06,road,cases,40666.3,0
SO-05574,2026-04-22,C-MEX-019,Memphis DC,Memphis,US,Mexico City,MX,709,1164.53,road,audio,22198.06,0
SO-05645,2026-04-22,C-MEX-002,Memphis DC,Memphis,US,Mexico City,MX,1148,1769.63,road,cases,23149.49,0
SO-06776,2026-04-22,C-CAI-004,Dubai DC,Dubai,AE,Cairo,EG,372,1442.03,sea,cables,27464.89,0
SO-00237,2026-04-23,C-LON-001,Rotterdam DC,Rotterdam,NL,London,GB,299,1025.7,road,chargers,17849.72,0
SO-00295,2026-04-23,C-LON-004,Rotterdam DC,Rotterdam,NL,London,GB,592,1961.01,road,chargers,16764.93,0
SO-00385,2026-04-23,C-LON-022,Rotterdam DC,Rotterdam,NL,London,GB,793,1612.78,road,audio,17913.64,0
SO-01086,2026-04-23,C-PAR-020,Rotterdam DC,Rotterdam,NL,Paris,FR,548,1748.55,road,chargers,18658.16,0
SO-04296,2026-04-23,C-NEW-027,Memphis DC,Memphis,US,New York City,US,493,842.02,road,chargers,23651.04,0
SO-04340,2026-04-23,C-NEW-027,Memphis DC,Memphis,US,New York City,US,735,1543.48,road,wearables,26382.8,0
SO-05169,2026-04-23,C-LOS-018,Memphis DC,Memphis,US,Los Angeles,US,616,1031.22,road,wearables,28211.24,0
SO-06197,2026-04-23,C-SAN-023,Memphis DC,Memphis,US,Santiago,CL,1018,1683.95,sea,wearables,13946.16,0
SO-06369,2026-04-23,C-RIY-008,Dubai DC,Dubai,AE,Riyadh,SA,343,1041.33,road,storage,26516.39,0
SO-06465,2026-04-23,C-RIY-030,Dubai DC,Dubai,AE,Riyadh,SA,657,1261.42,road,wearables,40428.4,0
SO-00805,2026-04-24,C-PAR-039,Rotterdam DC,Rotterdam,NL,Paris,FR,839,1585.8,road,wearables,25765.53,0
SO-01093,2026-04-24,C-PAR-034,Rotterdam DC,Rotterdam,NL,Paris,FR,662,1397.36,road,wearables,28665.37,0
SO-01150,2026-04-24,C-MAD-008,Rotterdam DC,Rotterdam,NL,Madrid,ES,711,1238.79,road,storage,36863.78,0
SO-01196,2026-04-24,C-MAD-002,Rotterdam DC,Rotterdam,NL,Madrid,ES,646,1687.01,road,storage,17372.5,0
SO-01612,2026-04-24,C-WAR-034,Rotterdam DC,Rotterdam,NL,Warsaw,PL,441,1416.09,road,chargers,38878.74,0
SO-01694,2026-04-24,C-WAR-030,Rotterdam DC,Rotterdam,NL,Warsaw,PL,1123,1605.52,road,wearables,26816.82,0
SO-01803,2026-04-24,C-STO-039,Rotterdam DC,Rotterdam,NL,Stockholm,SE,282,1061.1,road,cables,29754.82,0
SO-02063,2026-04-24,C-TOK-011,Shenzhen DC,Shenzhen,CN,Tokyo,JP,488,1380.13,sea,chargers,31030.49,0
SO-02245,2026-04-24,C-TOK-031,Shenzhen DC,Shenzhen,CN,Tokyo,JP,458,899.02,sea,cables,32280.77,0
SO-02817,2026-04-24,C-SIN-011,Shenzhen DC,Shenzhen,CN,Singapore,SG,248,805.88,sea,storage,31124.18,0
SO-02906,2026-04-24,C-SIN-034,Shenzhen DC,Shenzhen,CN,Singapore,SG,228,613.57,sea,storage,21661.78,0
SO-03926,2026-04-24,C-SYD-039,Rotterdam DC,Rotterdam,NL,Sydney,AU,469,1097.37,air,cases,27492.2,0
SO-04232,2026-04-24,C-NEW-039,Memphis DC,Memphis,US,New York City,US,92,208.01,road,chargers,35603.29,1
SO-04580,2026-04-24,C-CHI-039,Memphis DC,Memphis,US,Chicago,US,283,763.11,road,wearables,34046.42,0
SO-04594,2026-04-24,C-CHI-016,Memphis DC,Memphis,US,Chicago,US,395,797.33,road,cases,32192.7,0
SO-04617,2026-04-24,C-CHI-013,Memphis DC,Memphis,US,Chicago,US,555,1256.99,road,storage,47937.66,0
SO-04951,2026-04-24,C-LOS-029,Memphis DC,Memphis,US,Los Angeles,US,746,1077.01,road,wearables,31255.34,0
SO-04972,2026-04-24,C-LOS-036,Memphis DC,Memphis,US,Los Angeles,US,620,1289.71,road,wearables,29851.2,0
SO-05073,2026-04-24,C-LOS-018,Memphis DC,Memphis,US,Los Angeles,US,398,1241.48,road,chargers,24481.12,0
SO-05512,2026-04-24,C-TOR-034,Memphis DC,Memphis,US,Toronto,CA,419,980.57,road,storage,8829.24,0
SO-05628,2026-04-24,C-MEX-008,Memphis DC,Memphis,US,Mexico City,MX,316,882.74,road,chargers,26117.1,0
SO-05718,2026-04-24,C-MEX-022,Memphis DC,Memphis,US,Mexico City,MX,676,1436.52,road,cables,20915.47,0
SO-06123,2026-04-24,C-SAN-004,Memphis DC,Memphis,US,Santiago,CL,930,1577.07,sea,cases,14769.45,0
SO-06151,2026-04-24,C-SAN-012,Memphis DC,Memphis,US,Santiago,CL,476,1684.25,sea,storage,21534.28,0
SO-06727,2026-04-24,C-CAI-026,Dubai DC,Dubai,AE,Cairo,EG,295,1174.25,sea,cases,19685.8,0
SO-06753,2026-04-24,C-CAI-034,Dubai DC,Dubai,AE,Cairo,EG,593,1440.13,sea,cables,14573.47,0
SO-07082,2026-04-24,C-JOH-011,Dubai DC,Dubai,AE,Johannesburg,ZA,623,1464.1,sea,cases,19841.46,0
SO-07253,2026-04-24,C-KAR-036,Dubai DC,Dubai,AE,Karachi,PK,353,1320.93,sea,storage,20590.76,0
SO-00090,2026-04-25,C-LON-028,Rotterdam DC,Rotterdam,NL,London,GB,547,1829.74,road,chargers,31350.64,0
SO-00185,2026-04-25,C-LON-006,Rotterdam DC,Rotterdam,NL,London,GB,436,1452.21,road,cases,27804.91,0
SO-00290,2026-04-25,C-LON-013,Rotterdam DC,Rotterdam,NL,London,GB,255,414.55,road,chargers,22192.7,0
SO-00697,2026-04-25,C-BER-038,Rotterdam DC,Rotterdam,NL,Berlin,DE,400,1185.6,road,cables,23022.15,0
SO-01942,2026-04-25,C-DUB-025,Rotterdam DC,Rotterdam,NL,Dublin,IE,39,148.69,air,chargers,10683.35,0
SO-02484,2026-04-25,C-SEO-012,Shenzhen DC,Shenzhen,CN,Seoul,KR,405,1287.96,sea,chargers,28908.86,0
SO-03715,2026-04-25,C-MUM-038,Shenzhen DC,Shenzhen,CN,Mumbai,IN,680,1719.14,sea,cables,14030.71,0
SO-03736,2026-04-25,C-SYD-020,Rotterdam DC,Rotterdam,NL,Sydney,AU,286,905.2,air,storage,36496.55,0
SO-04074,2026-04-25,C-NEW-029,Memphis DC,Memphis,US,New York City,US,266,971.16,road,cases,24697.93,0
SO-04325,2026-04-25,C-NEW-037,Memphis DC,Memphis,US,New York City,US,389,1071.24,road,storage,31943.48,0
SO-04341,2026-04-25,C-NEW-010,Memphis DC,Memphis,US,New York City,US,344,1048.06,road,cables,23740.75,0
SO-04691,2026-04-25,C-CHI-005,Memphis DC,Memphis,US,Chicago,US,513,812.15,road,cases,24575.97,0
SO-04919,2026-04-25,C-CHI-011,Memphis DC,Memphis,US,Chicago,US,29,45.78,road,storage,19156.03,0
SO-05223,2026-04-25,C-LOS-009,Memphis DC,Memphis,US,Los Angeles,US,178,587.26,road,audio,22205.29,0
SO-06371,2026-04-25,C-RIY-030,Dubai DC,Dubai,AE,Riyadh,SA,489,1419.07,road,cases,36750.63,0
SO-06421,2026-04-25,C-RIY-028,Dubai DC,Dubai,AE,Riyadh,SA,245,609.73,road,cases,31544.57,0
SO-06518,2026-04-25,C-RIY-022,Dubai DC,Dubai,AE,Riyadh,SA,491,1571.68,road,cables,21513.01,0
SO-06766,2026-04-25,C-CAI-035,Dubai DC,Dubai,AE,Cairo,EG,425,1233.8,sea,audio,27921.0,0
SO-00012,2026-04-26,C-LON-037,Rotterdam DC,Rotterdam,NL,London,GB,326,1021.07,road,storage,26153.15,0
SO-00801,2026-04-26,C-PAR-030,Rotterdam DC,Rotterdam,NL,Paris,FR,1302,1965.2,road,cases,30800.16,0
SO-00968,2026-04-26,C-PAR-028,Rotterdam DC,Rotterdam,NL,Paris,FR,249,452.58,road,audio,29905.05,0
SO-01442,2026-04-26,C-MIL-012,Rotterdam DC,Rotterdam,NL,Milan,IT,502,1856.86,road,storage,34234.15,0
SO-01631,2026-04-26,C-WAR-010,Rotterdam DC,Rotterdam,NL,Warsaw,PL,606,2005.72,road,chargers,30448.39,0
SO-01997,2026-04-26,C-DUB-021,Rotterdam DC,Rotterdam,NL,Dublin,IE,315,716.29,air,audio,23293.58,0
SO-02098,2026-04-26,C-TOK-038,Shenzhen DC,Shenzhen,CN,Tokyo,JP,416,1055.13,sea,audio,29972.46,0
SO-02513,2026-04-26,C-SEO-017,Shenzhen DC,Shenzhen,CN,Seoul,KR,184,575.58,sea,audio,43276.61,0
SO-02554,2026-04-26,C-SEO-013,Shenzhen DC,Shenzhen,CN,Seoul,KR,396,1072.83,sea,storage,23229.61,0
SO-03276,2026-04-26,C-JAK-021,Shenzhen DC,Shenzhen,CN,Jakarta,ID,558,1503.07,sea,cables,12797.92,0
SO-03403,2026-04-26,C-MAN-015,Shenzhen DC,Shenzhen,CN,Manila,PH,499,806.97,sea,audio,11296.55,0
SO-03511,2026-04-26,C-MUM-021,Shenzhen DC,Shenzhen,CN,Mumbai,IN,534,1166.06,sea,storage,11898.78,0
SO-03584,2026-04-26,C-MUM-008,Shenzhen DC,Shenzhen,CN,Mumbai,IN,458,1690.15,sea,storage,16797.31,0
SO-03758,2026-04-26,C-SYD-001,Rotterdam DC,Rotterdam,NL,Sydney,AU,200,629.39,air,audio,30991.85,0
SO-03972,2026-04-26,C-AUC-002,Rotterdam DC,Rotterdam,NL,Auckland,NZ,242,847.62,air,cables,29777.13,0
SO-04167,2026-04-26,C-NEW-029,Memphis DC,Memphis,US,New York City,US,631,1676.78,road,wearables,21936.08,1
SO-04187,2026-04-26,C-NEW-025,Memphis DC,Memphis,US,New York City,US,74,273.89,road,audio,24658.31,0
SO-04871,2026-04-26,C-CHI-004,Memphis DC,Memphis,US,Chicago,US,330,1284.88,road,cases,23976.15,0
SO-04880,2026-04-26,C-CHI-010,Memphis DC,Memphis,US,Chicago,US,275,860.22,road,cables,20553.41,0
SO-05415,2026-04-26,C-TOR-015,Memphis DC,Memphis,US,Toronto,CA,481,1388.61,road,chargers,31028.52,0
SO-05801,2026-04-26,C-SAO-020,Memphis DC,Memphis,US,Sao Paulo,BR,273,802.93,sea,audio,23967.51,0
SO-05923,2026-04-26,C-SAO-026,Memphis DC,Memphis,US,Sao Paulo,BR,617,981.24,sea,wearables,28554.15,0
SO-06351,2026-04-26,C-BUE-010,Memphis DC,Memphis,US,Buenos Aires,AR,457,1608.41,sea,wearables,17522.5,1
SO-06382,2026-04-26,C-RIY-001,Dubai DC,Dubai,AE,Riyadh,SA,466,1019.55,road,cases,32729.72,0
SO-06432,2026-04-26,C-RIY-019,Dubai DC,Dubai,AE,Riyadh,SA,610,1467.43,road,cases,28875.82,0
SO-00335,2026-04-27,C-LON-031,Rotterdam DC,Rotterdam,NL,London,GB,270,958.91,road,audio,24576.14,0
SO-00410,2026-04-27,C-LON-013,Rotterdam DC,Rotterdam,NL,London,GB,256,412.89,road,wearables,29562.54,0
SO-00549,2026-04-27,C-BER-038,Rotterdam DC,Rotterdam,NL,Berlin,DE,378,1361.94,road,chargers,25820.09,0
SO-00829,2026-04-27,C-PAR-001,Rotterdam DC,Rotterdam,NL,Paris,FR,305,1168.83,road,cases,29461.25,0
SO-01252,2026-04-27,C-MAD-007,Rotterdam DC,Rotterdam,NL,Madrid,ES,308,927.95,road,chargers,16708.19,0
SO-01495,2026-04-27,C-MIL-018,Rotterdam DC,Rotterdam,NL,Milan,IT,469,701.57,road,cables,27897.93,0
SO-01727,2026-04-27,C-WAR-012,Rotterdam DC,Rotterdam,NL,Warsaw,PL,495,840.19,road,cables,33003.79,0
SO-02176,2026-04-27,C-TOK-039,Shenzhen DC,Shenzhen,CN,Tokyo,JP,143,506.42,sea,audio,36632.12,0
SO-02210,2026-04-27,C-TOK-001,Shenzhen DC,Shenzhen,CN,Tokyo,JP,774,1233.89,sea,storage,28136.73,0
SO-02252,2026-04-27,C-TOK-021,Shenzhen DC,Shenzhen,CN,Tokyo,JP,469,726.4,sea,chargers,33272.69,0
SO-03224,2026-04-27,C-JAK-023,Shenzhen DC,Shenzhen,CN,Jakarta,ID,608,1224.82,sea,wearables,24833.4,0
SO-04019,2026-04-27,C-AUC-007,Rotterdam DC,Rotterdam,NL,Auckland,NZ,277,514.37,air,cases,28489.81,0
SO-04110,2026-04-27,C-NEW-033,Memphis DC,Memphis,US,New York City,US,249,978.42,road,cases,31364.97,0
SO-04346,2026-04-27,C-NEW-027,Memphis DC,Memphis,US,New York City,US,286,913.62,road,cases,23880.62,0
SO-05313,2026-04-27,C-TOR-033,Memphis DC,Memphis,US,Toronto,CA,295,1143.08,road,storage,20149.67,0
SO-05746,2026-04-27,C-MEX-034,Memphis DC,Memphis,US,Mexico City,MX,539,1667.21,road,cables,21904.31,0
SO-05857,2026-04-27,C-SAO-008,Memphis DC,Memphis,US,Sao Paulo,BR,657,2229.39,sea,audio,26147.88,0
SO-06067,2026-04-27,C-BOG-017,Memphis DC,Memphis,US,Bogota,CO,352,1152.85,air,cables,6771.98,0
SO-06117,2026-04-27,C-SAN-017,Memphis DC,Memphis,US,Santiago,CL,1004,1449.78,sea,chargers,27518.01,0
SO-07069,2026-04-27,C-JOH-003,Dubai DC,Dubai,AE,Johannesburg,ZA,527,2037.61,sea,storage,28206.96,1
SO-00067,2026-04-28,C-LON-026,Rotterdam DC,Rotterdam,NL,London,GB,285,985.29,road,wearables,31067.85,0
SO-00074,2026-04-28,C-LON-018,Rotterdam DC,Rotterdam,NL,London,GB,394,1000.05,road,chargers,12151.29,0
SO-00873,2026-04-28,C-PAR-007,Rotterdam DC,Rotterdam,NL,Paris,FR,619,1795.74,road,cases,24899.22,0
SO-00928,2026-04-28,C-PAR-013,Rotterdam DC,Rotterdam,NL,Paris,FR,559,1896.52,road,wearables,19916.72,0
SO-00935,2026-04-28,C-PAR-034,Rotterdam DC,Rotterdam,NL,Paris,FR,636,1153.66,road,chargers,24221.53,0
SO-01422,2026-04-28,C-MIL-013,Rotterdam DC,Rotterdam,NL,Milan,IT,300,1073.84,road,cases,22415.16,0
SO-01454,2026-04-28,C-MIL-033,Rotterdam DC,Rotterdam,NL,Milan,IT,280,786.15,road,chargers,20451.65,0
SO-01854,2026-04-28,C-STO-028,Rotterdam DC,Rotterdam,NL,Stockholm,SE,480,905.88,road,cables,30549.41,0
SO-02094,2026-04-28,C-TOK-016,Shenzhen DC,Shenzhen,CN,Tokyo,JP,379,1466.32,sea,wearables,30875.74,0
SO-02674,2026-04-28,C-SIN-025,Shenzhen DC,Shenzhen,CN,Singapore,SG,155,524.71,sea,chargers,41266.66,1
SO-02985,2026-04-28,C-BAN-016,Shenzhen DC,Shenzhen,CN,Bangkok,TH,446,1644.68,sea,cases,27959.53,0
SO-03283,2026-04-28,C-JAK-019,Shenzhen DC,Shenzhen,CN,Jakarta,ID,548,1103.95,sea,cables,33295.78,0
SO-03552,2026-04-28,C-MUM-020,Shenzhen DC,Shenzhen,CN,Mumbai,IN,487,1391.91,sea,chargers,17668.72,0
SO-03622,2026-04-28,C-MUM-006,Shenzhen DC,Shenzhen,CN,Mumbai,IN,425,1075.7,sea,audio,23021.53,0
SO-03919,2026-04-28,C-SYD-014,Rotterdam DC,Rotterdam,NL,Sydney,AU,209,431.62,air,wearables,34279.82,0
SO-04393,2026-04-28,C-NEW-031,Memphis DC,Memphis,US,New York City,US,373,1172.6,road,storage,27503.36,0
SO-04602,2026-04-28,C-CHI-030,Memphis DC,Memphis,US,Chicago,US,316,1091.6,road,audio,32022.78,0
SO-04670,2026-04-28,C-CHI-012,Memphis DC,Memphis,US,Chicago,US,407,1254.77,road,cables,39154.16,0
SO-04741,2026-04-28,C-CHI-037,Memphis DC,Memphis,US,Chicago,US,540,1658.1,road,audio,30358.32,0
SO-04833,2026-04-28,C-CHI-013,Memphis DC,Memphis,US,Chicago,US,392,676.58,road,cables,19859.94,0
SO-06561,2026-04-28,C-RIY-016,Dubai DC,Dubai,AE,Riyadh,SA,350,1210.9,road,chargers,25089.8,0
SO-06646,2026-04-28,C-CAI-012,Dubai DC,Dubai,AE,Cairo,EG,478,1350.04,sea,wearables,11686.41,0
SO-07122,2026-04-28,C-JOH-035,Dubai DC,Dubai,AE,Johannesburg,ZA,795,2180.33,sea,audio,29078.99,0
SO-07220,2026-04-28,C-JOH-002,Dubai DC,Dubai,AE,Johannesburg,ZA,261,852.22,sea,wearables,29950.76,0
SO-07250,2026-04-28,C-KAR-016,Dubai DC,Dubai,AE,Karachi,PK,800,1418.91,sea,chargers,26132.09,0
SO-00175,2026-04-29,C-LON-017,Rotterdam DC,Rotterdam,NL,London,GB,339,866.52,road,chargers,29189.66,0
SO-00329,2026-04-29,C-LON-029,Rotterdam DC,Rotterdam,NL,London,GB,1059,2183.09,road,chargers,26746.6,0
SO-01059,2026-04-29,C-PAR-010,Rotterdam DC,Rotterdam,NL,Paris,FR,707,1517.77,road,storage,23630.2,0
SO-01151,2026-04-29,C-MAD-019,Rotterdam DC,Rotterdam,NL,Madrid,ES,570,1248.97,road,chargers,27814.49,0
SO-01715,2026-04-29,C-WAR-007,Rotterdam DC,Rotterdam,NL,Warsaw,PL,654,1322.67,road,wearables,26334.21,0
SO-01989,2026-04-29,C-DUB-025,Rotterdam DC,Rotterdam,NL,Dublin,IE,92,356.86,air,audio,15529.19,0
SO-02228,2026-04-29,C-TOK-039,Shenzhen DC,Shenzhen,CN,Tokyo,JP,472,1257.99,sea,wearables,29532.97,0
SO-02259,2026-04-29,C-TOK-001,Shenzhen DC,Shenzhen,CN,Tokyo,JP,352,1016.99,sea,storage,31911.13,0
SO-02364,2026-04-29,C-TOK-012,Shenzhen DC,Shenzhen,CN,Tokyo,JP,288,862.28,sea,cases,25830.77,0
SO-03348,2026-04-29,C-MAN-007,Shenzhen DC,Shenzhen,CN,Manila,PH,286,907.55,sea,audio,34875.87,0
SO-04168,2026-04-29,C-NEW-027,Memphis DC,Memphis,US,New York City,US,449,1276.25,road,chargers,16013.46,0
SO-05297,2026-04-29,C-LOS-028,Memphis DC,Memphis,US,Los Angeles,US,273,715.24,road,wearables,16888.82,0
SO-05434,2026-04-29,C-TOR-012,Memphis DC,Memphis,US,Toronto,CA,448,1362.52,road,audio,30345.33,0
SO-05609,2026-04-29,C-MEX-017,Memphis DC,Memphis,US,Mexico City,MX,234,916.71,road,wearables,10851.75,0
SO-06015,2026-04-29,C-BOG-026,Memphis DC,Memphis,US,Bogota,CO,148,436.53,air,cables,17098.21,0
SO-06209,2026-04-29,C-SAN-001,Memphis DC,Memphis,US,Santiago,CL,139,384.52,sea,audio,24664.85,0
SO-06284,2026-04-29,C-BUE-032,Memphis DC,Memphis,US,Buenos Aires,AR,345,1308.91,sea,audio,26249.14,1
SO-06474,2026-04-29,C-RIY-019,Dubai DC,Dubai,AE,Riyadh,SA,434,843.4,road,cables,25605.46,0
SO-06577,2026-04-29,C-RIY-030,Dubai DC,Dubai,AE,Riyadh,SA,467,1335.49,road,storage,18724.75,0
SO-06844,2026-04-29,C-NAI-021,Dubai DC,Dubai,AE,Nairobi,KE,466,673.74,air,storage,17092.97,0
SO-07343,2026-04-29,C-KAR-008,Dubai DC,Dubai,AE,Karachi,PK,770,1646.24,sea,cases,24079.2,0
SO-00334,2026-04-30,C-LON-005,Rotterdam DC,Rotterdam,NL,London,GB,680,1546.42,road,storage,21197.16,0
SO-00802,2026-04-30,C-PAR-014,Rotterdam DC,Rotterdam,NL,Paris,FR,405,1364.01,road,cases,21076.49,0
SO-01100,2026-04-30,C-PAR-001,Rotterdam DC,Rotterdam,NL,Paris,FR,627,1022.84,road,cases,42226.61,0
SO-01326,2026-04-30,C-MAD-020,Rotterdam DC,Rotterdam,NL,Madrid,ES,786,1364.67,road,audio,31565.69,0
SO-01839,2026-04-30,C-STO-038,Rotterdam DC,Rotterdam,NL,Stockholm,SE,465,1342.06,road,cases,29064.6,0
SO-01884,2026-04-30,C-STO-016,Rotterdam DC,Rotterdam,NL,Stockholm,SE,155,489.06,road,chargers,25887.85,0
SO-01947,2026-04-30,C-DUB-016,Rotterdam DC,Rotterdam,NL,Dublin,IE,133,326.77,air,storage,23371.14,0
SO-02064,2026-04-30,C-TOK-001,Shenzhen DC,Shenzhen,CN,Tokyo,JP,188,466.87,sea,cases,37182.92,0
SO-02378,2026-04-30,C-TOK-028,Shenzhen DC,Shenzhen,CN,Tokyo,JP,316,953.56,sea,storage,29223.8,0
SO-02734,2026-04-30,C-SIN-003,Shenzhen DC,Shenzhen,CN,Singapore,SG,394,1315.44,sea,cases,26529.53,0
SO-03019,2026-04-30,C-BAN-025,Shenzhen DC,Shenzhen,CN,Bangkok,TH,681,1747.24,sea,cases,22662.53,0
SO-03607,2026-04-30,C-MUM-015,Shenzhen DC,Shenzhen,CN,Mumbai,IN,156,547.6,sea,cases,35429.98,0
SO-03799,2026-04-30,C-SYD-012,Rotterdam DC,Rotterdam,NL,Sydney,AU,598,1070.52,air,wearables,52800.54,0
SO-03961,2026-04-30,C-AUC-017,Rotterdam DC,Rotterdam,NL,Auckland,NZ,282,659.84,air,storage,54172.43,0
SO-03963,2026-04-30,C-AUC-005,Rotterdam DC,Rotterdam,NL,Auckland,NZ,215,782.63,air,cases,33219.97,0
SO-04172,2026-04-30,C-NEW-023,Memphis DC,Memphis,US,New York City,US,485,706.64,road,wearables,23427.26,1
SO-04257,2026-04-30,C-NEW-010,Memphis DC,Memphis,US,New York City,US,173,531.47,road,audio,17740.36,0
SO-04267,2026-04-30,C-NEW-036,Memphis DC,Memphis,US,New York City,US,257,387.31,road,audio,27593.62,0
SO-04424,2026-04-30,C-NEW-018,Memphis DC,Memphis,US,New York City,US,169,655.81,road,audio,34170.09,1
SO-04496,2026-04-30,C-NEW-024,Memphis DC,Memphis,US,New York City,US,343,600.43,road,audio,25174.16,0
SO-04746,2026-04-30,C-CHI-035,Memphis DC,Memphis,US,Chicago,US,242,903.25,road,storage,35184.7,0
SO-05050,2026-04-30,C-LOS-031,Memphis DC,Memphis,US,Los Angeles,US,563,1141.37,road,audio,27629.41,0
SO-05709,2026-04-30,C-MEX-030,Memphis DC,Memphis,US,Mexico City,MX,580,1850.86,road,chargers,10764.39,0
SO-05830,2026-04-30,C-SAO-012,Memphis DC,Memphis,US,Sao Paulo,BR,390,959.93,sea,wearables,27843.54,0
SO-06170,2026-04-30,C-SAN-015,Memphis DC,Memphis,US,Santiago,CL,272,672.76,sea,cases,13223.33,0
SO-06483,2026-04-30,C-RIY-005,Dubai DC,Dubai,AE,Riyadh,SA,246,782.9,road,cables,47983.72,0
SO-07005,2026-04-30,C-LAG-008,Dubai DC,Dubai,AE,Lagos,NG,153,298.83,air,cases,20406.73,1
SO-00124,2026-05-01,C-LON-032,Rotterdam DC,Rotterdam,NL,London,GB,395,1355.76,road,chargers,22902.76,0
SO-00620,2026-05-01,C-BER-006,Rotterdam DC,Rotterdam,NL,Berlin,DE,131,441.27,road,chargers,18436.86,0
SO-01160,2026-05-01,C-MAD-026,Rotterdam DC,Rotterdam,NL,Madrid,ES,621,1414.09,road,cases,23874.22,0
SO-01251,2026-05-01,C-MAD-010,Rotterdam DC,Rotterdam,NL,Madrid,ES,410,1089.53,road,cables,35885.97,0
SO-02015,2026-05-01,C-DUB-034,Rotterdam DC,Rotterdam,NL,Dublin,IE,242,596.82,air,storage,22202.99,0
SO-02311,2026-05-01,C-TOK-019,Shenzhen DC,Shenzhen,CN,Tokyo,JP,685,1720.42,sea,cables,27819.06,0
SO-02536,2026-05-01,C-SEO-024,Shenzhen DC,Shenzhen,CN,Seoul,KR,219,654.27,sea,cases,39679.91,0
SO-02546,2026-05-01,C-SEO-010,Shenzhen DC,Shenzhen,CN,Seoul,KR,225,443.09,sea,storage,24725.83,0
SO-02613,2026-05-01,C-SEO-029,Shenzhen DC,Shenzhen,CN,Seoul,KR,477,1608.92,sea,wearables,41463.94,0
SO-04364,2026-05-01,C-NEW-002,Memphis DC,Memphis,US,New York City,US,227,845.13,road,cases,22353.16,0
SO-05045,2026-05-01,C-LOS-008,Memphis DC,Memphis,US,Los Angeles,US,446,1569.65,road,cables,10593.74,0
SO-05090,2026-05-01,C-LOS-002,Memphis DC,Memphis,US,Los Angeles,US,635,918.88,road,audio,21512.31,0
SO-05136,2026-05-01,C-LOS-027,Memphis DC,Memphis,US,Los Angeles,US,511,1961.35,road,chargers,32147.96,0
SO-05903,2026-05-01,C-SAO-013,Memphis DC,Memphis,US,Sao Paulo,BR,505,1686.89,sea,cases,21848.21,0
SO-05965,2026-05-01,C-BOG-020,Memphis DC,Memphis,US,Bogota,CO,272,755.09,air,cases,7795.3,0
SO-06150,2026-05-01,C-SAN-039,Memphis DC,Memphis,US,Santiago,CL,383,1493.84,sea,cables,20517.46,0
SO-00144,2026-05-02,C-LON-019,Rotterdam DC,Rotterdam,NL,London,GB,389,1355.18,road,cases,27023.71,0
SO-00210,2026-05-02,C-LON-012,Rotterdam DC,Rotterdam,NL,London,GB,606,1495.38,road,cables,25555.84,0
SO-02035,2026-05-02,C-DUB-027,Rotterdam DC,Rotterdam,NL,Dublin,IE,273,616.65,air,audio,22141.9,1
SO-02368,2026-05-02,C-TOK-036,Shenzhen DC,Shenzhen,CN,Tokyo,JP,95,348.64,sea,storage,41463.04,0
SO-02552,2026-05-02,C-SEO-036,Shenzhen DC,Shenzhen,CN,Seoul,KR,351,619.37,sea,chargers,31396.48,0
SO-02838,2026-05-02,C-SIN-011,Shenzhen DC,Shenzhen,CN,Singapore,SG,147,348.2,sea,audio,20985.89,0
SO-03624,2026-05-02,C-MUM-026,Shenzhen DC,Shenzhen,CN,Mumbai,IN,633,1300.1,sea,cases,36590.37,1
SO-04515,2026-05-02,C-NEW-009,Memphis DC,Memphis,US,New York City,US,166,521.07,road,audio,21711.37,0
SO-04940,2026-05-02,C-LOS-002,Memphis DC,Memphis,US,Los Angeles,US,388,693.93,road,audio,26986.4,0
SO-05823,2026-05-02,C-SAO-018,Memphis DC,Memphis,US,Sao Paulo,BR,1339,2185.82,sea,cases,14284.33,0
SO-06133,2026-05-02,C-SAN-011,Memphis DC,Memphis,US,Santiago,CL,318,1152.18,sea,chargers,26798.81,0
SO-06524,2026-05-02,C-RIY-028,Dubai DC,Dubai,AE,Riyadh,SA,137,350.02,road,cases,24821.51,0
SO-06542,2026-05-02,C-RIY-030,Dubai DC,Dubai,AE,Riyadh,SA,458,1688.42,road,wearables,27677.79,0
SO-06827,2026-05-02,C-NAI-010,Dubai DC,Dubai,AE,Nairobi,KE,280,519.46,air,cables,30453.89,0
SO-07065,2026-05-02,C-JOH-006,Dubai DC,Dubai,AE,Johannesburg,ZA,507,1485.72,sea,cables,27145.65,0
SO-07094,2026-05-02,C-JOH-003,Dubai DC,Dubai,AE,Johannesburg,ZA,327,728.47,sea,cables,22501.09,0
SO-07103,2026-05-02,C-JOH-025,Dubai DC,Dubai,AE,Johannesburg,ZA,320,880.21,sea,cases,30465.78,0
SO-00171,2026-05-03,C-LON-016,Rotterdam DC,Rotterdam,NL,London,GB,376,1019.43,road,cases,26798.59,0
SO-00427,2026-05-03,C-BER-028,Rotterdam DC,Rotterdam,NL,Berlin,DE,441,1331.71,road,wearables,31370.53,0
SO-01305,2026-05-03,C-MAD-019,Rotterdam DC,Rotterdam,NL,Madrid,ES,288,1026.35,road,chargers,18978.94,0
SO-01602,2026-05-03,C-WAR-003,Rotterdam DC,Rotterdam,NL,Warsaw,PL,512,1282.59,road,audio,35974.74,0
SO-02055,2026-05-03,C-DUB-030,Rotterdam DC,Rotterdam,NL,Dublin,IE,575,846.24,air,chargers,20391.52,0
SO-02413,2026-05-03,C-SEO-036,Shenzhen DC,Shenzhen,CN,Seoul,KR,268,786.23,sea,wearables,19418.06,0
SO-02611,2026-05-03,C-SEO-024,Shenzhen DC,Shenzhen,CN,Seoul,KR,374,1254.58,sea,cases,37807.39,0
SO-02956,2026-05-03,C-BAN-011,Shenzhen DC,Shenzhen,CN,Bangkok,TH,354,960.98,sea,chargers,7841.35,0
SO-03129,2026-05-03,C-BAN-028,Shenzhen DC,Shenzhen,CN,Bangkok,TH,424,1082.59,sea,chargers,29821.53,0
SO-03475,2026-05-03,C-MAN-004,Shenzhen DC,Shenzhen,CN,Manila,PH,519,802.53,sea,chargers,28341.63,0
SO-04534,2026-05-03,C-CHI-014,Memphis DC,Memphis,US,Chicago,US,326,876.72,road,cases,36804.54,0
SO-04678,2026-05-03,C-CHI-013,Memphis DC,Memphis,US,Chicago,US,412,1232.21,road,wearables,17813.42,0
SO-05182,2026-05-03,C-LOS-031,Memphis DC,Memphis,US,Los Angeles,US,652,1599.61,road,cases,31480.0,0
SO-05215,2026-05-03,C-LOS-016,Memphis DC,Memphis,US,Los Angeles,US,371,1444.38,road,cables,26570.16,0
SO-05399,2026-05-03,C-TOR-028,Memphis DC,Memphis,US,Toronto,CA,545,885.6,road,cables,34375.39,0
SO-05766,2026-05-03,C-SAO-033,Memphis DC,Memphis,US,Sao Paulo,BR,416,1423.91,sea,cases,24869.44,0
SO-06775,2026-05-03,C-CAI-001,Dubai DC,Dubai,AE,Cairo,EG,165,503.33,sea,audio,12904.36,0
SO-00992,2026-05-04,C-PAR-001,Rotterdam DC,Rotterdam,NL,Paris,FR,341,1072.65,road,audio,25892.77,0
SO-01032,2026-05-04,C-PAR-034,Rotterdam DC,Rotterdam,NL,Paris,FR,1039,2418.01,road,cases,14687.08,0
SO-01273,2026-05-04,C-MAD-014,Rotterdam DC,Rotterdam,NL,Madrid,ES,413,1361.65,road,audio,31886.62,0
SO-01364,2026-05-04,C-MAD-027,Rotterdam DC,Rotterdam,NL,Madrid,ES,406,1478.23,road,wearables,27579.21,0
SO-01396,2026-05-04,C-MIL-014,Rotterdam DC,Rotterdam,NL,Milan,IT,381,1375.96,road,cables,20973.68,0
SO-01514,2026-05-04,C-MIL-006,Rotterdam DC,Rotterdam,NL,Milan,IT,231,776.06,road,cases,30653.75,0
SO-01819,2026-05-04,C-STO-033,Rotterdam DC,Rotterdam,NL,Stockholm,SE,692,1226.96,road,cases,27369.92,0
SO-02414,2026-05-04,C-SEO-002,Shenzhen DC,Shenzhen,CN,Seoul,KR,661,1500.11,sea,audio,37202.11,0
SO-02651,2026-05-04,C-SEO-014,Shenzhen DC,Shenzhen,CN,Seoul,KR,367,1202.83,sea,wearables,32271.99,0
SO-03031,2026-05-04,C-BAN-015,Shenzhen DC,Shenzhen,CN,Bangkok,TH,420,1121.61,sea,storage,35575.02,1
SO-03534,2026-05-04,C-MUM-025,Shenzhen DC,Shenzhen,CN,Mumbai,IN,477,1657.5,sea,audio,28036.73,0
SO-03595,2026-05-04,C-MUM-008,Shenzhen DC,Shenzhen,CN,Mumbai,IN,479,1528.87,sea,audio,12421.02,0
SO-03888,2026-05-04,C-SYD-032,Rotterdam DC,Rotterdam,NL,Sydney,AU,130,469.15,air,storage,33265.28,0
SO-04783,2026-05-04,C-CHI-029,Memphis DC,Memphis,US,Chicago,US,645,1676.62,road,cases,21842.78,0
SO-04844,2026-05-04,C-CHI-010,Memphis DC,Memphis,US,Chicago,US,729,1302.52,road,cables,28305.05,0
SO-04943,2026-05-04,C-LOS-002,Memphis DC,Memphis,US,Los Angeles,US,269,969.03,road,audio,23686.71,0
SO-05556,2026-05-04,C-MEX-011,Memphis DC,Memphis,US,Mexico City,MX,429,1181.23,road,chargers,15425.16,0
SO-05920,2026-05-04,C-SAO-018,Memphis DC,Memphis,US,Sao Paulo,BR,650,1333.41,sea,audio,24412.18,0
SO-05964,2026-05-04,C-BOG-008,Memphis DC,Memphis,US,Bogota,CO,404,602.01,air,wearables,20407.57,0
SO-06179,2026-05-04,C-SAN-028,Memphis DC,Memphis,US,Santiago,CL,244,690.42,sea,cables,41564.58,0
SO-06452,2026-05-04,C-RIY-015,Dubai DC,Dubai,AE,Riyadh,SA,640,1270.61,road,audio,36326.79,0
SO-06968,2026-05-04,C-LAG-019,Dubai DC,Dubai,AE,Lagos,NG,802,1366.21,air,audio,10546.43,0
SO-00424,2026-05-05,C-BER-026,Rotterdam DC,Rotterdam,NL,Berlin,DE,577,1373.98,road,wearables,49201.64,0
SO-00558,2026-05-05,C-BER-005,Rotterdam DC,Rotterdam,NL,Berlin,DE,513,1445.58,road,storage,23013.79,1
SO-00652,2026-05-05,C-BER-002,Rotterdam DC,Rotterdam,NL,Berlin,DE,485,699.07,road,chargers,26887.14,0
SO-00680,2026-05-05,C-BER-022,Rotterdam DC,Rotterdam,NL,Berlin,DE,295,1023.32,road,wearables,10279.81,0
SO-00683,2026-05-05,C-BER-001,Rotterdam DC,Rotterdam,NL,Berlin,DE,334,1225.48,road,cables,30208.79,0
SO-00828,2026-05-05,C-PAR-035,Rotterdam DC,Rotterdam,NL,Paris,FR,586,1350.88,road,cases,28007.23,0
SO-01053,2026-05-05,C-PAR-011,Rotterdam DC,Rotterdam,NL,Paris,FR,187,635.2,road,wearables,24710.88,0
SO-01629,2026-05-05,C-WAR-019,Rotterdam DC,Rotterdam,NL,Warsaw,PL,479,1473.99,road,audio,28895.53,0
SO-01654,2026-05-05,C-WAR-017,Rotterdam DC,Rotterdam,NL,Warsaw,PL,246,408.46,road,cases,37409.84,0
SO-01887,2026-05-05,C-STO-033,Rotterdam DC,Rotterdam,NL,Stockholm,SE,290,560.81,road,cables,22764.41,0
SO-02261,2026-05-05,C-TOK-009,Shenzhen DC,Shenzhen,CN,Tokyo,JP,282,990.68,sea,wearables,24278.24,0
SO-02528,2026-05-05,C-SEO-010,Shenzhen DC,Shenzhen,CN,Seoul,KR,332,1153.77,sea,audio,13124.39,0
SO-02775,2026-05-05,C-SIN-024,Shenzhen DC,Shenzhen,CN,Singapore,SG,322,1272.36,sea,cables,22744.95,0
SO-03391,2026-05-05,C-MAN-011,Shenzhen DC,Shenzhen,CN,Manila,PH,579,1237.39,sea,cases,32277.05,0
SO-03766,2026-05-05,C-SYD-020,Rotterdam DC,Rotterdam,NL,Sydney,AU,255,890.97,air,cases,36573.09,0
SO-03934,2026-05-05,C-AUC-031,Rotterdam DC,Rotterdam,NL,Auckland,NZ,252,966.23,air,cases,47050.26,0
SO-04173,2026-05-05,C-NEW-005,Memphis DC,Memphis,US,New York City,US,235,768.63,road,cables,36313.3,0
SO-04335,2026-05-05,C-NEW-028,Memphis DC,Memphis,US,New York City,US,338,761.5,road,chargers,30526.43,0
SO-04363,2026-05-05,C-NEW-023,Memphis DC,Memphis,US,New York City,US,174,526.94,road,chargers,29209.88,0
SO-04820,2026-05-05,C-CHI-006,Memphis DC,Memphis,US,Chicago,US,553,1338.02,road,wearables,17074.31,0
SO-05071,2026-05-05,C-LOS-014,Memphis DC,Memphis,US,Los Angeles,US,593,1337.33,road,cables,27824.7,0
SO-05320,2026-05-05,C-TOR-013,Memphis DC,Memphis,US,Toronto,CA,602,1453.37,road,cases,39608.51,0
SO-05622,2026-05-05,C-MEX-012,Memphis DC,Memphis,US,Mexico City,MX,382,560.34,road,cables,31060.05,0
SO-06629,2026-05-05,C-CAI-007,Dubai DC,Dubai,AE,Cairo,EG,496,1789.58,sea,cables,20010.29,0
SO-06717,2026-05-05,C-CAI-010,Dubai DC,Dubai,AE,Cairo,EG,744,1369.07,sea,wearables,35458.26,0
SO-06792,2026-05-05,C-NAI-037,Dubai DC,Dubai,AE,Nairobi,KE,498,1108.81,air,audio,16460.87,0
SO-07212,2026-05-05,C-JOH-013,Dubai DC,Dubai,AE,Johannesburg,ZA,630,1138.21,sea,cases,13514.23,0
SO-00262,2026-05-06,C-LON-028,Rotterdam DC,Rotterdam,NL,London,GB,551,1504.75,road,audio,24711.43,0
SO-00598,2026-05-06,C-BER-014,Rotterdam DC,Rotterdam,NL,Berlin,DE,494,1408.5,road,wearables,20624.42,0
SO-00716,2026-05-06,C-BER-001,Rotterdam DC,Rotterdam,NL,Berlin,DE,552,1407.54,road,cases,25503.65,0
SO-01073,2026-05-06,C-PAR-009,Rotterdam DC,Rotterdam,NL,Paris,FR,818,1516.78,road,cables,17533.18,1
SO-01230,2026-05-06,C-MAD-012,Rotterdam DC,Rotterdam,NL,Madrid,ES,775,1638.84,road,chargers,7079.3,0
SO-01935,2026-05-06,C-STO-006,Rotterdam DC,Rotterdam,NL,Stockholm,SE,724,1461.06,road,wearables,15736.22,0
SO-02359,2026-05-06,C-TOK-018,Shenzhen DC,Shenzhen,CN,Tokyo,JP,280,1050.78,sea,audio,25175.89,0
SO-02706,2026-05-06,C-SIN-032,Shenzhen DC,Shenzhen,CN,Singapore,SG,601,1032.47,sea,chargers,39056.3,0
SO-02766,2026-05-06,C-SIN-034,Shenzhen DC,Shenzhen,CN,Singapore,SG,290,522.28,sea,chargers,16987.77,0
SO-03427,2026-05-06,C-MAN-004,Shenzhen DC,Shenzhen,CN,Manila,PH,137,445.05,sea,storage,26317.54,0
SO-03567,2026-05-06,C-MUM-033,Shenzhen DC,Shenzhen,CN,Mumbai,IN,261,812.62,sea,cables,27139.32,0
SO-04309,2026-05-06,C-NEW-028,Memphis DC,Memphis,US,New York City,US,690,1395.39,road,storage,34101.42,0
SO-04339,2026-05-06,C-NEW-026,Memphis DC,Memphis,US,New York City,US,233,875.3,road,audio,30112.74,0
SO-04886,2026-05-06,C-CHI-023,Memphis DC,Memphis,US,Chicago,US,421,1464.9,road,chargers,48171.42,0
SO-05463,2026-05-06,C-TOR-009,Memphis DC,Memphis,US,Toronto,CA,431,940.08,road,chargers,31088.84,0
SO-05893,2026-05-06,C-SAO-022,Memphis DC,Memphis,US,Sao Paulo,BR,325,884.71,sea,cases,17227.85,0
SO-05926,2026-05-06,C-SAO-035,Memphis DC,Memphis,US,Sao Paulo,BR,995,1502.44,sea,audio,20538.59,0
SO-05943,2026-05-06,C-SAO-015,Memphis DC,Memphis,US,Sao Paulo,BR,328,1186.58,sea,cables,41052.25,0
SO-06832,2026-05-06,C-NAI-036,Dubai DC,Dubai,AE,Nairobi,KE,439,640.33,air,storage,12532.98,1
SO-00765,2026-05-07,C-PAR-019,Rotterdam DC,Rotterdam,NL,Paris,FR,367,1097.71,road,wearables,25805.95,0
SO-00809,2026-05-07,C-PAR-011,Rotterdam DC,Rotterdam,NL,Paris,FR,274,1077.55,road,cables,27382.96,0
SO-00927,2026-05-07,C-PAR-016,Rotterdam DC,Rotterdam,NL,Paris,FR,553,1888.09,road,chargers,22388.38,0
SO-01426,2026-05-07,C-MIL-029,Rotterdam DC,Rotterdam,NL,Milan,IT,707,1154.64,road,cases,27301.81,0
SO-01570,2026-05-07,C-MIL-020,Rotterdam DC,Rotterdam,NL,Milan,IT,384,1211.24,road,cables,25077.79,0
SO-01664,2026-05-07,C-WAR-005,Rotterdam DC,Rotterdam,NL,Warsaw,PL,435,1246.99,road,chargers,32241.65,0
SO-01758,2026-05-07,C-WAR-001,Rotterdam DC,Rotterdam,NL,Warsaw,PL,297,826.92,road,storage,30932.31,0
SO-01773,2026-05-07,C-WAR-030,Rotterdam DC,Rotterdam,NL,Warsaw,PL,1127,2044.18,road,audio,26211.67,0
SO-01910,2026-05-07,C-STO-013,Rotterdam DC,Rotterdam,NL,Stockholm,SE,185,366.13,road,cases,29797.39,0
SO-02947,2026-05-07,C-BAN-026,Shenzhen DC,Shenzhen,CN,Bangkok,TH,314,1138.43,sea,chargers,14846.7,0
SO-03139,2026-05-07,C-BAN-025,Shenzhen DC,Shenzhen,CN,Bangkok,TH,649,974.49,sea,cases,18823.27,1
SO-03382,2026-05-07,C-MAN-028,Shenzhen DC,Shenzhen,CN,Manila,PH,297,929.61,sea,storage,38974.08,0
SO-03586,2026-05-07,C-MUM-009,Shenzhen DC,Shenzhen,CN,Mumbai,IN,494,1569.9,sea,cables,26685.76,0
SO-03721,2026-05-07,C-MUM-034,Shenzhen DC,Shenzhen,CN,Mumbai,IN,651,1346.15,sea,cases,21303.02,0
SO-04137,2026-05-07,C-NEW-008,Memphis DC,Memphis,US,New York City,US,437,837.45,road,cables,22347.34,0
SO-04887,2026-05-07,C-CHI-012,Memphis DC,Memphis,US,Chicago,US,450,1603.29,road,chargers,32433.59,0
SO-04922,2026-05-07,C-CHI-021,Memphis DC,Memphis,US,Chicago,US,264,980.63,road,audio,28429.82,0
SO-05048,2026-05-07,C-LOS-018,Memphis DC,Memphis,US,Los Angeles,US,687,1729.35,road,wearables,30552.01,0
SO-05211,2026-05-07,C-LOS-019,Memphis DC,Memphis,US,Los Angeles,US,333,981.46,road,chargers,21285.5,0
SO-05241,2026-05-07,C-LOS-014,Memphis DC,Memphis,US,Los Angeles,US,444,1438.31,road,cables,26112.58,0
SO-05263,2026-05-07,C-LOS-016,Memphis DC,Memphis,US,Los Angeles,US,358,916.68,road,wearables,23764.3,0
SO-06394,2026-05-07,C-RIY-008,Dubai DC,Dubai,AE,Riyadh,SA,376,1295.52,road,wearables,23507.82,1
SO-07214,2026-05-07,C-JOH-036,Dubai DC,Dubai,AE,Johannesburg,ZA,336,936.38,sea,audio,25648.04,0
SO-00094,2026-05-08,C-LON-013,Rotterdam DC,Rotterdam,NL,London,GB,418,1396.02,road,cables,14399.06,0
SO-00298,2026-05-08,C-LON-039,Rotterdam DC,Rotterdam,NL,London,GB,619,1137.86,road,wearables,21406.49,0
SO-00365,2026-05-08,C-LON-031,Rotterdam DC,Rotterdam,NL,London,GB,941,1726.32,road,storage,36395.6,0
SO-00425,2026-05-08,C-BER-011,Rotterdam DC,Rotterdam,NL,Berlin,DE,426,1333.75,road,chargers,29157.99,0
SO-00881,2026-05-08,C-PAR-035,Rotterdam DC,Rotterdam,NL,Paris,FR,339,784.89,road,chargers,16337.5,0
SO-00942,2026-05-08,C-PAR-031,Rotterdam DC,Rotterdam,NL,Paris,FR,374,1469.64,road,storage,26371.66,0
SO-02042,2026-05-08,C-DUB-022,Rotterdam DC,Rotterdam,NL,Dublin,IE,197,721.49,air,wearables,21565.06,0
SO-02668,2026-05-08,C-SIN-030,Shenzhen DC,Shenzhen,CN,Singapore,SG,877,1267.96,sea,wearables,32525.99,0
SO-02671,2026-05-08,C-SIN-038,Shenzhen DC,Shenzhen,CN,Singapore,SG,484,1132.58,sea,wearables,22343.16,1
SO-02759,2026-05-08,C-SIN-037,Shenzhen DC,Shenzhen,CN,Singapore,SG,230,565.24,sea,audio,19049.68,0
SO-02772,2026-05-08,C-SIN-015,Shenzhen DC,Shenzhen,CN,Singapore,SG,561,1233.89,sea,chargers,37221.45,0
SO-03131,2026-05-08,C-BAN-014,Shenzhen DC,Shenzhen,CN,Bangkok,TH,400,1588.11,sea,chargers,34571.93,0
SO-03243,2026-05-08,C-JAK-010,Shenzhen DC,Shenzhen,CN,Jakarta,ID,360,1417.12,sea,chargers,23509.84,0
SO-03264,2026-05-08,C-JAK-014,Shenzhen DC,Shenzhen,CN,Jakarta,ID,550,1636.02,sea,wearables,25258.51,0
SO-03392,2026-05-08,C-MAN-021,Shenzhen DC,Shenzhen,CN,Manila,PH,387,1224.86,sea,wearables,22691.33,0
SO-03562,2026-05-08,C-MUM-019,Shenzhen DC,Shenzhen,CN,Mumbai,IN,294,479.78,sea,audio,14886.27,0
SO-04072,2026-05-08,C-NEW-004,Memphis DC,Memphis,US,New York City,US,315,818.55,road,chargers,28273.26,0
SO-04838,2026-05-08,C-CHI-039,Memphis DC,Memphis,US,Chicago,US,517,1435.74,road,audio,24298.5,0
SO-04846,2026-05-08,C-CHI-005,Memphis DC,Memphis,US,Chicago,US,295,1036.13,road,cables,27964.63,0
SO-04929,2026-05-08,C-CHI-032,Memphis DC,Memphis,US,Chicago,US,986,2081.47,road,chargers,38473.12,0
SO-05082,2026-05-08,C-LOS-006,Memphis DC,Memphis,US,Los Angeles,US,789,1748.23,road,wearables,36974.37,0
SO-05635,2026-05-08,C-MEX-001,Memphis DC,Memphis,US,Mexico City,MX,114,372.5,road,chargers,25714.74,0
SO-05730,2026-05-08,C-MEX-033,Memphis DC,Memphis,US,Mexico City,MX,682,1283.62,road,cases,29145.64,1
SO-05940,2026-05-08,C-SAO-001,Memphis DC,Memphis,US,Sao Paulo,BR,716,1603.07,sea,wearables,20868.87,0
SO-06779,2026-05-08,C-CAI-013,Dubai DC,Dubai,AE,Cairo,EG,318,877.85,sea,cases,23449.23,0
SO-00943,2026-05-09,C-PAR-002,Rotterdam DC,Rotterdam,NL,Paris,FR,486,1143.1,road,storage,21436.33,0
SO-01104,2026-05-09,C-PAR-019,Rotterdam DC,Rotterdam,NL,Paris,FR,580,1691.79,road,wearables,20531.43,0
SO-01755,2026-05-09,C-WAR-021,Rotterdam DC,Rotterdam,NL,Warsaw,PL,471,1519.51,road,chargers,36281.07,0
SO-02587,2026-05-09,C-SEO-033,Shenzhen DC,Shenzhen,CN,Seoul,KR,523,1520.15,sea,wearables,51360.42,0
SO-02969,2026-05-09,C-BAN-001,Shenzhen DC,Shenzhen,CN,Bangkok,TH,519,1041.55,sea,cables,26554.35,0
SO-03225,2026-05-09,C-JAK-012,Shenzhen DC,Shenzhen,CN,Jakarta,ID,428,1674.42,sea,cables,23499.8,0
SO-03241,2026-05-09,C-JAK-029,Shenzhen DC,Shenzhen,CN,Jakarta,ID,315,1024.81,sea,audio,29830.48,0
SO-03370,2026-05-09,C-MAN-014,Shenzhen DC,Shenzhen,CN,Manila,PH,339,1117.3,sea,audio,30139.25,0
SO-03653,2026-05-09,C-MUM-036,Shenzhen DC,Shenzhen,CN,Mumbai,IN,279,907.52,sea,chargers,17769.86,0
SO-03978,2026-05-09,C-AUC-038,Rotterdam DC,Rotterdam,NL,Auckland,NZ,348,1005.17,air,cables,31968.89,0
SO-04182,2026-05-09,C-NEW-015,Memphis DC,Memphis,US,New York City,US,207,497.68,road,storage,26108.26,0
SO-04320,2026-05-09,C-NEW-009,Memphis DC,Memphis,US,New York City,US,624,1286.62,road,cables,23260.26,0
SO-04544,2026-05-09,C-CHI-025,Memphis DC,Memphis,US,Chicago,US,398,1138.0,road,cases,28338.6,0
SO-04863,2026-05-09,C-CHI-028,Memphis DC,Memphis,US,Chicago,US,305,996.64,road,cases,27026.2,0
SO-05549,2026-05-09,C-TOR-011,Memphis DC,Memphis,US,Toronto,CA,209,714.6,road,cases,27686.2,0
SO-05688,2026-05-09,C-MEX-033,Memphis DC,Memphis,US,Mexico City,MX,309,991.76,road,storage,25845.34,0
SO-00521,2026-05-10,C-BER-003,Rotterdam DC,Rotterdam,NL,Berlin,DE,346,1323.12,road,wearables,33342.82,0
SO-00779,2026-05-10,C-PAR-032,Rotterdam DC,Rotterdam,NL,Paris,FR,408,1329.53,road,audio,40378.64,0
SO-01060,2026-05-10,C-PAR-007,Rotterdam DC,Rotterdam,NL,Paris,FR,446,1390.71,road,storage,24826.45,0
SO-01880,2026-05-10,C-STO-023,Rotterdam DC,Rotterdam,NL,Stockholm,SE,417,627.83,road,storage,23985.06,1
SO-02397,2026-05-10,C-SEO-022,Shenzhen DC,Shenzhen,CN,Seoul,KR,376,974.13,sea,chargers,28111.68,0
SO-03032,2026-05-10,C-BAN-005,Shenzhen DC,Shenzhen,CN,Bangkok,TH,296,995.68,sea,cables,28289.18,0
SO-03112,2026-05-10,C-BAN-027,Shenzhen DC,Shenzhen,CN,Bangkok,TH,186,739.57,sea,cables,17382.34,0
SO-03143,2026-05-10,C-BAN-016,Shenzhen DC,Shenzhen,CN,Bangkok,TH,175,558.51,sea,chargers,32186.37,0
SO-03169,2026-05-10,C-JAK-018,Shenzhen DC,Shenzhen,CN,Jakarta,ID,586,1657.48,sea,storage,42376.09,0
SO-03226,2026-05-10,C-JAK-020,Shenzhen DC,Shenzhen,CN,Jakarta,ID,319,1049.37,sea,audio,43895.26,0
SO-03912,2026-05-10,C-SYD-039,Rotterdam DC,Rotterdam,NL,Sydney,AU,461,821.58,air,cables,26826.51,0
SO-04388,2026-05-10,C-NEW-007,Memphis DC,Memphis,US,New York City,US,549,1378.06,road,cables,27911.09,1
SO-04476,2026-05-10,C-NEW-006,Memphis DC,Memphis,US,New York City,US,351,811.59,road,chargers,27637.74,0
SO-04533,2026-05-10,C-CHI-026,Memphis DC,Memphis,US,Chicago,US,263,956.07,road,cables,8329.44,0
SO-05007,2026-05-10,C-LOS-030,Memphis DC,Memphis,US,Los Angeles,US,415,625.15,road,cases,24622.0,0
SO-06000,2026-05-10,C-BOG-002,Memphis DC,Memphis,US,Bogota,CO,254,710.21,air,storage,13767.34,1
SO-06360,2026-05-10,C-BUE-005,Memphis DC,Memphis,US,Buenos Aires,AR,1005,2042.6,sea,storage,40,0
SO-06540,2026-05-10,C-RIY-004,Dubai DC,Dubai,AE,Riyadh,SA,182,596.05,road,cases,15675.89,0
SO-06570,2026-05-10,C-RIY-023,Dubai DC,Dubai,AE,Riyadh,SA,740,1058.36,road,cases,27100.22,0
SO-07073,2026-05-10,C-JOH-028,Dubai DC,Dubai,AE,Johannesburg,ZA,580,1420.45,sea,cases,28863.88,0
SO-07395,2026-05-10,C-KAR-037,Dubai DC,Dubai,AE,Karachi,PK,343,915.16,sea,audio,17611.47,0
SO-00831,2026-05-11,C-PAR-015,Rotterdam DC,Rotterdam,NL,Paris,FR,438,1327.6,road,audio,30078.05,0
SO-00915,2026-05-11,C-PAR-016,Rotterdam DC,Rotterdam,NL,Paris,FR,607,1262.71,road,cases,27281.96,0
SO-01141,2026-05-11,C-MAD-027,Rotterdam DC,Rotterdam,NL,Madrid,ES,524,1674.8,road,audio,24821.76,0
SO-01641,2026-05-11,C-WAR-015,Rotterdam DC,Rotterdam,NL,Warsaw,PL,615,998.57,road,chargers,25068.39,0
SO-02191,2026-05-11,C-TOK-008,Shenzhen DC,Shenzhen,CN,Tokyo,JP,287,926.94,sea,cases,22211.99,0
SO-02266,2026-05-11,C-TOK-011,Shenzhen DC,Shenzhen,CN,Tokyo,JP,403,886.74,sea,wearables,10361.18,0
SO-02270,2026-05-11,C-TOK-020,Shenzhen DC,Shenzhen,CN,Tokyo,JP,461,1780.25,sea,audio,32960.26,0
SO-02713,2026-05-11,C-SIN-016,Shenzhen DC,Shenzhen,CN,Singapore,SG,368,843.67,sea,audio,27731.73,0
SO-02806,2026-05-11,C-SIN-013,Shenzhen DC,Shenzhen,CN,Singapore,SG,177,669.19,sea,storage,26834.0,0
SO-02955,2026-05-11,C-BAN-011,Shenzhen DC,Shenzhen,CN,Bangkok,TH,586,1234.46,sea,cables,25786.64,0
SO-03503,2026-05-11,C-MUM-037,Shenzhen DC,Shenzhen,CN,Mumbai,IN,752,1229.79,sea,audio,34952.37,0
SO-03621,2026-05-11,C-MUM-024,Shenzhen DC,Shenzhen,CN,Mumbai,IN,205,635.03,sea,wearables,26727.18,0
SO-03770,2026-05-11,C-SYD-017,Rotterdam DC,Rotterdam,NL,Sydney,AU,300,700.95,air,audio,42519.44,0
SO-05600,2026-05-11,C-MEX-036,Memphis DC,Memphis,US,Mexico City,MX,429,1150.38,road,cases,19120.35,0
SO-06168,2026-05-11,C-SAN-012,Memphis DC,Memphis,US,Santiago,CL,310,955.17,sea,chargers,24565.88,0
SO-06237,2026-05-11,C-BUE-007,Memphis DC,Memphis,US,Buenos Aires,AR,448,1158.66,sea,cases,23263.71,0
SO-00233,2026-05-12,C-LON-011,Rotterdam DC,Rotterdam,NL,London,GB,203,534.89,road,cases,20186.01,0
SO-00540,2026-05-12,C-BER-014,Rotterdam DC,Rotterdam,NL,Berlin,DE,499,1214.06,road,storage,25614.8,0
SO-01228,2026-05-12,C-MAD-003,Rotterdam DC,Rotterdam,NL,Madrid,ES,294,1000.78,road,storage,34521.28,0
SO-01634,2026-05-12,C-WAR-018,Rotterdam DC,Rotterdam,NL,Warsaw,PL,189,745.23,road,wearables,41944.78,0
SO-01982,2026-05-12,C-DUB-020,Rotterdam DC,Rotterdam,NL,Dublin,IE,424,1039.79,air,chargers,8114.02,0
SO-02197,2026-05-12,C-TOK-025,Shenzhen DC,Shenzhen,CN,Tokyo,JP,441,1228.31,sea,cases,25257.4,0
SO-02209,2026-05-12,C-TOK-034,Shenzhen DC,Shenzhen,CN,Tokyo,JP,204,619.2,sea,storage,38002.16,0
SO-02308,2026-05-12,C-TOK-011,Shenzhen DC,Shenzhen,CN,Tokyo,JP,391,1130.59,sea,cases,26067.11,0
SO-02472,2026-05-12,C-SEO-021,Shenzhen DC,Shenzhen,CN,Seoul,KR,227,820.98,sea,cables,42857.47,0
SO-03156,2026-05-12,C-JAK-022,Shenzhen DC,Shenzhen,CN,Jakarta,ID,374,717.25,sea,audio,15903.23,0
SO-03331,2026-05-12,C-JAK-026,Shenzhen DC,Shenzhen,CN,Jakarta,ID,657,1422.33,sea,audio,24689.14,0
SO-03378,2026-05-12,C-MAN-002,Shenzhen DC,Shenzhen,CN,Manila,PH,610,1241.16,sea,chargers,27018.83,0
SO-03533,2026-05-12,C-MUM-039,Shenzhen DC,Shenzhen,CN,Mumbai,IN,586,1598.35,sea,cases,22393.76,0
SO-04002,2026-05-12,C-AUC-014,Rotterdam DC,Rotterdam,NL,Auckland,NZ,261,539.23,air,cables,20203.19,0
SO-04754,2026-05-12,C-CHI-024,Memphis DC,Memphis,US,Chicago,US,364,1133.05,road,wearables,25759.81,0
SO-04791,2026-05-12,C-CHI-003,Memphis DC,Memphis,US,Chicago,US,397,1153.25,road,audio,19292.59,0
SO-05344,2026-05-12,C-TOR-025,Memphis DC,Memphis,US,Toronto,CA,609,1485.9,road,chargers,24068.18,0
SO-05458,2026-05-12,C-TOR-021,Memphis DC,Memphis,US,Toronto,CA,299,1053.37,road,audio,38592.87,0
SO-05565,2026-05-12,C-MEX-002,Memphis DC,Memphis,US,Mexico City,MX,352,1296.61,road,cables,19491.88,0
SO-05673,2026-05-12,C-MEX-037,Memphis DC,Memphis,US,Mexico City,MX,512,1816.91,road,storage,20538.55,0
SO-05744,2026-05-12,C-MEX-033,Memphis DC,Memphis,US,Mexico City,MX,394,1286.64,road,cases,25448.06,0
SO-05807,2026-05-12,C-SAO-010,Memphis DC,Memphis,US,Sao Paulo,BR,457,1475.97,sea,chargers,28510.07,0
SO-06033,2026-05-12,C-BOG-020,Memphis DC,Memphis,US,Bogota,CO,611,958.75,air,storage,21468.74,1
SO-06674,2026-05-12,C-CAI-019,Dubai DC,Dubai,AE,Cairo,EG,301,453.44,sea,wearables,19442.92,0
SO-00110,2026-05-13,C-LON-021,Rotterdam DC,Rotterdam,NL,London,GB,520,1375.06,road,chargers,30028.32,0
SO-00930,2026-05-13,C-PAR-025,Rotterdam DC,Rotterdam,NL,Paris,FR,382,725.05,road,audio,15097.45,0
SO-01074,2026-05-13,C-PAR-005,Rotterdam DC,Rotterdam,NL,Paris,FR,391,1186.2,road,storage,30048.8,0
SO-01236,2026-05-13,C-MAD-033,Rotterdam DC,Rotterdam,NL,Madrid,ES,746,1424.7,road,audio,30237.48,0
SO-01354,2026-05-13,C-MAD-001,Rotterdam DC,Rotterdam,NL,Madrid,ES,299,810.74,road,audio,29009.18,0
SO-01643,2026-05-13,C-WAR-034,Rotterdam DC,Rotterdam,NL,Warsaw,PL,461,1662.72,road,chargers,23159.63,0
SO-02479,2026-05-13,C-SEO-002,Shenzhen DC,Shenzhen,CN,Seoul,KR,199,780.55,sea,cases,39772.93,0
SO-02486,2026-05-13,C-SEO-026,Shenzhen DC,Shenzhen,CN,Seoul,KR,72,240.77,sea,storage,39086.77,0
SO-02726,2026-05-13,C-SIN-029,Shenzhen DC,Shenzhen,CN,Singapore,SG,260,628.15,sea,storage,36176.4,0
SO-03053,2026-05-13,C-BAN-013,Shenzhen DC,Shenzhen,CN,Bangkok,TH,230,750.16,sea,storage,18724.9,0
SO-03350,2026-05-13,C-MAN-013,Shenzhen DC,Shenzhen,CN,Manila,PH,226,729.86,sea,cables,22383.12,0
SO-03572,2026-05-13,C-MUM-005,Shenzhen DC,Shenzhen,CN,Mumbai,IN,925,1796.54,sea,wearables,27804.69,1
SO-03663,2026-05-13,C-MUM-031,Shenzhen DC,Shenzhen,CN,Mumbai,IN,635,1266.21,sea,wearables,18694.31,0
SO-03720,2026-05-13,C-MUM-033,Shenzhen DC,Shenzhen,CN,Mumbai,IN,275,882.28,sea,chargers,30448.6,0
SO-04037,2026-05-13,C-AUC-025,Rotterdam DC,Rotterdam,NL,Auckland,NZ,223,694.43,air,wearables,45928.3,0
SO-04742,2026-05-13,C-CHI-019,Memphis DC,Memphis,US,Chicago,US,457,1104.14,road,audio,26130.11,0
SO-04845,2026-05-13,C-CHI-001,Memphis DC,Memphis,US,Chicago,US,503,1046.97,road,audio,25129.77,0
SO-05172,2026-05-13,C-LOS-028,Memphis DC,Memphis,US,Los Angeles,US,252,941.08,road,chargers,26179.42,0
SO-05872,2026-05-13,C-SAO-013,Memphis DC,Memphis,US,Sao Paulo,BR,359,926.3,sea,storage,14798.29,0
SO-06217,2026-05-13,C-BUE-017,Memphis DC,Memphis,US,Buenos Aires,AR,1119,1616.95,sea,wearables,34170.77,0
SO-06742,2026-05-13,C-CAI-009,Dubai DC,Dubai,AE,Cairo,EG,392,1180.94,sea,chargers,15688.28,0
SO-07365,2026-05-13,C-KAR-037,Dubai DC,Dubai,AE,Karachi,PK,176,622.16,sea,wearables,31264.61,0
SO-00168,2026-05-14,C-LON-023,Rotterdam DC,Rotterdam,NL,London,GB,817,1718.86,road,storage,29241.21,0
SO-01889,2026-05-14,C-STO-015,Rotterdam DC,Rotterdam,NL,Stockholm,SE,521,1170.69,road,storage,18520.88,0
SO-02336,2026-05-14,C-TOK-031,Shenzhen DC,Shenzhen,CN,Tokyo,JP,368,631.11,sea,cables,41120.24,0
SO-02525,2026-05-14,C-SEO-011,Shenzhen DC,Shenzhen,CN,Seoul,KR,891,1289.28,sea,audio,29073.62,0
SO-02793,2026-05-14,C-SIN-020,Shenzhen DC,Shenzhen,CN,Singapore,SG,288,884.55,sea,audio,19212.31,0
SO-03397,2026-05-14,C-MAN-022,Shenzhen DC,Shenzhen,CN,Manila,PH,350,731.53,sea,wearables,16186.86,0
SO-03484,2026-05-14,C-MAN-037,Shenzhen DC,Shenzhen,CN,Manila,PH,288,810.14,sea,chargers,33311.18,0
SO-03677,2026-05-14,C-MUM-005,Shenzhen DC,Shenzhen,CN,Mumbai,IN,478,1546.67,sea,wearables,25210.5,0
SO-03923,2026-05-14,C-SYD-010,Rotterdam DC,Rotterdam,NL,Sydney,AU,203,603.63,air,storage,22947.59,0
SO-04570,2026-05-14,C-CHI-004,Memphis DC,Memphis,US,Chicago,US,457,1185.48,road,audio,39744.92,0
SO-05419,2026-05-14,C-TOR-029,Memphis DC,Memphis,US,Toronto,CA,255,748.23,road,audio,21341.17,0
SO-05508,2026-05-14,C-TOR-021,Memphis DC,Memphis,US,Toronto,CA,656,971.15,road,storage,24558.97,0
SO-05740,2026-05-14,C-MEX-025,Memphis DC,Memphis,US,Mexico City,MX,338,544.14,road,chargers,18098.97,0
SO-05952,2026-05-14,C-SAO-016,Memphis DC,Memphis,US,Sao Paulo,BR,322,1286.82,sea,audio,29991.93,0
SO-06127,2026-05-14,C-SAN-005,Memphis DC,Memphis,US,Santiago,CL,766,2045.4,sea,audio,22261.17,0
SO-06274,2026-05-14,C-BUE-027,Memphis DC,Memphis,US,Buenos Aires,AR,588,2244.17,sea,cases,28660.94,0
SO-06443,2026-05-14,C-RIY-030,Dubai DC,Dubai,AE,Riyadh,SA,760,1433.39,road,cases,35452.51,0
SO-07002,2026-05-14,C-LAG-030,Dubai DC,Dubai,AE,Lagos,NG,843,1452.14,air,storage,29605.59,0
SO-00358,2026-05-15,C-LON-009,Rotterdam DC,Rotterdam,NL,London,GB,481,1395.93,road,cables,39144.11,0
SO-00972,2026-05-15,C-PAR-012,Rotterdam DC,Rotterdam,NL,Paris,FR,226,847.37,road,cases,22112.71,0
SO-01608,2026-05-15,C-WAR-028,Rotterdam DC,Rotterdam,NL,Warsaw,PL,505,1494.52,road,wearables,15310.24,0
SO-01848,2026-05-15,C-STO-003,Rotterdam DC,Rotterdam,NL,Stockholm,SE,323,746.82,road,cables,19374.75,0
SO-01948,2026-05-15,C-DUB-035,Rotterdam DC,Rotterdam,NL,Dublin,IE,421,974.25,air,wearables,12346.83,0
SO-02049,2026-05-15,C-DUB-023,Rotterdam DC,Rotterdam,NL,Dublin,IE,167,637.18,air,cases,20865.68,1
SO-02177,2026-05-15,C-TOK-015,Shenzhen DC,Shenzhen,CN,Tokyo,JP,255,736.72,sea,audio,33105.96,0
SO-02239,2026-05-15,C-TOK-035,Shenzhen DC,Shenzhen,CN,Tokyo,JP,212,819.56,sea,wearables,36999.62,0
SO-02355,2026-05-15,C-TOK-025,Shenzhen DC,Shenzhen,CN,Tokyo,JP,199,494.41,sea,chargers,11269.06,0
SO-03092,2026-05-15,C-BAN-038,Shenzhen DC,Shenzhen,CN,Bangkok,TH,214,841.34,sea,audio,28115.4,1
SO-03414,2026-05-15,C-MAN-039,Shenzhen DC,Shenzhen,CN,Manila,PH,768,1307.64,sea,cases,32095.67,0
SO-03667,2026-05-15,C-MUM-006,Shenzhen DC,Shenzhen,CN,Mumbai,IN,370,1102.01,sea,cases,14586.99,0
SO-03695,2026-05-15,C-MUM-035,Shenzhen DC,Shenzhen,CN,Mumbai,IN,173,330.64,sea,storage,11180.95,0
SO-04057,2026-05-15,C-NEW-028,Memphis DC,Memphis,US,New York City,US,415,1342.21,road,wearables,27707.77,0
SO-05430,2026-05-15,C-TOR-011,Memphis DC,Memphis,US,Toronto,CA,469,1413.06,road,audio,25757.06,0
SO-06352,2026-05-15,C-BUE-003,Memphis DC,Memphis,US,Buenos Aires,AR,212,525.74,sea,audio,26578.1,0
SO-06431,2026-05-15,C-RIY-037,Dubai DC,Dubai,AE,Riyadh,SA,386,1299.33,road,audio,25747.26,0
SO-06494,2026-05-15,C-RIY-024,Dubai DC,Dubai,AE,Riyadh,SA,556,1732.16,road,audio,24084.29,0
SO-06865,2026-05-15,C-NAI-001,Dubai DC,Dubai,AE,Nairobi,KE,253,511.66,air,cases,17000.32,0
SO-07109,2026-05-15,C-JOH-003,Dubai DC,Dubai,AE,Johannesburg,ZA,1049,1526.88,sea,wearables,30876.06,0
SO-07289,2026-05-15,C-KAR-033,Dubai DC,Dubai,AE,Karachi,PK,408,839.27,sea,cables,9903.96,0
SO-07334,2026-05-15,C-KAR-006,Dubai DC,Dubai,AE,Karachi,PK,570,1727.64,sea,cases,17979.48,0
SO-00433,2026-05-16,C-BER-015,Rotterdam DC,Rotterdam,NL,Berlin,DE,415,1173.03,road,cases,27463.9,0
SO-00754,2026-05-16,C-PAR-011,Rotterdam DC,Rotterdam,NL,Paris,FR,536,1875.26,road,wearables,35124.74,0
SO-01025,2026-05-16,C-PAR-014,Rotterdam DC,Rotterdam,NL,Paris,FR,538,1644.95,road,cases,22766.88,0
SO-01234,2026-05-16,C-MAD-031,Rotterdam DC,Rotterdam,NL,Madrid,ES,223,658.82,road,cases,9339.75,0
SO-01981,2026-05-16,C-DUB-002,Rotterdam DC,Rotterdam,NL,Dublin,IE,282,777.35,air,cables,22255.77,0
SO-02017,2026-05-16,C-DUB-006,Rotterdam DC,Rotterdam,NL,Dublin,IE,286,778.59,air,audio,20574.65,0
SO-02123,2026-05-16,C-TOK-038,Shenzhen DC,Shenzhen,CN,Tokyo,JP,428,1012.36,sea,storage,27805.27,0
SO-02186,2026-05-16,C-TOK-008,Shenzhen DC,Shenzhen,CN,Tokyo,JP,481,1190.79,sea,wearables,44591.05,0
SO-02328,2026-05-16,C-TOK-007,Shenzhen DC,Shenzhen,CN,Tokyo,JP,344,928.1,sea,storage,43142.47,0
SO-02781,2026-05-16,C-SIN-019,Shenzhen DC,Shenzhen,CN,Singapore,SG,598,899.58,sea,chargers,31474.04,0
SO-02998,2026-05-16,C-BAN-035,Shenzhen DC,Shenzhen,CN,Bangkok,TH,301,717.43,sea,audio,23045.72,0
SO-03247,2026-05-16,C-JAK-022,Shenzhen DC,Shenzhen,CN,Jakarta,ID,392,683.56,sea,audio,34987.12,0
SO-03261,2026-05-16,C-JAK-017,Shenzhen DC,Shenzhen,CN,Jakarta,ID,407,945.25,sea,audio,25664.54,0
SO-03646,2026-05-16,C-MUM-024,Shenzhen DC,Shenzhen,CN,Mumbai,IN,1218,1852.5,sea,cables,21783.95,0
SO-04066,2026-05-16,C-NEW-009,Memphis DC,Memphis,US,New York City,US,339,1150.89,road,cables,32553.57,0
SO-04318,2026-05-16,C-NEW-007,Memphis DC,Memphis,US,New York City,US,441,643.47,road,storage,21308.06,0
SO-04761,2026-05-16,C-CHI-018,Memphis DC,Memphis,US,Chicago,US,1281,2014.9,road,chargers,28630.32,0
SO-04768,2026-05-16,C-CHI-006,Memphis DC,Memphis,US,Chicago,US,473,1390.25,road,audio,27343.45,0
SO-04956,2026-05-16,C-LOS-002,Memphis DC,Memphis,US,Los Angeles,US,379,1034.55,road,cables,21653.02,0
SO-06240,2026-05-16,C-BUE-026,Memphis DC,Memphis,US,Buenos Aires,AR,161,479.42,sea,cables,33847.8,0
SO-06309,2026-05-16,C-BUE-013,Memphis DC,Memphis,US,Buenos Aires,AR,699,1413.8,sea,cases,30742.14,0
SO-06681,2026-05-16,C-CAI-027,Dubai DC,Dubai,AE,Cairo,EG,315,700.97,sea,cases,25203.25,0
SO-07099,2026-05-16,C-JOH-008,Dubai DC,Dubai,AE,Johannesburg,ZA,404,1522.14,sea,cables,15070.92,0
SO-07360,2026-05-16,C-KAR-039,Dubai DC,Dubai,AE,Karachi,PK,241,957.4,sea,cables,23676.81,0
SO-00027,2026-05-17,C-LON-029,Rotterdam DC,Rotterdam,NL,London,GB,193,595.58,road,cases,32045.43,0
SO-00912,2026-05-17,C-PAR-010,Rotterdam DC,Rotterdam,NL,Paris,FR,384,1188.65,road,storage,31995.27,0
SO-01927,2026-05-17,C-STO-024,Rotterdam DC,Rotterdam,NL,Stockholm,SE,934,1351.41,road,cables,26801.91,0
SO-02225,2026-05-17,C-TOK-003,Shenzhen DC,Shenzhen,CN,Tokyo,JP,372,1215.34,sea,chargers,35257.9,0
SO-02335,2026-05-17,C-TOK-015,Shenzhen DC,Shenzhen,CN,Tokyo,JP,305,644.39,sea,cases,25482.1,0
SO-02449,2026-05-17,C-SEO-037,Shenzhen DC,Shenzhen,CN,Seoul,KR,437,1380.96,sea,chargers,30456.72,0
SO-02501,2026-05-17,C-SEO-036,Shenzhen DC,Shenzhen,CN,Seoul,KR,310,1165.76,sea,chargers,28805.24,0
SO-03018,2026-05-17,C-BAN-005,Shenzhen DC,Shenzhen,CN,Bangkok,TH,260,992.06,sea,storage,15403.94,0
SO-03145,2026-05-17,C-BAN-019,Shenzhen DC,Shenzhen,CN,Bangkok,TH,1090,1654.6,sea,wearables,31411.09,0
SO-03308,2026-05-17,C-JAK-025,Shenzhen DC,Shenzhen,CN,Jakarta,ID,416,1415.23,sea,wearables,36187.03,0
SO-03523,2026-05-17,C-MUM-011,Shenzhen DC,Shenzhen,CN,Mumbai,IN,436,1724.28,sea,storage,6405.41,1
SO-03685,2026-05-17,C-MUM-036,Shenzhen DC,Shenzhen,CN,Mumbai,IN,610,1770.08,sea,cables,24248.07,0
SO-03811,2026-05-17,C-SYD-003,Rotterdam DC,Rotterdam,NL,Sydney,AU,338,1055.03,air,chargers,31448.52,0
SO-04128,2026-05-17,C-NEW-017,Memphis DC,Memphis,US,New York City,US,182,355.24,road,audio,25876.69,0
SO-04350,2026-05-17,C-NEW-027,Memphis DC,Memphis,US,New York City,US,260,1022.57,road,chargers,26002.72,0
SO-05594,2026-05-17,C-MEX-023,Memphis DC,Memphis,US,Mexico City,MX,308,676.46,road,storage,27024.55,0
SO-06132,2026-05-17,C-SAN-019,Memphis DC,Memphis,US,Santiago,CL,508,1825.15,sea,cases,32721.99,0
SO-06213,2026-05-17,C-SAN-026,Memphis DC,Memphis,US,Santiago,CL,204,504.19,sea,wearables,4517.8,0
SO-06590,2026-05-17,C-RIY-027,Dubai DC,Dubai,AE,Riyadh,SA,182,557.03,road,chargers,26153.6,0
SO-06604,2026-05-17,C-CAI-008,Dubai DC,Dubai,AE,Cairo,EG,376,821.13,sea,audio,26166.22,0
SO-06705,2026-05-17,C-CAI-027,Dubai DC,Dubai,AE,Cairo,EG,305,1131.16,sea,cases,29986.71,0
SO-06721,2026-05-17,C-CAI-015,Dubai DC,Dubai,AE,Cairo,EG,565,1040.19,sea,storage,19728.13,0
SO-06808,2026-05-17,C-NAI-020,Dubai DC,Dubai,AE,Nairobi,KE,360,593.79,air,chargers,10949.34,0
SO-07035,2026-05-17,C-LAG-038,Dubai DC,Dubai,AE,Lagos,NG,544,900.87,air,wearables,23633.81,1
SO-01516,2026-05-18,C-MIL-030,Rotterdam DC,Rotterdam,NL,Milan,IT,131,378.05,road,cases,29631.17,0
SO-02116,2026-05-18,C-TOK-013,Shenzhen DC,Shenzhen,CN,Tokyo,JP,452,1732.57,sea,cases,33020.45,0
SO-02251,2026-05-18,C-TOK-027,Shenzhen DC,Shenzhen,CN,Tokyo,JP,624,975.01,sea,audio,32234.86,0
SO-02305,2026-05-18,C-TOK-008,Shenzhen DC,Shenzhen,CN,Tokyo,JP,290,903.71,sea,wearables,21664.81,0
SO-02352,2026-05-18,C-TOK-029,Shenzhen DC,Shenzhen,CN,Tokyo,JP,668,1241.85,sea,cables,29772.29,0
SO-02442,2026-05-18,C-SEO-014,Shenzhen DC,Shenzhen,CN,Seoul,KR,520,1089.51,sea,cases,31121.74,0
SO-02606,2026-05-18,C-SEO-022,Shenzhen DC,Shenzhen,CN,Seoul,KR,322,1166.22,sea,chargers,19582.77,0
SO-02852,2026-05-18,C-SIN-030,Shenzhen DC,Shenzhen,CN,Singapore,SG,823,1360.82,sea,wearables,33692.78,0
SO-03890,2026-05-18,C-SYD-002,Rotterdam DC,Rotterdam,NL,Sydney,AU,175,599.69,air,wearables,28019.59,0
SO-03892,2026-05-18,C-SYD-002,Rotterdam DC,Rotterdam,NL,Sydney,AU,303,901.44,air,wearables,38843.19,0
SO-04606,2026-05-18,C-CHI-008,Memphis DC,Memphis,US,Chicago,US,288,887.79,road,cases,26426.06,0
SO-05389,2026-05-18,C-TOR-014,Memphis DC,Memphis,US,Toronto,CA,342,1006.03,road,audio,30548.81,0
SO-05563,2026-05-18,C-MEX-030,Memphis DC,Memphis,US,Mexico City,MX,505,812.65,road,audio,16593.81,0
SO-05684,2026-05-18,C-MEX-020,Memphis DC,Memphis,US,Mexico City,MX,565,1306.47,road,audio,21180.81,0
SO-05698,2026-05-18,C-MEX-006,Memphis DC,Memphis,US,Mexico City,MX,413,1597.85,road,audio,23384.09,0
SO-05827,2026-05-18,C-SAO-026,Memphis DC,Memphis,US,Sao Paulo,BR,605,1109.39,sea,audio,23261.3,0
SO-06062,2026-05-18,C-BOG-006,Memphis DC,Memphis,US,Bogota,CO,308,640.26,air,storage,19614.34,0
SO-06738,2026-05-18,C-CAI-007,Dubai DC,Dubai,AE,Cairo,EG,431,1414.57,sea,audio,26717.38,0
SO-06836,2026-05-18,C-NAI-035,Dubai DC,Dubai,AE,Nairobi,KE,550,959.86,air,chargers,6933.41,0
SO-07047,2026-05-18,C-LAG-021,Dubai DC,Dubai,AE,Lagos,NG,432,1343.85,air,audio,15764.97,0
SO-07361,2026-05-18,C-KAR-039,Dubai DC,Dubai,AE,Karachi,PK,454,816.55,sea,cases,28044.41,0
SO-00554,2026-05-19,C-BER-020,Rotterdam DC,Rotterdam,NL,Berlin,DE,878,1268.14,road,chargers,24820.93,0
SO-00875,2026-05-19,C-PAR-029,Rotterdam DC,Rotterdam,NL,Paris,FR,713,1590.83,road,cases,22184.74,0
SO-00916,2026-05-19,C-PAR-031,Rotterdam DC,Rotterdam,NL,Paris,FR,35,110.92,road,cases,6739.48,0
SO-01049,2026-05-19,C-PAR-021,Rotterdam DC,Rotterdam,NL,Paris,FR,443,934.2,road,storage,24251.42,1
SO-01853,2026-05-19,C-STO-036,Rotterdam DC,Rotterdam,NL,Stockholm,SE,769,1512.08,road,wearables,10062.35,0
SO-01958,2026-05-19,C-DUB-032,Rotterdam DC,Rotterdam,NL,Dublin,IE,220,542.35,air,chargers,24209.8,0
SO-02294,2026-05-19,C-TOK-009,Shenzhen DC,Shenzhen,CN,Tokyo,JP,543,1194.11,sea,storage,29780.52,0
SO-03217,2026-05-19,C-JAK-009,Shenzhen DC,Shenzhen,CN,Jakarta,ID,432,1015.44,sea,audio,20375.35,0
SO-03524,2026-05-19,C-MUM-014,Shenzhen DC,Shenzhen,CN,Mumbai,IN,702,1295.52,sea,cables,5580.45,0
SO-03906,2026-05-19,C-SYD-039,Rotterdam DC,Rotterdam,NL,Sydney,AU,292,963.89,air,audio,27454.55,0
SO-03975,2026-05-19,C-AUC-020,Rotterdam DC,Rotterdam,NL,Auckland,NZ,391,652.96,air,cases,42556.89,0
SO-04203,2026-05-19,C-NEW-008,Memphis DC,Memphis,US,New York City,US,494,1084.5,road,storage,18511.8,0
SO-04572,2026-05-19,C-CHI-034,Memphis DC,Memphis,US,Chicago,US,606,1635.51,road,cases,33282.69,0
SO-04658,2026-05-19,C-CHI-034,Memphis DC,Memphis,US,Chicago,US,253,999.64,road,cables,17379.61,0
SO-04976,2026-05-19,C-LOS-027,Memphis DC,Memphis,US,Los Angeles,US,622,1036.83,road,audio,17178.84,0
SO-05217,2026-05-19,C-LOS-003,Memphis DC,Memphis,US,Los Angeles,US,268,1029.15,road,cases,22868.01,0
SO-05708,2026-05-19,C-MEX-004,Memphis DC,Memphis,US,Mexico City,MX,1146,1749.65,road,cases,31828.15,0
SO-05734,2026-05-19,C-MEX-019,Memphis DC,Memphis,US,Mexico City,MX,220,664.03,road,cases,13114.18,0
SO-06125,2026-05-19,C-SAN-009,Memphis DC,Memphis,US,Santiago,CL,1070,1763.6,sea,wearables,21305.19,0
SO-06616,2026-05-19,C-CAI-004,Dubai DC,Dubai,AE,Cairo,EG,914,1398.03,sea,wearables,16660.0,0
SO-07032,2026-05-19,C-LAG-027,Dubai DC,Dubai,AE,Lagos,NG,399,1313.9,air,cases,17021.36,0
SO-07388,2026-05-19,C-KAR-014,Dubai DC,Dubai,AE,Karachi,PK,291,1111.02,sea,cases,18911.24,0
SO-00160,2026-05-20,C-LON-030,Rotterdam DC,Rotterdam,NL,London,GB,188,582.35,road,wearables,16798.07,0
SO-00215,2026-05-20,C-LON-017,Rotterdam DC,Rotterdam,NL,London,GB,920,1409.24,road,audio,31109.33,0
SO-00402,2026-05-20,C-LON-002,Rotterdam DC,Rotterdam,NL,London,GB,1156,1648.62,road,cases,32008.88,0
SO-01996,2026-05-20,C-DUB-016,Rotterdam DC,Rotterdam,NL,Dublin,IE,172,387.91,air,audio,10184.4,0
SO-02534,2026-05-20,C-SEO-032,Shenzhen DC,Shenzhen,CN,Seoul,KR,367,1380.88,sea,cases,36456.31,0
SO-02710,2026-05-20,C-SIN-026,Shenzhen DC,Shenzhen,CN,Singapore,SG,190,712.06,sea,audio,25306.46,0
SO-03493,2026-05-20,C-MAN-016,Shenzhen DC,Shenzhen,CN,Manila,PH,375,1320.22,sea,audio,17910.58,0
SO-03627,2026-05-20,C-MUM-016,Shenzhen DC,Shenzhen,CN,Mumbai,IN,369,767.17,sea,audio,35510.64,0
SO-03814,2026-05-20,C-SYD-004,Rotterdam DC,Rotterdam,NL,Sydney,AU,527,1024.77,air,cases,23397.12,0
SO-03823,2026-05-20,C-SYD-024,Rotterdam DC,Rotterdam,NL,Sydney,AU,192,573.25,air,storage,30397.44,0
SO-03895,2026-05-20,C-SYD-018,Rotterdam DC,Rotterdam,NL,Sydney,AU,377,1066.62,air,chargers,36551.96,0
SO-04269,2026-05-20,C-NEW-020,Memphis DC,Memphis,US,New York City,US,669,1221.47,road,storage,34199.76,0
SO-04786,2026-05-20,C-CHI-023,Memphis DC,Memphis,US,Chicago,US,348,908.8,road,cases,37178.28,1
SO-04903,2026-05-20,C-CHI-001,Memphis DC,Memphis,US,Chicago,US,537,1248.97,road,wearables,30184.31,0
SO-05016,2026-05-20,C-LOS-036,Memphis DC,Memphis,US,Los Angeles,US,951,1526.96,road,audio,12775.69,0
SO-05702,2026-05-20,C-MEX-035,Memphis DC,Memphis,US,Mexico City,MX,1393,2342.63,road,chargers,15619.31,0
SO-06045,2026-05-20,C-BOG-017,Memphis DC,Memphis,US,Bogota,CO,193,754.27,air,cases,11722.23,0
SO-06245,2026-05-20,C-BUE-007,Memphis DC,Memphis,US,Buenos Aires,AR,1238,2756.36,sea,audio,29045.28,0
SO-06429,2026-05-20,C-RIY-039,Dubai DC,Dubai,AE,Riyadh,SA,102,340.65,road,audio,17162.78,0
SO-06989,2026-05-20,C-LAG-016,Dubai DC,Dubai,AE,Lagos,NG,265,1038.36,air,wearables,27223.64,0
SO-00001,2026-05-21,C-LON-021,Rotterdam DC,Rotterdam,NL,London,GB,269,877.49,road,cases,21017.68,0
SO-00154,2026-05-21,C-LON-015,Rotterdam DC,Rotterdam,NL,London,GB,932,1771.52,road,cases,24863.91,0
SO-01174,2026-05-21,C-MAD-019,Rotterdam DC,Rotterdam,NL,Madrid,ES,178,682.16,road,chargers,11370.66,0
SO-01375,2026-05-21,C-MIL-024,Rotterdam DC,Rotterdam,NL,Milan,IT,237,674.11,road,chargers,28832.31,0
SO-01944,2026-05-21,C-DUB-019,Rotterdam DC,Rotterdam,NL,Dublin,IE,304,750.65,air,storage,16401.08,0
SO-03082,2026-05-21,C-BAN-030,Shenzhen DC,Shenzhen,CN,Bangkok,TH,226,548.45,sea,storage,25337.8,0
SO-03419,2026-05-21,C-MAN-033,Shenzhen DC,Shenzhen,CN,Manila,PH,764,1592.93,sea,cables,25730.15,0
SO-03543,2026-05-21,C-MUM-011,Shenzhen DC,Shenzhen,CN,Mumbai,IN,797,1279.96,sea,cases,24723.57,0
SO-03872,2026-05-21,C-SYD-015,Rotterdam DC,Rotterdam,NL,Sydney,AU,440,1208.96,air,chargers,30472.14,0
SO-03997,2026-05-21,C-AUC-017,Rotterdam DC,Rotterdam,NL,Auckland,NZ,225,876.74,air,wearables,15975.19,0
SO-04138,2026-05-21,C-NEW-036,Memphis DC,Memphis,US,New York City,US,275,1030.63,road,cables,24325.79,1
SO-04255,2026-05-21,C-NEW-027,Memphis DC,Memphis,US,New York City,US,709,1675.63,road,wearables,30603.29,0
SO-04277,2026-05-21,C-NEW-031,Memphis DC,Memphis,US,New York City,US,157,608.07,road,cases,44765.34,0
SO-04426,2026-05-21,C-NEW-001,Memphis DC,Memphis,US,New York City,US,536,1170.22,road,cables,15801.57,0
SO-05044,2026-05-21,C-LOS-031,Memphis DC,Memphis,US,Los Angeles,US,345,546.71,road,chargers,18589.27,0
SO-05128,2026-05-21,C-LOS-013,Memphis DC,Memphis,US,Los Angeles,US,705,1527.83,road,cases,32571.67,0
SO-06085,2026-05-21,C-BOG-004,Memphis DC,Memphis,US,Bogota,CO,146,335.59,air,cables,29814.29,0
SO-06896,2026-05-21,C-NAI-032,Dubai DC,Dubai,AE,Nairobi,KE,152,513.81,air,wearables,31698.77,0
SO-07090,2026-05-21,C-JOH-005,Dubai DC,Dubai,AE,Johannesburg,ZA,762,2413.14,sea,audio,11370.09,0
SO-07167,2026-05-21,C-JOH-019,Dubai DC,Dubai,AE,Johannesburg,ZA,411,1382.17,sea,storage,23512.1,1
SO-00079,2026-05-22,C-LON-018,Rotterdam DC,Rotterdam,NL,London,GB,536,1163.91,road,storage,21498.9,0
SO-00108,2026-05-22,C-LON-011,Rotterdam DC,Rotterdam,NL,London,GB,532,1158.82,road,storage,34361.59,0
SO-00198,2026-05-22,C-LON-033,Rotterdam DC,Rotterdam,NL,London,GB,517,1170.55,road,wearables,13681.37,0
SO-00203,2026-05-22,C-LON-006,Rotterdam DC,Rotterdam,NL,London,GB,372,1435.81,road,wearables,26160.9,0
SO-00569,2026-05-22,C-BER-002,Rotterdam DC,Rotterdam,NL,Berlin,DE,676,1957.52,road,cases,27433.48,0
SO-00990,2026-05-22,C-PAR-038,Rotterdam DC,Rotterdam,NL,Paris,FR,455,1260.12,road,chargers,48624.85,0
SO-01101,2026-05-22,C-PAR-010,Rotterdam DC,Rotterdam,NL,Paris,FR,821,1649.38,road,audio,26919.39,0
SO-01337,2026-05-22,C-MAD-020,Rotterdam DC,Rotterdam,NL,Madrid,ES,346,1104.06,road,cables,18770.34,0
SO-01344,2026-05-22,C-MAD-025,Rotterdam DC,Rotterdam,NL,Madrid,ES,996,1793.57,road,cables,13965.48,0
SO-01824,2026-05-22,C-STO-004,Rotterdam DC,Rotterdam,NL,Stockholm,SE,208,770.2,road,cases,26062.75,0
SO-02685,2026-05-22,C-SIN-026,Shenzhen DC,Shenzhen,CN,Singapore,SG,180,645.33,sea,wearables,23084.64,0
SO-02993,2026-05-22,C-BAN-022,Shenzhen DC,Shenzhen,CN,Bangkok,TH,960,1944.9,sea,cables,31106.93,0
SO-03103,2026-05-22,C-BAN-002,Shenzhen DC,Shenzhen,CN,Bangkok,TH,373,978.17,sea,wearables,31839.89,0
SO-03118,2026-05-22,C-BAN-006,Shenzhen DC,Shenzhen,CN,Bangkok,TH,667,1221.25,sea,cases,17723.71,0
SO-04485,2026-05-22,C-NEW-027,Memphis DC,Memphis,US,New York City,US,405,743.42,road,cases,21424.07,0
SO-04732,2026-05-22,C-CHI-024,Memphis DC,Memphis,US,Chicago,US,298,765.03,road,wearables,34698.22,0
SO-04762,2026-05-22,C-CHI-024,Memphis DC,Memphis,US,Chicago,US,272,804.77,road,chargers,31555.7,0
SO-04850,2026-05-22,C-CHI-002,Memphis DC,Memphis,US,Chicago,US,1093,1639.76,road,audio,12657.25,0
SO-05142,2026-05-22,C-LOS-005,Memphis DC,Memphis,US,Los Angeles,US,336,1326.07,road,wearables,19824.88,0
SO-05649,2026-05-22,C-MEX-015,Memphis DC,Memphis,US,Mexico City,MX,310,830.19,road,cables,32432.41,0
SO-05704,2026-05-22,C-MEX-032,Memphis DC,Memphis,US,Mexico City,MX,309,759.76,road,audio,26039.85,0
SO-06363,2026-05-22,C-BUE-039,Memphis DC,Memphis,US,Buenos Aires,AR,334,915.69,sea,chargers,31831.79,0
SO-00758,2026-05-23,C-PAR-019,Rotterdam DC,Rotterdam,NL,Paris,FR,470,1292.16,road,wearables,25494.83,0
SO-01568,2026-05-23,C-MIL-032,Rotterdam DC,Rotterdam,NL,Milan,IT,431,1495.4,road,wearables,32209.11,0
SO-02056,2026-05-23,C-DUB-039,Rotterdam DC,Rotterdam,NL,Dublin,IE,208,547.49,air,storage,14918.14,0
SO-02564,2026-05-23,C-SEO-024,Shenzhen DC,Shenzhen,CN,Seoul,KR,575,931.12,sea,cables,28259.99,0
SO-03215,2026-05-23,C-JAK-025,Shenzhen DC,Shenzhen,CN,Jakarta,ID,400,1525.7,sea,wearables,19995.11,0
SO-03495,2026-05-23,C-MAN-013,Shenzhen DC,Shenzhen,CN,Manila,PH,120,442.65,sea,audio,23338.49,0
SO-03897,2026-05-23,C-SYD-039,Rotterdam DC,Rotterdam,NL,Sydney,AU,248,820.77,air,cases,37210.63,0
SO-04075,2026-05-23,C-NEW-006,Memphis DC,Memphis,US,New York City,US,570,1486.44,road,audio,17558.88,1
SO-04238,2026-05-23,C-NEW-037,Memphis DC,Memphis,US,New York City,US,547,1238.35,road,wearables,34017.92,0
SO-05005,2026-05-23,C-LOS-037,Memphis DC,Memphis,US,Los Angeles,US,311,635.05,road,cases,19475.91,0
SO-05282,2026-05-23,C-LOS-022,Memphis DC,Memphis,US,Los Angeles,US,606,1862.47,road,audio,20157.2,0
SO-05674,2026-05-23,C-MEX-006,Memphis DC,Memphis,US,Mexico City,MX,467,707.03,road,wearables,26575.8,0
SO-05792,2026-05-23,C-SAO-032,Memphis DC,Memphis,US,Sao Paulo,BR,526,2100.51,sea,audio,29595.04,0
SO-05818,2026-05-23,C-SAO-030,Memphis DC,Memphis,US,Sao Paulo,BR,427,1600.32,sea,cables,20683.65,0
SO-06065,2026-05-23,C-BOG-027,Memphis DC,Memphis,US,Bogota,CO,68,268.28,air,storage,17691.3,0
SO-06370,2026-05-23,C-RIY-004,Dubai DC,Dubai,AE,Riyadh,SA,426,1686.8,road,chargers,32518.46,0
SO-06378,2026-05-23,C-RIY-035,Dubai DC,Dubai,AE,Riyadh,SA,435,1042.96,road,audio,25412.7,0
SO-06395,2026-05-23,C-RIY-026,Dubai DC,Dubai,AE,Riyadh,SA,366,1034.5,road,cables,32821.89,0
SO-06614,2026-05-23,C-CAI-026,Dubai DC,Dubai,AE,Cairo,EG,229,874.18,sea,cases,19562.4,0
SO-06986,2026-05-23,C-LAG-031,Dubai DC,Dubai,AE,Lagos,NG,892,1324.43,air,chargers,8478.67,0
SO-07085,2026-05-23,C-JOH-036,Dubai DC,Dubai,AE,Johannesburg,ZA,399,812.96,sea,cases,26341.09,0
SO-07294,2026-05-23,C-KAR-034,Dubai DC,Dubai,AE,Karachi,PK,387,1261.67,sea,wearables,6407.22,0
SO-07296,2026-05-23,C-KAR-030,Dubai DC,Dubai,AE,Karachi,PK,645,1620.43,sea,wearables,19981.85,0
SO-00083,2026-05-24,C-LON-024,Rotterdam DC,Rotterdam,NL,London,GB,332,818.85,road,storage,27370.46,0
SO-00849,2026-05-24,C-PAR-018,Rotterdam DC,Rotterdam,NL,Paris,FR,773,1880.03,road,wearables,18402.58,0
SO-00870,2026-05-24,C-PAR-023,Rotterdam DC,Rotterdam,NL,Paris,FR,1182,1657.91,road,cases,28329.63,1
SO-01116,2026-05-24,C-PAR-025,Rotterdam DC,Rotterdam,NL,Paris,FR,120,410.81,road,chargers,23101.44,0
SO-01254,2026-05-24,C-MAD-019,Rotterdam DC,Rotterdam,NL,Madrid,ES,803,1993.74,road,storage,15434.96,0
SO-01279,2026-05-24,C-MAD-005,Rotterdam DC,Rotterdam,NL,Madrid,ES,523,1166.61,road,cases,25328.46,0
SO-02001,2026-05-24,C-DUB-014,Rotterdam DC,Rotterdam,NL,Dublin,IE,331,745.5,air,wearables,16070.26,0
SO-02009,2026-05-24,C-DUB-037,Rotterdam DC,Rotterdam,NL,Dublin,IE,443,629.57,air,wearables,20878.77,0
SO-02524,2026-05-24,C-SEO-016,Shenzhen DC,Shenzhen,CN,Seoul,KR,1,0.5,sea,wearables,28748.74,0
SO-02869,2026-05-24,C-SIN-001,Shenzhen DC,Shenzhen,CN,Singapore,SG,483,1071.98,sea,chargers,19046.06,1
SO-03494,2026-05-24,C-MAN-014,Shenzhen DC,Shenzhen,CN,Manila,PH,338,1126.42,sea,cables,15239.31,0
SO-04506,2026-05-24,C-NEW-006,Memphis DC,Memphis,US,New York City,US,585,1292.22,road,audio,39866.69,0
SO-04825,2026-05-24,C-CHI-021,Memphis DC,Memphis,US,Chicago,US,653,1397.9,road,storage,31697.52,0
SO-05022,2026-05-24,C-LOS-013,Memphis DC,Memphis,US,Los Angeles,US,403,1085.35,road,audio,27723.36,1
SO-05287,2026-05-24,C-LOS-013,Memphis DC,Memphis,US,Los Angeles,US,347,955.42,road,audio,17940.31,0
SO-05589,2026-05-24,C-MEX-034,Memphis DC,Memphis,US,Mexico City,MX,625,1427.72,road,cases,20326.18,0
SO-05616,2026-05-24,C-MEX-024,Memphis DC,Memphis,US,Mexico City,MX,856,1439.34,road,cases,16476.79,0
SO-05693,2026-05-24,C-MEX-004,Memphis DC,Memphis,US,Mexico City,MX,720,1639.02,road,wearables,21300.38,0
SO-05761,2026-05-24,C-MEX-037,Memphis DC,Memphis,US,Mexico City,MX,628,1962.29,road,wearables,32655.51,0
SO-00009,2026-05-25,C-LON-014,Rotterdam DC,Rotterdam,NL,London,GB,338,1293.0,road,wearables,28963.47,0
SO-01192,2026-05-25,C-MAD-026,Rotterdam DC,Rotterdam,NL,Madrid,ES,274,1086.24,road,audio,32305.88,0
SO-02155,2026-05-25,C-TOK-009,Shenzhen DC,Shenzhen,CN,Tokyo,JP,265,1018.8,sea,wearables,38967.38,0
SO-02603,2026-05-25,C-SEO-022,Shenzhen DC,Shenzhen,CN,Seoul,KR,397,1346.93,sea,storage,35200.0,0
SO-02968,2026-05-25,C-BAN-038,Shenzhen DC,Shenzhen,CN,Bangkok,TH,229,760.82,sea,wearables,27086.14,0
SO-03000,2026-05-25,C-BAN-034,Shenzhen DC,Shenzhen,CN,Bangkok,TH,494,1375.35,sea,chargers,26352.99,0
SO-03376,2026-05-25,C-MAN-005,Shenzhen DC,Shenzhen,CN,Manila,PH,470,707.66,sea,cases,31164.73,0
SO-03388,2026-05-25,C-MAN-001,Shenzhen DC,Shenzhen,CN,Manila,PH,687,1148.99,sea,audio,8405.45,0
SO-03744,2026-05-25,C-SYD-037,Rotterdam DC,Rotterdam,NL,Sydney,AU,218,582.28,air,storage,21666.68,0
SO-03779,2026-05-25,C-SYD-017,Rotterdam DC,Rotterdam,NL,Sydney,AU,178,571.6,air,cables,25427.08,0
SO-03819,2026-05-25,C-SYD-027,Rotterdam DC,Rotterdam,NL,Sydney,AU,203,694.96,air,audio,14432.24,0
SO-04093,2026-05-25,C-NEW-036,Memphis DC,Memphis,US,New York City,US,372,1232.6,road,storage,34802.07,0
SO-04107,2026-05-25,C-NEW-022,Memphis DC,Memphis,US,New York City,US,448,1436.1,road,wearables,31977.58,0
SO-04190,2026-05-25,C-NEW-006,Memphis DC,Memphis,US,New York City,US,367,1404.23,road,chargers,35374.09,0
SO-04437,2026-05-25,C-NEW-023,Memphis DC,Memphis,US,New York City,US,513,1244.06,road,wearables,15015.98,0
SO-05301,2026-05-25,C-LOS-005,Memphis DC,Memphis,US,Los Angeles,US,286,771.73,road,cables,17602.6,0
SO-05531,2026-05-25,C-TOR-024,Memphis DC,Memphis,US,Toronto,CA,596,931.03,road,storage,34612.85,0
SO-06519,2026-05-25,C-RIY-025,Dubai DC,Dubai,AE,Riyadh,SA,241,470.91,road,cables,29165.96,0
SO-00085,2026-05-26,C-LON-001,Rotterdam DC,Rotterdam,NL,London,GB,542,1371.78,road,cables,25907.9,0
SO-00158,2026-05-26,C-LON-024,Rotterdam DC,Rotterdam,NL,London,GB,166,579.61,road,audio,26770.17,0
SO-00259,2026-05-26,C-LON-010,Rotterdam DC,Rotterdam,NL,London,GB,340,508.76,road,cables,29231.89,0
SO-00948,2026-05-26,C-PAR-015,Rotterdam DC,Rotterdam,NL,Paris,FR,405,1278.17,road,cables,31594.99,0
SO-01709,2026-05-26,C-WAR-039,Rotterdam DC,Rotterdam,NL,Warsaw,PL,405,784.95,road,storage,40265.13,0
SO-02543,2026-05-26,C-SEO-012,Shenzhen DC,Shenzhen,CN,Seoul,KR,672,1285.51,sea,chargers,27103.89,0
SO-02732,2026-05-26,C-SIN-033,Shenzhen DC,Shenzhen,CN,Singapore,SG,174,535.6,sea,audio,30895.68,0
SO-02786,2026-05-26,C-SIN-020,Shenzhen DC,Shenzhen,CN,Singapore,SG,125,416.41,sea,cables,39930.57,0
SO-03164,2026-05-26,C-JAK-024,Shenzhen DC,Shenzhen,CN,Jakarta,ID,325,1091.61,sea,cables,13996.42,0
SO-03223,2026-05-26,C-JAK-014,Shenzhen DC,Shenzhen,CN,Jakarta,ID,497,1391.16,sea,storage,27296.49,0
SO-04322,2026-05-26,C-NEW-010,Memphis DC,Memphis,US,New York City,US,405,1302.98,road,cases,19725.02,0
SO-04483,2026-05-26,C-NEW-033,Memphis DC,Memphis,US,New York City,US,1314,2019.56,road,chargers,29013.93,0
SO-04682,2026-05-26,C-CHI-039,Memphis DC,Memphis,US,Chicago,US,73,183.86,road,cables,34477.68,1
SO-04684,2026-05-26,C-CHI-012,Memphis DC,Memphis,US,Chicago,US,386,1064.53,road,cases,17518.52,1
SO-04728,2026-05-26,C-CHI-010,Memphis DC,Memphis,US,Chicago,US,683,1472.01,road,cases,25769.07,1
SO-04788,2026-05-26,C-CHI-035,Memphis DC,Memphis,US,Chicago,US,263,775.52,road,cases,18698.42,0
SO-04822,2026-05-26,C-CHI-007,Memphis DC,Memphis,US,Chicago,US,569,1773.69,road,cases,17464.58,0
SO-05000,2026-05-26,C-LOS-020,Memphis DC,Memphis,US,Los Angeles,US,427,1672.91,road,chargers,18664.07,0
SO-05715,2026-05-26,C-MEX-002,Memphis DC,Memphis,US,Mexico City,MX,249,718.04,road,cables,17373.03,0
SO-00016,2026-05-27,C-LON-037,Rotterdam DC,Rotterdam,NL,London,GB,892,1498.07,road,audio,23434.68,0
SO-00370,2026-05-27,C-LON-026,Rotterdam DC,Rotterdam,NL,London,GB,538,1724.82,road,cases,19441.6,1
SO-00518,2026-05-27,C-BER-015,Rotterdam DC,Rotterdam,NL,Berlin,DE,464,1602.88,road,storage,37338.76,0
SO-00936,2026-05-27,C-PAR-013,Rotterdam DC,Rotterdam,NL,Paris,FR,426,1644.06,road,audio,8838.89,0
SO-01307,2026-05-27,C-MAD-018,Rotterdam DC,Rotterdam,NL,Madrid,ES,641,1045.4,road,cases,35040.8,0
SO-01379,2026-05-27,C-MIL-039,Rotterdam DC,Rotterdam,NL,Milan,IT,195,661.27,road,chargers,25920.9,0
SO-02825,2026-05-27,C-SIN-037,Shenzhen DC,Shenzhen,CN,Singapore,SG,252,891.53,sea,wearables,36582.4,0
SO-03407,2026-05-27,C-MAN-005,Shenzhen DC,Shenzhen,CN,Manila,PH,725,1209.35,sea,storage,26999.83,0
SO-03760,2026-05-27,C-SYD-004,Rotterdam DC,Rotterdam,NL,Sydney,AU,462,1013.65,air,cases,29857.51,0
SO-03967,2026-05-27,C-AUC-028,Rotterdam DC,Rotterdam,NL,Auckland,NZ,231,675.24,air,cables,36860.44,0
SO-04492,2026-05-27,C-NEW-018,Memphis DC,Memphis,US,New York City,US,372,1008.37,road,storage,11924.63,0
SO-04675,2026-05-27,C-CHI-011,Memphis DC,Memphis,US,Chicago,US,450,1068.13,road,cables,41227.36,0
SO-05214,2026-05-27,C-LOS-018,Memphis DC,Memphis,US,Los Angeles,US,852,1360.29,road,chargers,19970.77,0
SO-05522,2026-05-27,C-TOR-014,Memphis DC,Memphis,US,Toronto,CA,815,1641.95,road,audio,22504.21,0
SO-05933,2026-05-27,C-SAO-030,Memphis DC,Memphis,US,Sao Paulo,BR,765,1076.37,sea,audio,24268.36,0
SO-06425,2026-05-27,C-RIY-005,Dubai DC,Dubai,AE,Riyadh,SA,668,1010.81,road,storage,36045.86,0
SO-06634,2026-05-27,C-CAI-003,Dubai DC,Dubai,AE,Cairo,EG,674,1787.18,sea,wearables,23448.54,0
SO-06788,2026-05-27,C-CAI-027,Dubai DC,Dubai,AE,Cairo,EG,547,1455.45,sea,cases,26320.31,0
SO-07042,2026-05-27,C-LAG-039,Dubai DC,Dubai,AE,Lagos,NG,324,1044.6,air,chargers,14823.99,0
SO-00107,2026-05-28,C-LON-012,Rotterdam DC,Rotterdam,NL,London,GB,412,1303.9,road,wearables,20223.02,0
SO-00584,2026-05-28,C-BER-005,Rotterdam DC,Rotterdam,NL,Berlin,DE,356,984.26,road,audio,33056.74,0
SO-00789,2026-05-28,C-PAR-004,Rotterdam DC,Rotterdam,NL,Paris,FR,318,1049.57,road,cables,8789.83,0
SO-01513,2026-05-28,C-MIL-005,Rotterdam DC,Rotterdam,NL,Milan,IT,158,569.26,road,wearables,21999.43,1
SO-01524,2026-05-28,C-MIL-028,Rotterdam DC,Rotterdam,NL,Milan,IT,252,520.96,road,storage,21307.04,0
SO-02303,2026-05-28,C-TOK-029,Shenzhen DC,Shenzhen,CN,Tokyo,JP,292,1058.43,sea,cables,29457.78,0
SO-02799,2026-05-28,C-SIN-033,Shenzhen DC,Shenzhen,CN,Singapore,SG,211,782.73,sea,audio,20418.99,0
SO-03884,2026-05-28,C-SYD-012,Rotterdam DC,Rotterdam,NL,Sydney,AU,115,385.01,air,chargers,34769.09,0
SO-04193,2026-05-28,C-NEW-002,Memphis DC,Memphis,US,New York City,US,174,509.4,road,cables,29074.13,1
SO-04936,2026-05-28,C-LOS-020,Memphis DC,Memphis,US,Los Angeles,US,389,1220.23,road,audio,31203.67,0
SO-05117,2026-05-28,C-LOS-020,Memphis DC,Memphis,US,Los Angeles,US,738,1303.67,road,cases,35148.3,1
SO-05292,2026-05-28,C-LOS-018,Memphis DC,Memphis,US,Los Angeles,US,144,405.74,road,storage,24974.67,0
SO-05951,2026-05-28,C-SAO-032,Memphis DC,Memphis,US,Sao Paulo,BR,494,824.2,sea,audio,22378.99,0
SO-06097,2026-05-28,C-SAN-023,Memphis DC,Memphis,US,Santiago,CL,455,1407.19,sea,cases,41761.5,0
SO-06229,2026-05-28,C-BUE-001,Memphis DC,Memphis,US,Buenos Aires,AR,419,1630.13,sea,wearables,22223.92,0
SO-06271,2026-05-28,C-BUE-032,Memphis DC,Memphis,US,Buenos Aires,AR,496,832.12,sea,cases,15461.38,0
SO-06446,2026-05-28,C-RIY-003,Dubai DC,Dubai,AE,Riyadh,SA,148,537.95,road,storage,34847.49,0
SO-06735,2026-05-28,C-CAI-004,Dubai DC,Dubai,AE,Cairo,EG,436,1505.23,sea,cables,27445.33,0
SO-06828,2026-05-28,C-NAI-037,Dubai DC,Dubai,AE,Nairobi,KE,507,831.24,air,cases,20367.38,0
SO-06849,2026-05-28,C-NAI-001,Dubai DC,Dubai,AE,Nairobi,KE,72,252.08,air,cables,12575.4,0
SO-06934,2026-05-28,C-LAG-013,Dubai DC,Dubai,AE,Lagos,NG,427,993.04,air,wearables,8622.54,0
SO-07256,2026-05-28,C-KAR-016,Dubai DC,Dubai,AE,Karachi,PK,437,942.88,sea,cases,14455.44,0
SO-07316,2026-05-28,C-KAR-033,Dubai DC,Dubai,AE,Karachi,PK,131,412.4,sea,wearables,22535.92,0
SO-00082,2026-05-29,C-LON-021,Rotterdam DC,Rotterdam,NL,London,GB,605,1605.46,road,wearables,17517.9,0
SO-00443,2026-05-29,C-BER-012,Rotterdam DC,Rotterdam,NL,Berlin,DE,279,970.58,road,chargers,29900.64,0
SO-00669,2026-05-29,C-BER-031,Rotterdam DC,Rotterdam,NL,Berlin,DE,238,538.87,road,audio,24145.58,0
SO-01024,2026-05-29,C-PAR-007,Rotterdam DC,Rotterdam,NL,Paris,FR,502,1500.23,road,storage,20517.07,0
SO-01750,2026-05-29,C-WAR-012,Rotterdam DC,Rotterdam,NL,Warsaw,PL,488,1046.51,road,wearables,24534.19,0
SO-01756,2026-05-29,C-WAR-008,Rotterdam DC,Rotterdam,NL,Warsaw,PL,297,961.8,road,wearables,36519.24,0
SO-02039,2026-05-29,C-DUB-037,Rotterdam DC,Rotterdam,NL,Dublin,IE,178,659.16,air,audio,23127.14,0
SO-02114,2026-05-29,C-TOK-033,Shenzhen DC,Shenzhen,CN,Tokyo,JP,132,471.0,sea,cases,35589.09,0
SO-03556,2026-05-29,C-MUM-039,Shenzhen DC,Shenzhen,CN,Mumbai,IN,531,1555.35,sea,cases,26508.96,0
SO-04568,2026-05-29,C-CHI-004,Memphis DC,Memphis,US,Chicago,US,856,1230.47,road,cases,18763.85,0
SO-05198,2026-05-29,C-LOS-032,Memphis DC,Memphis,US,Los Angeles,US,143,318.61,road,wearables,24503.27,0
SO-05279,2026-05-29,C-LOS-011,Memphis DC,Memphis,US,Los Angeles,US,334,849.92,road,storage,15290.79,0
SO-05972,2026-05-29,C-BOG-031,Memphis DC,Memphis,US,Bogota,CO,231,768.22,air,chargers,8200.8,1
SO-06314,2026-05-29,C-BUE-004,Memphis DC,Memphis,US,Buenos Aires,AR,331,1254.18,sea,wearables,28133.39,1
SO-06393,2026-05-29,C-RIY-039,Dubai DC,Dubai,AE,Riyadh,SA,411,1548.21,road,chargers,22604.82,0
SO-06526,2026-05-29,C-RIY-038,Dubai DC,Dubai,AE,Riyadh,SA,680,1117.83,road,cases,32609.24,0
SO-06787,2026-05-29,C-CAI-005,Dubai DC,Dubai,AE,Cairo,EG,641,979.88,sea,cables,16247.53,0
SO-07004,2026-05-29,C-LAG-008,Dubai DC,Dubai,AE,Lagos,NG,319,927.43,air,storage,21160.16,0
SO-07095,2026-05-29,C-JOH-035,Dubai DC,Dubai,AE,Johannesburg,ZA,251,550.07,sea,cases,30891.32,0
SO-07127,2026-05-29,C-JOH-034,Dubai DC,Dubai,AE,Johannesburg,ZA,569,1474.33,sea,chargers,19870.65,0
SO-07234,2026-05-29,C-KAR-017,Dubai DC,Dubai,AE,Karachi,PK,540,972.58,sea,cases,21419.16,1
SO-00253,2026-05-30,C-LON-020,Rotterdam DC,Rotterdam,NL,London,GB,346,798.07,road,chargers,25950.12,0
SO-00459,2026-05-30,C-BER-008,Rotterdam DC,Rotterdam,NL,Berlin,DE,943,1342.82,road,chargers,34009.84,0
SO-00550,2026-05-30,C-BER-012,Rotterdam DC,Rotterdam,NL,Berlin,DE,418,905.16,road,wearables,24735.49,0
SO-00643,2026-05-30,C-BER-021,Rotterdam DC,Rotterdam,NL,Berlin,DE,499,1061.4,road,cases,31408.32,0
SO-00792,2026-05-30,C-PAR-038,Rotterdam DC,Rotterdam,NL,Paris,FR,475,1374.52,road,chargers,21102.92,0
SO-00794,2026-05-30,C-PAR-015,Rotterdam DC,Rotterdam,NL,Paris,FR,360,1406.62,road,audio,49489.41,0
SO-00993,2026-05-30,C-PAR-016,Rotterdam DC,Rotterdam,NL,Paris,FR,651,1199.58,road,storage,20663.69,0
SO-01028,2026-05-30,C-PAR-027,Rotterdam DC,Rotterdam,NL,Paris,FR,349,1385.75,road,cables,22225.77,0
SO-01064,2026-05-30,C-PAR-006,Rotterdam DC,Rotterdam,NL,Paris,FR,311,652.22,road,wearables,15846.46,0
SO-01312,2026-05-30,C-MAD-031,Rotterdam DC,Rotterdam,NL,Madrid,ES,321,1023.6,road,storage,21477.09,0
SO-01744,2026-05-30,C-WAR-014,Rotterdam DC,Rotterdam,NL,Warsaw,PL,843,2038.1,road,chargers,35461.34,0
SO-01843,2026-05-30,C-STO-011,Rotterdam DC,Rotterdam,NL,Stockholm,SE,734,1231.55,road,audio,19513.3,0
SO-02415,2026-05-30,C-SEO-036,Shenzhen DC,Shenzhen,CN,Seoul,KR,682,1722.77,sea,cases,33400.6,1
SO-02619,2026-05-30,C-SEO-010,Shenzhen DC,Shenzhen,CN,Seoul,KR,694,1417.0,sea,chargers,33498.77,0
SO-02662,2026-05-30,C-SIN-031,Shenzhen DC,Shenzhen,CN,Singapore,SG,545,1048.17,sea,cases,28579.03,0
SO-02791,2026-05-30,C-SIN-035,Shenzhen DC,Shenzhen,CN,Singapore,SG,585,983.86,sea,cases,30794.23,0
SO-03003,2026-05-30,C-BAN-034,Shenzhen DC,Shenzhen,CN,Bangkok,TH,858,1461.23,sea,chargers,24944.75,0
SO-03236,2026-05-30,C-JAK-010,Shenzhen DC,Shenzhen,CN,Jakarta,ID,598,1065.03,sea,cables,26409.2,0
SO-03255,2026-05-30,C-JAK-025,Shenzhen DC,Shenzhen,CN,Jakarta,ID,490,1275.17,sea,cases,18222.67,0
SO-03453,2026-05-30,C-MAN-013,Shenzhen DC,Shenzhen,CN,Manila,PH,273,1057.38,sea,chargers,1878.88,0
SO-03935,2026-05-30,C-AUC-013,Rotterdam DC,Rotterdam,NL,Auckland,NZ,150,382.45,air,wearables,40740.3,0
SO-04006,2026-05-30,C-AUC-038,Rotterdam DC,Rotterdam,NL,Auckland,NZ,743,1174.35,air,chargers,41048.62,1
SO-04028,2026-05-30,C-AUC-002,Rotterdam DC,Rotterdam,NL,Auckland,NZ,225,499.73,air,wearables,24076.32,0
SO-04272,2026-05-30,C-NEW-022,Memphis DC,Memphis,US,New York City,US,334,1261.63,road,chargers,19250.58,0
SO-04607,2026-05-30,C-CHI-017,Memphis DC,Memphis,US,Chicago,US,434,1252.6,road,storage,33864.72,0
SO-04899,2026-05-30,C-CHI-023,Memphis DC,Memphis,US,Chicago,US,365,1259.71,road,cases,32533.45,0
SO-05242,2026-05-30,C-LOS-003,Memphis DC,Memphis,US,Los Angeles,US,508,1022.37,road,storage,16096.98,0
SO-05500,2026-05-30,C-TOR-003,Memphis DC,Memphis,US,Toronto,CA,739,1147.68,road,wearables,39258.68,0
SO-05728,2026-05-30,C-MEX-039,Memphis DC,Memphis,US,Mexico City,MX,843,1841.92,road,chargers,21625.78,0
SO-05956,2026-05-30,C-SAO-016,Memphis DC,Memphis,US,Sao Paulo,BR,627,2134.0,sea,audio,25002.3,0
SO-06147,2026-05-30,C-SAN-022,Memphis DC,Memphis,US,Santiago,CL,355,1179.45,sea,audio,22043.33,1
SO-06978,2026-05-30,C-LAG-019,Dubai DC,Dubai,AE,Lagos,NG,277,1043.93,air,wearables,15386.84,0
SO-07206,2026-05-30,C-JOH-009,Dubai DC,Dubai,AE,Johannesburg,ZA,492,843.48,sea,cables,25116.12,0
SO-07272,2026-05-30,C-KAR-036,Dubai DC,Dubai,AE,Karachi,PK,475,1018.01,sea,audio,15624.47,0
SO-00195,2026-05-31,C-LON-001,Rotterdam DC,Rotterdam,NL,London,GB,490,1449.76,road,wearables,18616.99,0
SO-00729,2026-05-31,C-BER-017,Rotterdam DC,Rotterdam,NL,Berlin,DE,477,1471.14,road,wearables,20595.27,0
SO-00869,2026-05-31,C-PAR-014,Rotterdam DC,Rotterdam,NL,Paris,FR,1,0.5,road,audio,17303.1,0
SO-01040,2026-05-31,C-PAR-039,Rotterdam DC,Rotterdam,NL,Paris,FR,704,2011.86,road,chargers,30691.61,0
SO-01284,2026-05-31,C-MAD-009,Rotterdam DC,Rotterdam,NL,Madrid,ES,578,1232.53,road,audio,24959.92,0
SO-01611,2026-05-31,C-WAR-023,Rotterdam DC,Rotterdam,NL,Warsaw,PL,450,1605.92,road,chargers,42718.18,0
SO-02136,2026-05-31,C-TOK-009,Shenzhen DC,Shenzhen,CN,Tokyo,JP,291,508.84,sea,cables,27121.9,0
SO-02448,2026-05-31,C-SEO-003,Shenzhen DC,Shenzhen,CN,Seoul,KR,895,1523.61,sea,chargers,22410.87,0
SO-02738,2026-05-31,C-SIN-009,Shenzhen DC,Shenzhen,CN,Singapore,SG,205,408.59,sea,chargers,20830.57,0
SO-03626,2026-05-31,C-MUM-010,Shenzhen DC,Shenzhen,CN,Mumbai,IN,1084,1682.31,sea,audio,22651.52,0
SO-04330,2026-05-31,C-NEW-016,Memphis DC,Memphis,US,New York City,US,58,83.65,road,cases,31350.04,0
SO-04901,2026-05-31,C-CHI-027,Memphis DC,Memphis,US,Chicago,US,404,1323.41,road,cases,25014.6,0
SO-05475,2026-05-31,C-TOR-033,Memphis DC,Memphis,US,Toronto,CA,324,1270.86,road,storage,33788.4,0
SO-05725,2026-05-31,C-MEX-018,Memphis DC,Memphis,US,Mexico City,MX,857,1384.49,road,storage,20912.06,1
SO-05876,2026-05-31,C-SAO-008,Memphis DC,Memphis,US,Sao Paulo,BR,666,1516.22,sea,audio,20375.2,0
SO-06202,2026-05-31,C-SAN-007,Memphis DC,Memphis,US,Santiago,CL,1166,1647.49,sea,cables,30036.44,0
SO-06303,2026-05-31,C-BUE-007,Memphis DC,Memphis,US,Buenos Aires,AR,307,1137.38,sea,chargers,26654.08,0
SO-06879,2026-05-31,C-NAI-022,Dubai DC,Dubai,AE,Nairobi,KE,243,701.34,air,storage,13000.6,0
SO-00371,2026-06-01,C-LON-035,Rotterdam DC,Rotterdam,NL,London,GB,501,907.53,road,audio,19585.98,0
SO-00591,2026-06-01,C-BER-005,Rotterdam DC,Rotterdam,NL,Berlin,DE,1271,1786.52,road,cases,44302.56,0
SO-00672,2026-06-01,C-BER-002,Rotterdam DC,Rotterdam,NL,Berlin,DE,468,684.61,road,wearables,40979.7,0
SO-01110,2026-06-01,C-PAR-020,Rotterdam DC,Rotterdam,NL,Paris,FR,404,1319.39,road,wearables,18451.57,0
SO-01790,2026-06-01,C-STO-011,Rotterdam DC,Rotterdam,NL,Stockholm,SE,223,844.76,road,cases,23135.51,0
SO-02237,2026-06-01,C-TOK-029,Shenzhen DC,Shenzhen,CN,Tokyo,JP,382,786.23,sea,chargers,21795.02,0
SO-02411,2026-06-01,C-SEO-006,Shenzhen DC,Shenzhen,CN,Seoul,KR,655,1267.58,sea,cases,39641.7,0
SO-02816,2026-06-01,C-SIN-008,Shenzhen DC,Shenzhen,CN,Singapore,SG,683,2017.75,sea,storage,32258.98,0
SO-03631,2026-06-01,C-MUM-006,Shenzhen DC,Shenzhen,CN,Mumbai,IN,482,934.0,sea,audio,19081.69,0
SO-03641,2026-06-01,C-MUM-024,Shenzhen DC,Shenzhen,CN,Mumbai,IN,473,1572.57,sea,storage,21336.77,0
SO-03998,2026-06-01,C-AUC-017,Rotterdam DC,Rotterdam,NL,Auckland,NZ,171,503.18,air,cables,22350.52,0
SO-04114,2026-06-01,C-NEW-005,Memphis DC,Memphis,US,New York City,US,500,1202.57,road,cases,27563.23,0
SO-04225,2026-06-01,C-NEW-002,Memphis DC,Memphis,US,New York City,US,487,1264.9,road,cases,26175.1,0
SO-05898,2026-06-01,C-SAO-035,Memphis DC,Memphis,US,Sao Paulo,BR,328,583.33,sea,audio,42603.46,0
SO-06186,2026-06-01,C-SAN-039,Memphis DC,Memphis,US,Santiago,CL,556,1658.71,sea,cases,23260.94,1
SO-06241,2026-06-01,C-BUE-034,Memphis DC,Memphis,US,Buenos Aires,AR,611,1417.74,sea,audio,18347.58,0
SO-06341,2026-06-01,C-BUE-012,Memphis DC,Memphis,US,Buenos Aires,AR,973,2082.19,sea,chargers,5607.37,0
SO-06688,2026-06-01,C-CAI-035,Dubai DC,Dubai,AE,Cairo,EG,806,2042.49,sea,chargers,28663.18,0
SO-07089,2026-06-01,C-JOH-028,Dubai DC,Dubai,AE,Johannesburg,ZA,527,1303.55,sea,cables,21128.29,0
SO-00821,2026-06-02,C-PAR-025,Rotterdam DC,Rotterdam,NL,Paris,FR,283,572.44,road,chargers,27308.54,0
SO-01193,2026-06-02,C-MAD-014,Rotterdam DC,Rotterdam,NL,Madrid,ES,554,2070.57,road,wearables,41627.64,0
SO-01543,2026-06-02,C-MIL-039,Rotterdam DC,Rotterdam,NL,Milan,IT,612,956.7,road,wearables,27596.53,0
SO-01939,2026-06-02,C-STO-019,Rotterdam DC,Rotterdam,NL,Stockholm,SE,691,1444.79,road,cables,22053.01,0
SO-02233,2026-06-02,C-TOK-009,Shenzhen DC,Shenzhen,CN,Tokyo,JP,180,676.59,sea,cases,20795.79,0
SO-02451,2026-06-02,C-SEO-038,Shenzhen DC,Shenzhen,CN,Seoul,KR,630,897.31,sea,wearables,11616.08,1
SO-02727,2026-06-02,C-SIN-020,Shenzhen DC,Shenzhen,CN,Singapore,SG,108,292.57,sea,chargers,20501.93,0
SO-02972,2026-06-02,C-BAN-020,Shenzhen DC,Shenzhen,CN,Bangkok,TH,854,1354.9,sea,storage,25052.12,0
SO-03181,2026-06-02,C-JAK-002,Shenzhen DC,Shenzhen,CN,Jakarta,ID,300,990.85,sea,audio,26197.02,0
SO-03787,2026-06-02,C-SYD-008,Rotterdam DC,Rotterdam,NL,Sydney,AU,295,975.19,air,cables,20863.49,0
SO-03933,2026-06-02,C-AUC-017,Rotterdam DC,Rotterdam,NL,Auckland,NZ,663,1291.26,air,cables,24519.35,0
SO-04295,2026-06-02,C-NEW-009,Memphis DC,Memphis,US,New York City,US,330,1320.19,road,storage,15104.79,0
SO-05183,2026-06-02,C-LOS-032,Memphis DC,Memphis,US,Los Angeles,US,424,1500.37,road,wearables,34743.13,0
SO-05364,2026-06-02,C-TOR-028,Memphis DC,Memphis,US,Toronto,CA,317,953.75,road,wearables,14910.24,0
SO-05503,2026-06-02,C-TOR-016,Memphis DC,Memphis,US,Toronto,CA,284,996.3,road,cases,22218.21,0
SO-05719,2026-06-02,C-MEX-033,Memphis DC,Memphis,US,Mexico City,MX,422,667.26,road,chargers,22764.02,0
SO-06026,2026-06-02,C-BOG-024,Memphis DC,Memphis,US,Bogota,CO,146,563.34,air,cases,24169.5,0
SO-06361,2026-06-02,C-BUE-033,Memphis DC,Memphis,US,Buenos Aires,AR,313,1059.4,sea,cases,30717.73,0
SO-07030,2026-06-02,C-LAG-019,Dubai DC,Dubai,AE,Lagos,NG,342,919.96,air,audio,28132.71,0
SO-07197,2026-06-02,C-JOH-008,Dubai DC,Dubai,AE,Johannesburg,ZA,727,1791.42,sea,chargers,15517.58,0
SO-07329,2026-06-02,C-KAR-029,Dubai DC,Dubai,AE,Karachi,PK,569,867.13,sea,storage,18971.31,0
SO-00196,2026-06-03,C-LON-019,Rotterdam DC,Rotterdam,NL,London,GB,130,444.98,road,cases,30165.22,0
SO-00281,2026-06-03,C-LON-025,Rotterdam DC,Rotterdam,NL,London,GB,1174,1670.74,road,storage,33920.67,0
SO-00420,2026-06-03,C-BER-024,Rotterdam DC,Rotterdam,NL,Berlin,DE,310,856.31,road,wearables,28770.65,0
SO-00902,2026-06-03,C-PAR-030,Rotterdam DC,Rotterdam,NL,Paris,FR,409,1177.28,road,audio,35566.87,0
SO-01666,2026-06-03,C-WAR-012,Rotterdam DC,Rotterdam,NL,Warsaw,PL,380,994.75,road,chargers,27625.53,0
SO-02258,2026-06-03,C-TOK-001,Shenzhen DC,Shenzhen,CN,Tokyo,JP,520,1152.28,sea,cables,29004.15,0
SO-02540,2026-06-03,C-SEO-037,Shenzhen DC,Shenzhen,CN,Seoul,KR,679,1477.44,sea,cables,31359.76,0
SO-02601,2026-06-03,C-SEO-008,Shenzhen DC,Shenzhen,CN,Seoul,KR,549,1265.0,sea,cables,15784.61,0
SO-03152,2026-06-03,C-BAN-030,Shenzhen DC,Shenzhen,CN,Bangkok,TH,245,746.06,sea,wearables,26146.18,0
SO-03693,2026-06-03,C-MUM-018,Shenzhen DC,Shenzhen,CN,Mumbai,IN,384,1180.03,sea,audio,18180.12,0
SO-04523,2026-06-03,C-NEW-012,Memphis DC,Memphis,US,New York City,US,396,947.61,road,wearables,14433.12,0
SO-04787,2026-06-03,C-CHI-009,Memphis DC,Memphis,US,Chicago,US,276,1097.21,road,cables,35972.93,0
SO-05420,2026-06-03,C-TOR-020,Memphis DC,Memphis,US,Toronto,CA,757,1099.66,road,cases,23723.29,0
SO-05733,2026-06-03,C-MEX-029,Memphis DC,Memphis,US,Mexico City,MX,465,1679.9,road,audio,16442.8,0
SO-05851,2026-06-03,C-SAO-013,Memphis DC,Memphis,US,Sao Paulo,BR,185,706.81,sea,audio,34584.32,0
SO-06260,2026-06-03,C-BUE-027,Memphis DC,Memphis,US,Buenos Aires,AR,371,1478.99,sea,cases,24253.87,0
SO-06290,2026-06-03,C-BUE-001,Memphis DC,Memphis,US,Buenos Aires,AR,165,534.44,sea,chargers,32372.26,0
SO-06405,2026-06-03,C-RIY-009,Dubai DC,Dubai,AE,Riyadh,SA,351,829.75,road,cables,45255.35,0
SO-06478,2026-06-03,C-RIY-012,Dubai DC,Dubai,AE,Riyadh,SA,603,1323.79,road,cables,37901.04,0
SO-06647,2026-06-03,C-CAI-037,Dubai DC,Dubai,AE,Cairo,EG,700,1404.59,sea,cables,18792.21,0
SO-07156,2026-06-03,C-JOH-017,Dubai DC,Dubai,AE,Johannesburg,ZA,293,932.77,sea,wearables,19900.87,0
SO-00926,2026-06-04,C-PAR-016,Rotterdam DC,Rotterdam,NL,Paris,FR,461,1067.94,road,cases,13756.22,0
SO-01133,2026-06-04,C-MAD-013,Rotterdam DC,Rotterdam,NL,Madrid,ES,437,1170.19,road,audio,24101.62,0
SO-01677,2026-06-04,C-WAR-014,Rotterdam DC,Rotterdam,NL,Warsaw,PL,551,1207.2,road,chargers,30385.0,0
SO-02675,2026-06-04,C-SIN-024,Shenzhen DC,Shenzhen,CN,Singapore,SG,250,910.52,sea,storage,34539.99,0
SO-03027,2026-06-04,C-BAN-029,Shenzhen DC,Shenzhen,CN,Bangkok,TH,717,1774.07,sea,cables,10780.7,0
SO-03099,2026-06-04,C-BAN-039,Shenzhen DC,Shenzhen,CN,Bangkok,TH,360,1148.78,sea,chargers,23289.33,0
SO-03109,2026-06-04,C-BAN-028,Shenzhen DC,Shenzhen,CN,Bangkok,TH,217,826.18,sea,storage,34245.34,0
SO-03860,2026-06-04,C-SYD-015,Rotterdam DC,Rotterdam,NL,Sydney,AU,168,551.31,air,cases,25203.06,0
SO-04160,2026-06-04,C-NEW-035,Memphis DC,Memphis,US,New York City,US,285,1052.05,road,audio,23015.82,0
SO-04171,2026-06-04,C-NEW-024,Memphis DC,Memphis,US,New York City,US,645,1117.96,road,chargers,39350.61,0
SO-04480,2026-06-04,C-NEW-007,Memphis DC,Memphis,US,New York City,US,214,845.94,road,wearables,23865.84,0
SO-04504,2026-06-04,C-NEW-004,Memphis DC,Memphis,US,New York City,US,472,1084.29,road,storage,15975.11,0
SO-04637,2026-06-04,C-CHI-008,Memphis DC,Memphis,US,Chicago,US,430,876.78,road,audio,34483.1,0
SO-04784,2026-06-04,C-CHI-007,Memphis DC,Memphis,US,Chicago,US,723,1249.9,road,wearables,36880.68,0
SO-05047,2026-06-04,C-LOS-008,Memphis DC,Memphis,US,Los Angeles,US,265,487.43,road,wearables,35486.86,0
SO-05268,2026-06-04,C-LOS-001,Memphis DC,Memphis,US,Los Angeles,US,803,1495.05,road,cases,18294.92,1
SO-05342,2026-06-04,C-TOR-010,Memphis DC,Memphis,US,Toronto,CA,599,1684.92,road,chargers,21827.24,0
SO-05442,2026-06-04,C-TOR-007,Memphis DC,Memphis,US,Toronto,CA,346,1242.49,road,cables,23563.23,0
SO-05750,2026-06-04,C-MEX-020,Memphis DC,Memphis,US,Mexico City,MX,782,1230.55,road,cases,30223.45,0
SO-06643,2026-06-04,C-CAI-014,Dubai DC,Dubai,AE,Cairo,EG,675,1461.37,sea,cases,18265.33,0
SO-06746,2026-06-04,C-CAI-020,Dubai DC,Dubai,AE,Cairo,EG,233,798.77,sea,cables,15187.2,0
SO-00017,2026-06-05,C-LON-028,Rotterdam DC,Rotterdam,NL,London,GB,223,625.76,road,cables,14648.32,0
SO-00564,2026-06-05,C-BER-014,Rotterdam DC,Rotterdam,NL,Berlin,DE,199,768.5,road,wearables,20690.64,0
SO-01128,2026-06-05,C-MAD-021,Rotterdam DC,Rotterdam,NL,Madrid,ES,263,533.49,road,wearables,18009.0,0
SO-01367,2026-06-05,C-MAD-026,Rotterdam DC,Rotterdam,NL,Madrid,ES,478,1392.74,road,storage,31640.82,0
SO-01849,2026-06-05,C-STO-038,Rotterdam DC,Rotterdam,NL,Stockholm,SE,112,285.86,road,chargers,29538.46,0
SO-01971,2026-06-05,C-DUB-026,Rotterdam DC,Rotterdam,NL,Dublin,IE,354,821.91,air,chargers,16927.96,0
SO-02439,2026-06-05,C-SEO-019,Shenzhen DC,Shenzhen,CN,Seoul,KR,625,1171.11,sea,cases,28402.82,0
SO-02516,2026-06-05,C-SEO-023,Shenzhen DC,Shenzhen,CN,Seoul,KR,240,913.83,sea,chargers,29219.4,0
SO-02785,2026-06-05,C-SIN-025,Shenzhen DC,Shenzhen,CN,Singapore,SG,223,628.2,sea,wearables,30029.25,0
SO-03048,2026-06-05,C-BAN-023,Shenzhen DC,Shenzhen,CN,Bangkok,TH,855,1595.22,sea,cases,29044.62,0
SO-03554,2026-06-05,C-MUM-002,Shenzhen DC,Shenzhen,CN,Mumbai,IN,857,1908.92,sea,storage,19583.24,0
SO-04177,2026-06-05,C-NEW-031,Memphis DC,Memphis,US,New York City,US,540,1116.06,road,wearables,3552.84,0
SO-04189,2026-06-05,C-NEW-028,Memphis DC,Memphis,US,New York City,US,465,1604.37,road,cables,15001.81,1
SO-04306,2026-06-05,C-NEW-032,Memphis DC,Memphis,US,New York City,US,280,686.29,road,audio,33545.52,0
SO-04776,2026-06-05,C-CHI-016,Memphis DC,Memphis,US,Chicago,US,377,1256.74,road,wearables,20858.43,0
SO-06464,2026-06-05,C-RIY-003,Dubai DC,Dubai,AE,Riyadh,SA,123,458.42,road,wearables,28788.37,0
SO-06737,2026-06-05,C-CAI-018,Dubai DC,Dubai,AE,Cairo,EG,795,1731.1,sea,cases,20043.69,0
SO-06840,2026-06-05,C-NAI-018,Dubai DC,Dubai,AE,Nairobi,KE,187,579.27,air,storage,21689.42,0
SO-07104,2026-06-05,C-JOH-024,Dubai DC,Dubai,AE,Johannesburg,ZA,467,834.17,sea,wearables,13219.1,0
SO-07163,2026-06-05,C-JOH-029,Dubai DC,Dubai,AE,Johannesburg,ZA,561,1058.98,sea,cases,25556.49,1
SO-00470,2026-06-06,C-BER-001,Rotterdam DC,Rotterdam,NL,Berlin,DE,334,885.09,road,chargers,41449.41,0
SO-00760,2026-06-06,C-PAR-032,Rotterdam DC,Rotterdam,NL,Paris,FR,202,797.37,road,wearables,10632.71,0
SO-00903,2026-06-06,C-PAR-012,Rotterdam DC,Rotterdam,NL,Paris,FR,609,1327.01,road,cases,24958.07,0
SO-00939,2026-06-06,C-PAR-019,Rotterdam DC,Rotterdam,NL,Paris,FR,762,1396.42,road,storage,32799.01,0
SO-01140,2026-06-06,C-MAD-010,Rotterdam DC,Rotterdam,NL,Madrid,ES,487,1692.74,road,storage,32826.18,0
SO-01325,2026-06-06,C-MAD-011,Rotterdam DC,Rotterdam,NL,Madrid,ES,295,429.6,road,audio,18887.54,0
SO-01954,2026-06-06,C-DUB-012,Rotterdam DC,Rotterdam,NL,Dublin,IE,690,1238.48,air,wearables,12768.99,0
SO-02371,2026-06-06,C-TOK-015,Shenzhen DC,Shenzhen,CN,Tokyo,JP,368,1411.29,sea,cases,37087.37,0
SO-02711,2026-06-06,C-SIN-023,Shenzhen DC,Shenzhen,CN,Singapore,SG,500,1171.76,sea,audio,42314.42,0
SO-02801,2026-06-06,C-SIN-023,Shenzhen DC,Shenzhen,CN,Singapore,SG,356,725.35,sea,chargers,30965.07,0
SO-03408,2026-06-06,C-MAN-006,Shenzhen DC,Shenzhen,CN,Manila,PH,569,1010.73,sea,cases,24449.64,1
SO-03988,2026-06-06,C-AUC-004,Rotterdam DC,Rotterdam,NL,Auckland,NZ,167,431.38,air,cases,27459.89,0
SO-04837,2026-06-06,C-CHI-018,Memphis DC,Memphis,US,Chicago,US,314,940.92,road,audio,33534.2,0
SO-05021,2026-06-06,C-LOS-016,Memphis DC,Memphis,US,Los Angeles,US,298,1064.41,road,storage,31470.69,1
SO-05485,2026-06-06,C-TOR-015,Memphis DC,Memphis,US,Toronto,CA,266,923.31,road,wearables,22928.46,1
SO-05559,2026-06-06,C-MEX-002,Memphis DC,Memphis,US,Mexico City,MX,257,870.13,road,wearables,17050.48,0
SO-05611,2026-06-06,C-MEX-029,Memphis DC,Memphis,US,Mexico City,MX,474,1054.9,road,storage,18458.9,0
SO-05736,2026-06-06,C-MEX-017,Memphis DC,Memphis,US,Mexico City,MX,220,358.27,road,cases,25334.59,0
SO-06569,2026-06-06,C-RIY-035,Dubai DC,Dubai,AE,Riyadh,SA,195,513.99,road,wearables,25041.4,0
SO-06706,2026-06-06,C-CAI-012,Dubai DC,Dubai,AE,Cairo,EG,1037,2559.31,sea,storage,13578.28,0
SO-06993,2026-06-06,C-LAG-013,Dubai DC,Dubai,AE,Lagos,NG,269,714.6,air,wearables,15946.79,0
SO-00294,2026-06-07,C-LON-028,Rotterdam DC,Rotterdam,NL,London,GB,341,1281.04,road,cases,18194.18,0
SO-00695,2026-06-07,C-BER-012,Rotterdam DC,Rotterdam,NL,Berlin,DE,305,709.06,road,audio,11863.41,0
SO-00963,2026-06-07,C-PAR-022,Rotterdam DC,Rotterdam,NL,Paris,FR,301,1104.28,road,cables,28120.95,0
SO-01143,2026-06-07,C-MAD-021,Rotterdam DC,Rotterdam,NL,Madrid,ES,455,852.7,road,wearables,24026.36,0
SO-01300,2026-06-07,C-MAD-002,Rotterdam DC,Rotterdam,NL,Madrid,ES,271,1040.92,road,chargers,31101.43,0
SO-02933,2026-06-07,C-SIN-005,Shenzhen DC,Shenzhen,CN,Singapore,SG,263,989.31,sea,storage,25281.61,0
SO-03044,2026-06-07,C-BAN-017,Shenzhen DC,Shenzhen,CN,Bangkok,TH,397,1313.56,sea,audio,35938.34,0
SO-03614,2026-06-07,C-MUM-025,Shenzhen DC,Shenzhen,CN,Mumbai,IN,330,1234.54,sea,audio,21337.82,0
SO-04103,2026-06-07,C-NEW-003,Memphis DC,Memphis,US,New York City,US,187,494.43,road,cables,30018.18,0
SO-04418,2026-06-07,C-NEW-019,Memphis DC,Memphis,US,New York City,US,361,812.85,road,storage,16844.09,0
SO-04489,2026-06-07,C-NEW-036,Memphis DC,Memphis,US,New York City,US,436,1240.65,road,wearables,26439.87,0
SO-04706,2026-06-07,C-CHI-014,Memphis DC,Memphis,US,Chicago,US,318,700.08,road,cables,21712.75,0
SO-04981,2026-06-07,C-LOS-032,Memphis DC,Memphis,US,Los Angeles,US,796,1408.46,road,cases,22362.7,0
SO-05072,2026-06-07,C-LOS-006,Memphis DC,Memphis,US,Los Angeles,US,389,807.92,road,cables,24490.92,0
SO-05811,2026-06-07,C-SAO-034,Memphis DC,Memphis,US,Sao Paulo,BR,502,1720.13,sea,audio,26497.49,0
SO-06255,2026-06-07,C-BUE-007,Memphis DC,Memphis,US,Buenos Aires,AR,159,453.07,sea,cables,31275.64,0
SO-06678,2026-06-07,C-CAI-012,Dubai DC,Dubai,AE,Cairo,EG,225,861.01,sea,storage,23869.18,0
SO-06869,2026-06-07,C-NAI-035,Dubai DC,Dubai,AE,Nairobi,KE,168,454.17,air,audio,12006.51,0
SO-07020,2026-06-07,C-LAG-019,Dubai DC,Dubai,AE,Lagos,NG,332,878.39,air,storage,14609.13,0
SO-07252,2026-06-07,C-KAR-038,Dubai DC,Dubai,AE,Karachi,PK,367,1373.15,sea,cases,5417.88,0
SO-07292,2026-06-07,C-KAR-019,Dubai DC,Dubai,AE,Karachi,PK,275,1026.61,sea,cables,23178.97,0
SO-00261,2026-06-08,C-LON-038,Rotterdam DC,Rotterdam,NL,London,GB,478,1273.25,road,audio,20974.42,0
SO-00631,2026-06-08,C-BER-030,Rotterdam DC,Rotterdam,NL,Berlin,DE,544,1823.18,road,cables,37564.33,0
SO-00720,2026-06-08,C-BER-007,Rotterdam DC,Rotterdam,NL,Berlin,DE,624,1880.64,road,cables,36525.6,0
SO-01266,2026-06-08,C-MAD-021,Rotterdam DC,Rotterdam,NL,Madrid,ES,441,1028.35,road,audio,38655.25,0
SO-01964,2026-06-08,C-DUB-006,Rotterdam DC,Rotterdam,NL,Dublin,IE,354,763.93,air,chargers,13908.02,0
SO-02631,2026-06-08,C-SEO-032,Shenzhen DC,Shenzhen,CN,Seoul,KR,478,1232.47,sea,chargers,27818.98,0
SO-02769,2026-06-08,C-SIN-029,Shenzhen DC,Shenzhen,CN,Singapore,SG,488,1145.0,sea,chargers,12721.73,0
SO-02821,2026-06-08,C-SIN-022,Shenzhen DC,Shenzhen,CN,Singapore,SG,239,603.1,sea,chargers,16162.83,0
SO-02959,2026-06-08,C-BAN-017,Shenzhen DC,Shenzhen,CN,Bangkok,TH,125,491.63,sea,cases,24059.06,1
SO-02980,2026-06-08,C-BAN-011,Shenzhen DC,Shenzhen,CN,Bangkok,TH,793,1181.53,sea,wearables,31555.89,0
SO-03040,2026-06-08,C-BAN-004,Shenzhen DC,Shenzhen,CN,Bangkok,TH,88,281.86,sea,chargers,18531.85,0
SO-03192,2026-06-08,C-JAK-038,Shenzhen DC,Shenzhen,CN,Jakarta,ID,406,1290.69,sea,wearables,21932.57,0
SO-03675,2026-06-08,C-MUM-012,Shenzhen DC,Shenzhen,CN,Mumbai,IN,334,1179.43,sea,cases,26612.73,0
SO-04243,2026-06-08,C-NEW-001,Memphis DC,Memphis,US,New York City,US,412,1170.98,road,cables,18458.13,0
SO-04937,2026-06-08,C-LOS-006,Memphis DC,Memphis,US,Los Angeles,US,155,346.53,road,storage,21858.26,0
SO-05057,2026-06-08,C-LOS-025,Memphis DC,Memphis,US,Los Angeles,US,1339,1931.63,road,cases,21162.64,0
SO-05247,2026-06-08,C-LOS-037,Memphis DC,Memphis,US,Los Angeles,US,467,1437.95,road,cases,27178.17,0
SO-05601,2026-06-08,C-MEX-037,Memphis DC,Memphis,US,Mexico City,MX,851,1683.94,road,cases,17898.7,0
SO-05603,2026-06-08,C-MEX-009,Memphis DC,Memphis,US,Mexico City,MX,621,1403.53,road,cases,25730.54,0
SO-05717,2026-06-08,C-MEX-016,Memphis DC,Memphis,US,Mexico City,MX,124,272.59,road,audio,21295.25,0
SO-05804,2026-06-08,C-SAO-021,Memphis DC,Memphis,US,Sao Paulo,BR,794,1625.74,sea,cases,21349.39,0
SO-05963,2026-06-08,C-BOG-036,Memphis DC,Memphis,US,Bogota,CO,484,739.0,air,audio,10951.18,0
SO-06051,2026-06-08,C-BOG-010,Memphis DC,Memphis,US,Bogota,CO,437,619.26,air,cables,8810.89,0
SO-07159,2026-06-08,C-JOH-003,Dubai DC,Dubai,AE,Johannesburg,ZA,538,977.39,sea,wearables,20820.12,1
SO-00050,2026-06-09,C-LON-032,Rotterdam DC,Rotterdam,NL,London,GB,520,1813.03,road,cases,11382.28,0
SO-00307,2026-06-09,C-LON-007,Rotterdam DC,Rotterdam,NL,London,GB,474,1254.31,road,audio,31842.62,0
SO-00566,2026-06-09,C-BER-038,Rotterdam DC,Rotterdam,NL,Berlin,DE,174,655.2,road,chargers,19979.22,0
SO-00874,2026-06-09,C-PAR-025,Rotterdam DC,Rotterdam,NL,Paris,FR,500,1199.74,road,storage,36223.26,0
SO-00892,2026-06-09,C-PAR-039,Rotterdam DC,Rotterdam,NL,Paris,FR,240,941.69,road,cables,11656.99,0
SO-01555,2026-06-09,C-MIL-033,Rotterdam DC,Rotterdam,NL,Milan,IT,459,1783.59,road,audio,21620.76,0
SO-02433,2026-06-09,C-SEO-030,Shenzhen DC,Shenzhen,CN,Seoul,KR,282,1059.32,sea,chargers,25507.94,0
SO-02467,2026-06-09,C-SEO-024,Shenzhen DC,Shenzhen,CN,Seoul,KR,467,1157.28,sea,cables,40590.64,1
SO-03091,2026-06-09,C-BAN-017,Shenzhen DC,Shenzhen,CN,Bangkok,TH,420,1470.98,sea,audio,22617.84,0
SO-03496,2026-06-09,C-MUM-001,Shenzhen DC,Shenzhen,CN,Mumbai,IN,705,1594.24,sea,audio,18608.65,0
SO-03699,2026-06-09,C-MUM-021,Shenzhen DC,Shenzhen,CN,Mumbai,IN,1,0.5,sea,audio,16918.74,0
SO-04442,2026-06-09,C-NEW-038,Memphis DC,Memphis,US,New York City,US,493,1219.39,road,cables,21517.18,0
SO-04683,2026-06-09,C-CHI-036,Memphis DC,Memphis,US,Chicago,US,83,314.32,road,wearables,22449.2,0
SO-04926,2026-06-09,C-CHI-037,Memphis DC,Memphis,US,Chicago,US,288,945.57,road,cables,21495.53,1
SO-04939,2026-06-09,C-LOS-012,Memphis DC,Memphis,US,Los Angeles,US,426,856.04,road,wearables,20469.29,0
SO-05536,2026-06-09,C-TOR-012,Memphis DC,Memphis,US,Toronto,CA,532,969.39,road,wearables,20399.13,0
SO-05949,2026-06-09,C-SAO-009,Memphis DC,Memphis,US,Sao Paulo,BR,341,518.21,sea,cases,19213.19,0
SO-00442,2026-06-10,C-BER-021,Rotterdam DC,Rotterdam,NL,Berlin,DE,349,835.78,road,cables,29767.5,0
SO-01000,2026-06-10,C-PAR-003,Rotterdam DC,Rotterdam,NL,Paris,FR,432,1434.97,road,audio,34570.93,0
SO-01420,2026-06-10,C-MIL-033,Rotterdam DC,Rotterdam,NL,Milan,IT,105,374.54,road,chargers,19684.05,0
SO-02677,2026-06-10,C-SIN-014,Shenzhen DC,Shenzhen,CN,Singapore,SG,416,990.58,sea,storage,40152.33,0
SO-02730,2026-06-10,C-SIN-030,Shenzhen DC,Shenzhen,CN,Singapore,SG,669,1278.5,sea,wearables,21927.62,0
SO-03792,2026-06-10,C-SYD-001,Rotterdam DC,Rotterdam,NL,Sydney,AU,275,957.18,air,cables,42414.4,0
SO-03831,2026-06-10,C-SYD-011,Rotterdam DC,Rotterdam,NL,Sydney,AU,275,814.25,air,cases,36756.36,0
SO-04648,2026-06-10,C-CHI-035,Memphis DC,Memphis,US,Chicago,US,936,1503.36,road,chargers,14926.44,0
SO-04737,2026-06-10,C-CHI-004,Memphis DC,Memphis,US,Chicago,US,1148,1631.13,road,chargers,16153.26,0
SO-06448,2026-06-10,C-RIY-001,Dubai DC,Dubai,AE,Riyadh,SA,622,1552.94,road,chargers,20261.48,0
SO-06867,2026-06-10,C-NAI-007,Dubai DC,Dubai,AE,Nairobi,KE,230,639.09,air,chargers,25174.28,0
SO-07039,2026-06-10,C-LAG-014,Dubai DC,Dubai,AE,Lagos,NG,255,603.91,air,wearables,17801.39,0
SO-07071,2026-06-10,C-JOH-009,Dubai DC,Dubai,AE,Johannesburg,ZA,630,1225.95,sea,storage,24932.03,0
SO-07096,2026-06-10,C-JOH-007,Dubai DC,Dubai,AE,Johannesburg,ZA,463,1648.26,sea,cases,19645.47,0
SO-07187,2026-06-10,C-JOH-005,Dubai DC,Dubai,AE,Johannesburg,ZA,634,1099.33,sea,storage,28394.73,0
SO-07233,2026-06-10,C-KAR-036,Dubai DC,Dubai,AE,Karachi,PK,277,998.07,sea,storage,15408.69,0
SO-00139,2026-06-11,C-LON-029,Rotterdam DC,Rotterdam,NL,London,GB,468,1156.08,road,storage,25731.77,0
SO-00600,2026-06-11,C-BER-013,Rotterdam DC,Rotterdam,NL,Berlin,DE,261,830.62,road,wearables,13375.8,0
SO-00768,2026-06-11,C-PAR-027,Rotterdam DC,Rotterdam,NL,Paris,FR,736,2268.85,road,chargers,20375.96,0
SO-00876,2026-06-11,C-PAR-022,Rotterdam DC,Rotterdam,NL,Paris,FR,419,1080.51,road,chargers,10985.65,0
SO-01019,2026-06-11,C-PAR-023,Rotterdam DC,Rotterdam,NL,Paris,FR,410,1175.38,road,audio,37123.22,0
SO-02349,2026-06-11,C-TOK-027,Shenzhen DC,Shenzhen,CN,Tokyo,JP,326,812.94,sea,wearables,33104.64,0
SO-02605,2026-06-11,C-SEO-026,Shenzhen DC,Shenzhen,CN,Seoul,KR,331,977.4,sea,cases,34421.18,0
SO-02753,2026-06-11,C-SIN-020,Shenzhen DC,Shenzhen,CN,Singapore,SG,343,1185.7,sea,wearables,30655.07,0
SO-02913,2026-06-11,C-SIN-017,Shenzhen DC,Shenzhen,CN,Singapore,SG,240,816.74,sea,storage,42410.76,0
SO-02957,2026-06-11,C-BAN-016,Shenzhen DC,Shenzhen,CN,Bangkok,TH,265,864.79,sea,audio,18600.0,0
SO-03147,2026-06-11,C-BAN-020,Shenzhen DC,Shenzhen,CN,Bangkok,TH,321,1194.36,sea,wearables,8510.3,0
SO-03337,2026-06-11,C-MAN-015,Shenzhen DC,Shenzhen,CN,Manila,PH,377,1185.13,sea,cases,16944.48,0
SO-04122,2026-06-11,C-NEW-003,Memphis DC,Memphis,US,New York City,US,424,668.1,road,cases,27415.27,0
SO-04402,2026-06-11,C-NEW-006,Memphis DC,Memphis,US,New York City,US,620,957.36,road,cases,19466.68,1
SO-04971,2026-06-11,C-LOS-017,Memphis DC,Memphis,US,Los Angeles,US,477,1233.45,road,chargers,29232.36,0
SO-05656,2026-06-11,C-MEX-011,Memphis DC,Memphis,US,Mexico City,MX,308,1163.09,road,audio,30112.77,0
SO-06762,2026-06-11,C-CAI-004,Dubai DC,Dubai,AE,Cairo,EG,171,302.84,sea,wearables,23542.7,0
SO-07362,2026-06-11,C-KAR-020,Dubai DC,Dubai,AE,Karachi,PK,485,1561.79,sea,audio,18462.02,0
SO-00011,2026-06-12,C-LON-038,Rotterdam DC,Rotterdam,NL,London,GB,303,1075.35,road,cases,25033.49,0
SO-01537,2026-06-12,C-MIL-037,Rotterdam DC,Rotterdam,NL,Milan,IT,242,856.98,road,cases,20259.81,0
SO-01546,2026-06-12,C-MIL-013,Rotterdam DC,Rotterdam,NL,Milan,IT,167,555.08,road,chargers,16162.65,0
SO-01826,2026-06-12,C-STO-009,Rotterdam DC,Rotterdam,NL,Stockholm,SE,1,0.5,road,storage,29964.0,0
SO-01899,2026-06-12,C-STO-036,Rotterdam DC,Rotterdam,NL,Stockholm,SE,693,1248.54,road,cables,23733.11,0
SO-02003,2026-06-12,C-DUB-031,Rotterdam DC,Rotterdam,NL,Dublin,IE,410,880.69,air,audio,24476.07,0
SO-02121,2026-06-12,C-TOK-031,Shenzhen DC,Shenzhen,CN,Tokyo,JP,287,894.03,sea,cases,42064.55,0
SO-02150,2026-06-12,C-TOK-033,Shenzhen DC,Shenzhen,CN,Tokyo,JP,907,1311.95,sea,cables,28823.25,1
SO-02274,2026-06-12,C-TOK-032,Shenzhen DC,Shenzhen,CN,Tokyo,JP,464,1300.73,sea,storage,37154.37,0
SO-02943,2026-06-12,C-SIN-019,Shenzhen DC,Shenzhen,CN,Singapore,SG,630,913.24,sea,storage,34409.86,0
SO-03281,2026-06-12,C-JAK-038,Shenzhen DC,Shenzhen,CN,Jakarta,ID,639,1107.85,sea,cases,35301.52,0
SO-03340,2026-06-12,C-MAN-013,Shenzhen DC,Shenzhen,CN,Manila,PH,322,837.26,sea,wearables,13807.99,0
SO-03546,2026-06-12,C-MUM-021,Shenzhen DC,Shenzhen,CN,Mumbai,IN,301,560.95,sea,cases,31303.79,0
SO-04034,2026-06-12,C-AUC-034,Rotterdam DC,Rotterdam,NL,Auckland,NZ,247,699.52,air,chargers,36544.05,0
SO-04915,2026-06-12,C-CHI-032,Memphis DC,Memphis,US,Chicago,US,617,951.45,road,cables,29029.16,0
SO-05637,2026-06-12,C-MEX-018,Memphis DC,Memphis,US,Mexico City,MX,636,1838.29,road,audio,22234.92,0
SO-05683,2026-06-12,C-MEX-030,Memphis DC,Memphis,US,Mexico City,MX,475,1389.22,road,chargers,22014.16,0
SO-06032,2026-06-12,C-BOG-033,Memphis DC,Memphis,US,Bogota,CO,188,673.49,air,wearables,21524.68,0
SO-06077,2026-06-12,C-BOG-019,Memphis DC,Memphis,US,Bogota,CO,278,424.04,air,audio,31352.11,0
SO-07305,2026-06-12,C-KAR-023,Dubai DC,Dubai,AE,Karachi,PK,336,875.51,sea,chargers,30417.09,0
SO-07399,2026-06-12,C-KAR-001,Dubai DC,Dubai,AE,Karachi,PK,349,804.89,sea,cases,9930.6,0
SO-00033,2026-06-13,C-LON-012,Rotterdam DC,Rotterdam,NL,London,GB,371,896.69,road,chargers,27949.39,0
SO-00707,2026-06-13,C-BER-018,Rotterdam DC,Rotterdam,NL,Berlin,DE,147,586.35,road,chargers,28773.43,0
SO-00755,2026-06-13,C-PAR-036,Rotterdam DC,Rotterdam,NL,Paris,FR,1039,1627.35,road,cases,27368.36,0
SO-01761,2026-06-13,C-WAR-018,Rotterdam DC,Rotterdam,NL,Warsaw,PL,834,1398.6,road,chargers,27476.2,0
SO-01872,2026-06-13,C-STO-009,Rotterdam DC,Rotterdam,NL,Stockholm,SE,448,878.31,road,chargers,21627.89,0
SO-03635,2026-06-13,C-MUM-007,Shenzhen DC,Shenzhen,CN,Mumbai,IN,374,1354.03,sea,audio,30128.81,0
SO-03769,2026-06-13,C-SYD-010,Rotterdam DC,Rotterdam,NL,Sydney,AU,472,982.38,air,storage,25724.23,0
SO-04112,2026-06-13,C-NEW-010,Memphis DC,Memphis,US,New York City,US,189,719.33,road,audio,21167.63,0
SO-04156,2026-06-13,C-NEW-010,Memphis DC,Memphis,US,New York City,US,430,1313.53,road,audio,14665.46,0
SO-04974,2026-06-13,C-LOS-010,Memphis DC,Memphis,US,Los Angeles,US,249,940.04,road,chargers,42495.05,0
SO-05423,2026-06-13,C-TOR-025,Memphis DC,Memphis,US,Toronto,CA,109,366.61,road,audio,30279.98,0
SO-05530,2026-06-13,C-TOR-001,Memphis DC,Memphis,US,Toronto,CA,646,1276.82,road,cases,28183.75,0
SO-05977,2026-06-13,C-BOG-030,Memphis DC,Memphis,US,Bogota,CO,206,571.24,air,storage,14032.41,0
SO-05990,2026-06-13,C-BOG-013,Memphis DC,Memphis,US,Bogota,CO,281,1078.86,air,storage,10303.98,0
SO-06106,2026-06-13,C-SAN-021,Memphis DC,Memphis,US,Santiago,CL,399,1521.3,sea,chargers,38504.36,0
SO-06214,2026-06-13,C-SAN-006,Memphis DC,Memphis,US,Santiago,CL,626,985.37,sea,audio,19300.37,0
SO-06469,2026-06-13,C-RIY-009,Dubai DC,Dubai,AE,Riyadh,SA,410,580.77,road,audio,38974.1,0
SO-06506,2026-06-13,C-RIY-023,Dubai DC,Dubai,AE,Riyadh,SA,435,929.84,road,wearables,36239.97,0
SO-06659,2026-06-13,C-CAI-005,Dubai DC,Dubai,AE,Cairo,EG,734,2266.71,sea,chargers,23502.95,0
SO-06855,2026-06-13,C-NAI-001,Dubai DC,Dubai,AE,Nairobi,KE,389,1454.19,air,wearables,24241.27,0
SO-06938,2026-06-13,C-LAG-023,Dubai DC,Dubai,AE,Lagos,NG,391,1029.29,air,wearables,23226.15,0
SO-07084,2026-06-13,C-JOH-003,Dubai DC,Dubai,AE,Johannesburg,ZA,632,1314.36,sea,chargers,20443.1,0
SO-00318,2026-06-14,C-LON-006,Rotterdam DC,Rotterdam,NL,London,GB,514,1251.85,road,audio,19138.41,0
SO-00401,2026-06-14,C-LON-035,Rotterdam DC,Rotterdam,NL,London,GB,542,1110.05,road,wearables,26255.73,0
SO-00414,2026-06-14,C-BER-011,Rotterdam DC,Rotterdam,NL,Berlin,DE,812,1719.11,road,storage,27265.25,0
SO-00555,2026-06-14,C-BER-038,Rotterdam DC,Rotterdam,NL,Berlin,DE,220,695.86,road,cables,23655.71,0
SO-00724,2026-06-14,C-BER-039,Rotterdam DC,Rotterdam,NL,Berlin,DE,378,840.65,road,wearables,27270.64,0
SO-00986,2026-06-14,C-PAR-014,Rotterdam DC,Rotterdam,NL,Paris,FR,271,417.6,road,storage,36397.02,0
SO-01450,2026-06-14,C-MIL-025,Rotterdam DC,Rotterdam,NL,Milan,IT,502,890.52,road,audio,35253.39,1
SO-01815,2026-06-14,C-STO-033,Rotterdam DC,Rotterdam,NL,Stockholm,SE,366,1183.23,road,cables,31029.89,0
SO-02198,2026-06-14,C-TOK-012,Shenzhen DC,Shenzhen,CN,Tokyo,JP,486,924.21,sea,wearables,26580.48,0
SO-02295,2026-06-14,C-TOK-005,Shenzhen DC,Shenzhen,CN,Tokyo,JP,366,1279.46,sea,audio,30021.76,1
SO-02624,2026-06-14,C-SEO-016,Shenzhen DC,Shenzhen,CN,Seoul,KR,369,1027.12,sea,cases,31386.57,0
SO-02853,2026-06-14,C-SIN-014,Shenzhen DC,Shenzhen,CN,Singapore,SG,302,541.06,sea,chargers,21728.45,0
SO-03307,2026-06-14,C-JAK-015,Shenzhen DC,Shenzhen,CN,Jakarta,ID,358,816.55,sea,cases,33869.96,0
SO-03625,2026-06-14,C-MUM-028,Shenzhen DC,Shenzhen,CN,Mumbai,IN,454,1747.99,sea,chargers,27174.82,0
SO-03962,2026-06-14,C-AUC-029,Rotterdam DC,Rotterdam,NL,Auckland,NZ,355,967.33,air,cables,44193.87,0
SO-05290,2026-06-14,C-LOS-027,Memphis DC,Memphis,US,Los Angeles,US,319,1264.41,road,audio,22478.26,0
SO-05567,2026-06-14,C-MEX-038,Memphis DC,Memphis,US,Mexico City,MX,174,622.29,road,audio,13602.94,0
SO-05615,2026-06-14,C-MEX-015,Memphis DC,Memphis,US,Mexico City,MX,294,825.1,road,chargers,18186.21,0
SO-05871,2026-06-14,C-SAO-027,Memphis DC,Memphis,US,Sao Paulo,BR,308,1054.2,sea,cases,22503.99,0
SO-05947,2026-06-14,C-SAO-017,Memphis DC,Memphis,US,Sao Paulo,BR,709,1882.34,sea,cases,22270.51,0
SO-06608,2026-06-14,C-CAI-008,Dubai DC,Dubai,AE,Cairo,EG,233,853.06,sea,cases,18512.97,0
SO-07374,2026-06-14,C-KAR-029,Dubai DC,Dubai,AE,Karachi,PK,457,1257.31,sea,cables,8009.95,0
SO-00103,2026-06-15,C-LON-020,Rotterdam DC,Rotterdam,NL,London,GB,795,1462.0,road,cases,13248.52,0
SO-00319,2026-06-15,C-LON-007,Rotterdam DC,Rotterdam,NL,London,GB,355,776.24,road,cases,32524.82,0
SO-00386,2026-06-15,C-LON-031,Rotterdam DC,Rotterdam,NL,London,GB,752,1182.89,road,storage,24185.04,0
SO-00527,2026-06-15,C-BER-005,Rotterdam DC,Rotterdam,NL,Berlin,DE,751,1704.46,road,audio,18016.57,0
SO-01155,2026-06-15,C-MAD-001,Rotterdam DC,Rotterdam,NL,Madrid,ES,202,710.28,road,wearables,25419.12,0
SO-01210,2026-06-15,C-MAD-032,Rotterdam DC,Rotterdam,NL,Madrid,ES,238,919.97,road,cables,28398.75,0
SO-01256,2026-06-15,C-MAD-026,Rotterdam DC,Rotterdam,NL,Madrid,ES,584,1734.04,road,audio,19660.19,0
SO-01322,2026-06-15,C-MAD-005,Rotterdam DC,Rotterdam,NL,Madrid,ES,272,847.32,road,audio,31969.37,0
SO-01468,2026-06-15,C-MIL-039,Rotterdam DC,Rotterdam,NL,Milan,IT,803,1287.56,road,wearables,44640.73,0
SO-01569,2026-06-15,C-MIL-017,Rotterdam DC,Rotterdam,NL,Milan,IT,638,1254.95,road,wearables,10559.27,0
SO-01614,2026-06-15,C-WAR-019,Rotterdam DC,Rotterdam,NL,Warsaw,PL,457,1610.98,road,cases,29596.62,0
SO-01952,2026-06-15,C-DUB-027,Rotterdam DC,Rotterdam,NL,Dublin,IE,189,705.77,air,storage,13815.08,0
SO-02393,2026-06-15,C-SEO-035,Shenzhen DC,Shenzhen,CN,Seoul,KR,269,974.31,sea,chargers,30799.98,0
SO-03395,2026-06-15,C-MAN-006,Shenzhen DC,Shenzhen,CN,Manila,PH,527,1618.88,sea,chargers,24121.23,1
SO-03500,2026-06-15,C-MUM-030,Shenzhen DC,Shenzhen,CN,Mumbai,IN,456,1190.62,sea,wearables,24990.51,0
SO-03666,2026-06-15,C-MUM-021,Shenzhen DC,Shenzhen,CN,Mumbai,IN,808,1759.81,sea,audio,13932.73,0
SO-03712,2026-06-15,C-MUM-018,Shenzhen DC,Shenzhen,CN,Mumbai,IN,550,2121.34,sea,cases,16032.44,0
SO-04734,2026-06-15,C-CHI-026,Memphis DC,Memphis,US,Chicago,US,273,843.18,road,chargers,30221.05,0
SO-04944,2026-06-15,C-LOS-030,Memphis DC,Memphis,US,Los Angeles,US,1381,2182.0,road,chargers,18091.6,0
SO-05357,2026-06-15,C-TOR-008,Memphis DC,Memphis,US,Toronto,CA,534,1982.25,road,chargers,30791.76,1
SO-06054,2026-06-15,C-BOG-016,Memphis DC,Memphis,US,Bogota,CO,329,940.28,air,cables,19663.63,0
SO-06414,2026-06-15,C-RIY-015,Dubai DC,Dubai,AE,Riyadh,SA,294,1073.52,road,storage,20021.33,0
SO-07218,2026-06-15,C-JOH-039,Dubai DC,Dubai,AE,Johannesburg,ZA,461,1414.72,sea,storage,28659.78,0
SO-07239,2026-06-15,C-KAR-029,Dubai DC,Dubai,AE,Karachi,PK,439,1469.29,sea,storage,16357.31,0
SO-02370,2026-06-16,C-TOK-005,Shenzhen DC,Shenzhen,CN,Tokyo,JP,455,1119.85,sea,storage,38182.89,0
SO-02482,2026-06-16,C-SEO-028,Shenzhen DC,Shenzhen,CN,Seoul,KR,215,737.03,sea,chargers,20536.31,0
SO-02511,2026-06-16,C-SEO-007,Shenzhen DC,Shenzhen,CN,Seoul,KR,340,521.66,sea,wearables,40141.33,1
SO-02989,2026-06-16,C-BAN-037,Shenzhen DC,Shenzhen,CN,Bangkok,TH,366,886.83,sea,cases,31176.79,0
SO-03719,2026-06-16,C-MUM-020,Shenzhen DC,Shenzhen,CN,Mumbai,IN,662,1809.04,sea,cases,18234.19,0
SO-04672,2026-06-16,C-CHI-020,Memphis DC,Memphis,US,Chicago,US,269,789.05,road,wearables,21250.11,0
SO-05019,2026-06-16,C-LOS-013,Memphis DC,Memphis,US,Los Angeles,US,255,470.2,road,chargers,12041.29,0
SO-05402,2026-06-16,C-TOR-017,Memphis DC,Memphis,US,Toronto,CA,503,1160.58,road,audio,33357.15,0
SO-05696,2026-06-16,C-MEX-005,Memphis DC,Memphis,US,Mexico City,MX,571,1921.22,road,audio,29709.11,0
SO-05950,2026-06-16,C-SAO-034,Memphis DC,Memphis,US,Sao Paulo,BR,499,1549.42,sea,audio,21043.06,0
SO-06212,2026-06-16,C-SAN-014,Memphis DC,Memphis,US,Santiago,CL,602,2031.53,sea,cases,34473.45,0
SO-06847,2026-06-16,C-NAI-028,Dubai DC,Dubai,AE,Nairobi,KE,244,881.63,air,wearables,16863.85,0
SO-06868,2026-06-16,C-NAI-004,Dubai DC,Dubai,AE,Nairobi,KE,364,1302.66,air,wearables,18262.47,0
SO-06893,2026-06-16,C-NAI-025,Dubai DC,Dubai,AE,Nairobi,KE,355,849.66,air,audio,13227.23,0
SO-00052,2026-06-17,C-LON-027,Rotterdam DC,Rotterdam,NL,London,GB,630,1830.68,road,storage,34197.1,0
SO-00266,2026-06-17,C-LON-012,Rotterdam DC,Rotterdam,NL,London,GB,283,828.63,road,wearables,21640.68,0
SO-00366,2026-06-17,C-LON-038,Rotterdam DC,Rotterdam,NL,London,GB,371,1434.01,road,wearables,30089.27,0
SO-00594,2026-06-17,C-BER-025,Rotterdam DC,Rotterdam,NL,Berlin,DE,230,837.84,road,wearables,10845.52,0
SO-00891,2026-06-17,C-PAR-007,Rotterdam DC,Rotterdam,NL,Paris,FR,535,1324.78,road,storage,30718.93,0
SO-01186,2026-06-17,C-MAD-016,Rotterdam DC,Rotterdam,NL,Madrid,ES,810,1253.61,road,audio,29047.3,0
SO-01732,2026-06-17,C-WAR-001,Rotterdam DC,Rotterdam,NL,Warsaw,PL,620,2444.75,road,cases,43400.44,0
SO-01968,2026-06-17,C-DUB-033,Rotterdam DC,Rotterdam,NL,Dublin,IE,127,402.95,air,storage,9155.08,0
SO-02022,2026-06-17,C-DUB-026,Rotterdam DC,Rotterdam,NL,Dublin,IE,149,532.63,air,chargers,18315.19,1
SO-02146,2026-06-17,C-TOK-009,Shenzhen DC,Shenzhen,CN,Tokyo,JP,272,812.94,sea,cases,31583.02,0
SO-02317,2026-06-17,C-TOK-018,Shenzhen DC,Shenzhen,CN,Tokyo,JP,280,577.77,sea,cables,28471.73,1
SO-02344,2026-06-17,C-TOK-036,Shenzhen DC,Shenzhen,CN,Tokyo,JP,333,1079.25,sea,storage,38240.83,0
SO-02365,2026-06-17,C-TOK-031,Shenzhen DC,Shenzhen,CN,Tokyo,JP,619,1400.15,sea,storage,33305.19,0
SO-02565,2026-06-17,C-SEO-001,Shenzhen DC,Shenzhen,CN,Seoul,KR,214,426.92,sea,wearables,23482.28,0
SO-02602,2026-06-17,C-SEO-020,Shenzhen DC,Shenzhen,CN,Seoul,KR,110,391.81,sea,cases,16832.32,0
SO-02748,2026-06-17,C-SIN-006,Shenzhen DC,Shenzhen,CN,Singapore,SG,475,1043.23,sea,cases,24538.12,0
SO-02805,2026-06-17,C-SIN-039,Shenzhen DC,Shenzhen,CN,Singapore,SG,470,833.08,sea,storage,22495.21,0
SO-02847,2026-06-17,C-SIN-021,Shenzhen DC,Shenzhen,CN,Singapore,SG,506,778.79,sea,storage,27945.0,0
SO-02883,2026-06-17,C-SIN-015,Shenzhen DC,Shenzhen,CN,Singapore,SG,105,279.17,sea,audio,34947.21,0
SO-03142,2026-06-17,C-BAN-022,Shenzhen DC,Shenzhen,CN,Bangkok,TH,755,1479.89,sea,chargers,29984.52,0
SO-03907,2026-06-17,C-SYD-032,Rotterdam DC,Rotterdam,NL,Sydney,AU,372,939.29,air,wearables,35368.57,0
SO-03932,2026-06-17,C-AUC-029,Rotterdam DC,Rotterdam,NL,Auckland,NZ,488,692.51,air,cables,28693.44,0
SO-04035,2026-06-17,C-AUC-009,Rotterdam DC,Rotterdam,NL,Auckland,NZ,269,611.06,air,storage,44297.9,0
SO-04101,2026-06-17,C-NEW-011,Memphis DC,Memphis,US,New York City,US,179,539.83,road,cables,17969.27,0
SO-05114,2026-06-17,C-LOS-039,Memphis DC,Memphis,US,Los Angeles,US,643,1023.64,road,chargers,25531.39,0
SO-07396,2026-06-17,C-KAR-010,Dubai DC,Dubai,AE,Karachi,PK,803,1300.9,sea,audio,18321.6,0
SO-00041,2026-06-18,C-LON-023,Rotterdam DC,Rotterdam,NL,London,GB,159,504.04,road,cases,22620.47,0
SO-00924,2026-06-18,C-PAR-029,Rotterdam DC,Rotterdam,NL,Paris,FR,398,1385.66,road,cases,27408.69,0
SO-01539,2026-06-18,C-MIL-007,Rotterdam DC,Rotterdam,NL,Milan,IT,406,1495.06,road,cases,31611.18,0
SO-02607,2026-06-18,C-SEO-033,Shenzhen DC,Shenzhen,CN,Seoul,KR,150,476.8,sea,wearables,23401.31,0
SO-03201,2026-06-18,C-JAK-016,Shenzhen DC,Shenzhen,CN,Jakarta,ID,379,1079.31,sea,audio,22793.64,0
SO-03434,2026-06-18,C-MAN-009,Shenzhen DC,Shenzhen,CN,Manila,PH,239,789.84,sea,wearables,36777.08,0
SO-04164,2026-06-18,C-NEW-007,Memphis DC,Memphis,US,New York City,US,648,1042.21,road,storage,33396.33,0
SO-04286,2026-06-18,C-NEW-034,Memphis DC,Memphis,US,New York City,US,435,1183.86,road,audio,17021.58,0
SO-04557,2026-06-18,C-CHI-008,Memphis DC,Memphis,US,Chicago,US,597,1402.29,road,chargers,34922.88,1
SO-04808,2026-06-18,C-CHI-034,Memphis DC,Memphis,US,Chicago,US,330,670.36,road,storage,25308.73,0
SO-06426,2026-06-18,C-RIY-011,Dubai DC,Dubai,AE,Riyadh,SA,507,1487.52,road,chargers,30211.71,0
SO-00440,2026-06-19,C-BER-012,Rotterdam DC,Rotterdam,NL,Berlin,DE,675,1542.8,road,audio,15659.69,0
SO-00842,2026-06-19,C-PAR-031,Rotterdam DC,Rotterdam,NL,Paris,FR,492,954.34,road,storage,25570.75,0
SO-01741,2026-06-19,C-WAR-027,Rotterdam DC,Rotterdam,NL,Warsaw,PL,916,1979.58,road,storage,21844.85,0
SO-01994,2026-06-19,C-DUB-038,Rotterdam DC,Rotterdam,NL,Dublin,IE,580,1061.47,air,audio,21165.09,0
SO-01999,2026-06-19,C-DUB-015,Rotterdam DC,Rotterdam,NL,Dublin,IE,418,692.09,air,audio,15601.09,0
SO-02289,2026-06-19,C-TOK-001,Shenzhen DC,Shenzhen,CN,Tokyo,JP,405,1253.42,sea,cables,38758.39,0
SO-02527,2026-06-19,C-SEO-030,Shenzhen DC,Shenzhen,CN,Seoul,KR,565,1012.83,sea,wearables,18671.2,0
SO-02618,2026-06-19,C-SEO-024,Shenzhen DC,Shenzhen,CN,Seoul,KR,348,672.49,sea,storage,31836.59,0
SO-02836,2026-06-19,C-SIN-036,Shenzhen DC,Shenzhen,CN,Singapore,SG,221,803.69,sea,audio,12968.5,0
SO-02903,2026-06-19,C-SIN-018,Shenzhen DC,Shenzhen,CN,Singapore,SG,383,1425.41,sea,wearables,25977.73,0
SO-03239,2026-06-19,C-JAK-017,Shenzhen DC,Shenzhen,CN,Jakarta,ID,18,36.81,sea,cables,9482.08,0
SO-03402,2026-06-19,C-MAN-035,Shenzhen DC,Shenzhen,CN,Manila,PH,386,1145.37,sea,wearables,20177.84,0
SO-03455,2026-06-19,C-MAN-017,Shenzhen DC,Shenzhen,CN,Manila,PH,672,1185.98,sea,cases,11074.59,0
SO-03652,2026-06-19,C-MUM-003,Shenzhen DC,Shenzhen,CN,Mumbai,IN,539,1838.13,sea,chargers,25550.72,0
SO-03913,2026-06-19,C-SYD-032,Rotterdam DC,Rotterdam,NL,Sydney,AU,322,1181.07,air,audio,36417.29,0
SO-03993,2026-06-19,C-AUC-012,Rotterdam DC,Rotterdam,NL,Auckland,NZ,96,359.14,air,audio,29998.34,0
SO-04036,2026-06-19,C-AUC-001,Rotterdam DC,Rotterdam,NL,Auckland,NZ,242,663.21,air,cables,20496.79,0
SO-04163,2026-06-19,C-NEW-001,Memphis DC,Memphis,US,New York City,US,366,1080.68,road,cables,27766.29,0
SO-04285,2026-06-19,C-NEW-036,Memphis DC,Memphis,US,New York City,US,373,1227.13,road,storage,24516.15,0
SO-04514,2026-06-19,C-NEW-008,Memphis DC,Memphis,US,New York City,US,340,1159.0,road,wearables,28658.75,0
SO-05135,2026-06-19,C-LOS-026,Memphis DC,Memphis,US,Los Angeles,US,338,1319.49,road,audio,22889.45,0
SO-05405,2026-06-19,C-TOR-020,Memphis DC,Memphis,US,Toronto,CA,307,951.85,road,cables,27906.3,0
SO-05655,2026-06-19,C-MEX-037,Memphis DC,Memphis,US,Mexico City,MX,488,794.37,road,chargers,32486.53,0
SO-05768,2026-06-19,C-SAO-017,Memphis DC,Memphis,US,Sao Paulo,BR,274,731.09,sea,audio,17725.6,0
SO-06130,2026-06-19,C-SAN-036,Memphis DC,Memphis,US,Santiago,CL,269,957.43,sea,wearables,22695.07,0
SO-06927,2026-06-19,C-NAI-019,Dubai DC,Dubai,AE,Nairobi,KE,506,920.27,air,wearables,28490.9,0
SO-07194,2026-06-19,C-JOH-037,Dubai DC,Dubai,AE,Johannesburg,ZA,572,2014.24,sea,audio,18027.79,0
SO-00164,2026-06-20,C-LON-006,Rotterdam DC,Rotterdam,NL,London,GB,1128,1600.63,road,audio,19531.75,0
SO-00580,2026-06-20,C-BER-010,Rotterdam DC,Rotterdam,NL,Berlin,DE,407,1268.13,road,wearables,32124.37,0
SO-00920,2026-06-20,C-PAR-019,Rotterdam DC,Rotterdam,NL,Paris,FR,802,2122.59,road,wearables,21572.1,0
SO-01280,2026-06-20,C-MAD-006,Rotterdam DC,Rotterdam,NL,Madrid,ES,518,1519.31,road,audio,35341.02,0
SO-01491,2026-06-20,C-MIL-032,Rotterdam DC,Rotterdam,NL,Milan,IT,597,1625.63,road,cables,35547.11,0
SO-01752,2026-06-20,C-WAR-024,Rotterdam DC,Rotterdam,NL,Warsaw,PL,310,1177.7,road,storage,21982.17,0
SO-02255,2026-06-20,C-TOK-013,Shenzhen DC,Shenzhen,CN,Tokyo,JP,242,419.44,sea,audio,43399.01,0
SO-02312,2026-06-20,C-TOK-014,Shenzhen DC,Shenzhen,CN,Tokyo,JP,223,598.16,sea,audio,37519.85,0
SO-02347,2026-06-20,C-TOK-016,Shenzhen DC,Shenzhen,CN,Tokyo,JP,389,1359.37,sea,audio,16236.98,0
SO-03424,2026-06-20,C-MAN-025,Shenzhen DC,Shenzhen,CN,Manila,PH,769,1149.98,sea,wearables,15810.59,0
SO-04047,2026-06-20,C-NEW-031,Memphis DC,Memphis,US,New York City,US,554,883.95,road,wearables,24276.02,0
SO-04199,2026-06-20,C-NEW-024,Memphis DC,Memphis,US,New York City,US,416,1518.86,road,wearables,18189.31,0
SO-04353,2026-06-20,C-NEW-032,Memphis DC,Memphis,US,New York City,US,560,1502.06,road,wearables,17709.39,0
SO-04432,2026-06-20,C-NEW-004,Memphis DC,Memphis,US,New York City,US,315,1165.72,road,cables,19144.05,0
SO-05034,2026-06-20,C-LOS-035,Memphis DC,Memphis,US,Los Angeles,US,629,977.09,road,cables,34574.31,0
SO-05054,2026-06-20,C-LOS-036,Memphis DC,Memphis,US,Los Angeles,US,392,1326.19,road,wearables,16854.64,0
SO-05348,2026-06-20,C-TOR-006,Memphis DC,Memphis,US,Toronto,CA,216,805.5,road,cables,33394.85,0
SO-05590,2026-06-20,C-MEX-021,Memphis DC,Memphis,US,Mexico City,MX,350,643.21,road,wearables,22201.76,0
SO-05757,2026-06-20,C-MEX-026,Memphis DC,Memphis,US,Mexico City,MX,1398,2415.33,road,chargers,20119.29,0
SO-06138,2026-06-20,C-SAN-008,Memphis DC,Memphis,US,Santiago,CL,404,1500.89,sea,cases,9852.77,0
SO-06153,2026-06-20,C-SAN-028,Memphis DC,Memphis,US,Santiago,CL,317,1134.59,sea,storage,28239.33,0
SO-06682,2026-06-20,C-CAI-002,Dubai DC,Dubai,AE,Cairo,EG,283,1024.33,sea,audio,18541.37,0
SO-00453,2026-06-21,C-BER-031,Rotterdam DC,Rotterdam,NL,Berlin,DE,223,760.13,road,storage,15268.66,0
SO-00824,2026-06-21,C-PAR-034,Rotterdam DC,Rotterdam,NL,Paris,FR,217,610.62,road,cables,23410.51,1
SO-01197,2026-06-21,C-MAD-006,Rotterdam DC,Rotterdam,NL,Madrid,ES,168,552.66,road,storage,30833.2,0
SO-01246,2026-06-21,C-MAD-010,Rotterdam DC,Rotterdam,NL,Madrid,ES,495,1114.57,road,cables,25185.34,0
SO-01520,2026-06-21,C-MIL-037,Rotterdam DC,Rotterdam,NL,Milan,IT,466,1501.58,road,cases,17902.08,0
SO-01736,2026-06-21,C-WAR-014,Rotterdam DC,Rotterdam,NL,Warsaw,PL,340,1150.96,road,storage,25730.44,0
SO-02189,2026-06-21,C-TOK-007,Shenzhen DC,Shenzhen,CN,Tokyo,JP,171,526.13,sea,cables,28188.0,0
SO-02745,2026-06-21,C-SIN-010,Shenzhen DC,Shenzhen,CN,Singapore,SG,211,373.27,sea,storage,33352.11,0
SO-02812,2026-06-21,C-SIN-004,Shenzhen DC,Shenzhen,CN,Singapore,SG,138,460.01,sea,audio,22001.89,0
SO-03008,2026-06-21,C-BAN-013,Shenzhen DC,Shenzhen,CN,Bangkok,TH,465,1768.49,sea,storage,28534.67,0
SO-03010,2026-06-21,C-BAN-007,Shenzhen DC,Shenzhen,CN,Bangkok,TH,213,622.15,sea,wearables,19539.51,0
SO-03355,2026-06-21,C-MAN-024,Shenzhen DC,Shenzhen,CN,Manila,PH,323,1176.62,sea,cables,26885.3,0
SO-03431,2026-06-21,C-MAN-024,Shenzhen DC,Shenzhen,CN,Manila,PH,856,1590.71,sea,cables,20076.28,0
SO-04528,2026-06-21,C-NEW-018,Memphis DC,Memphis,US,New York City,US,722,1869.78,road,storage,28752.01,0
SO-04730,2026-06-21,C-CHI-034,Memphis DC,Memphis,US,Chicago,US,592,1031.4,road,storage,33163.17,0
SO-04821,2026-06-21,C-CHI-032,Memphis DC,Memphis,US,Chicago,US,352,789.87,road,audio,26908.26,1
SO-05372,2026-06-21,C-TOR-030,Memphis DC,Memphis,US,Toronto,CA,166,632.24,road,storage,36311.85,0
SO-05651,2026-06-21,C-MEX-001,Memphis DC,Memphis,US,Mexico City,MX,106,399.96,road,wearables,28167.5,1
SO-05929,2026-06-21,C-SAO-008,Memphis DC,Memphis,US,Sao Paulo,BR,1147,2034.48,sea,cases,21055.77,0
SO-05982,2026-06-21,C-BOG-002,Memphis DC,Memphis,US,Bogota,CO,216,627.18,air,audio,15260.47,0
SO-06042,2026-06-21,C-BOG-015,Memphis DC,Memphis,US,Bogota,CO,198,677.05,air,chargers,13718.53,1
SO-06725,2026-06-21,C-CAI-004,Dubai DC,Dubai,AE,Cairo,EG,976,2082.61,sea,audio,27399.15,0
SO-06750,2026-06-21,C-CAI-010,Dubai DC,Dubai,AE,Cairo,EG,387,1215.96,sea,wearables,21332.51,0
SO-06911,2026-06-21,C-NAI-037,Dubai DC,Dubai,AE,Nairobi,KE,245,625.47,air,storage,19898.29,0
SO-07199,2026-06-21,C-JOH-005,Dubai DC,Dubai,AE,Johannesburg,ZA,567,1751.76,sea,chargers,19428.03,0
SO-00214,2026-06-22,C-LON-030,Rotterdam DC,Rotterdam,NL,London,GB,595,1574.54,road,audio,15855.09,0
SO-00898,2026-06-22,C-PAR-038,Rotterdam DC,Rotterdam,NL,Paris,FR,639,1325.75,road,cables,31582.6,0
SO-01026,2026-06-22,C-PAR-022,Rotterdam DC,Rotterdam,NL,Paris,FR,555,861.51,road,chargers,22246.69,0
SO-01363,2026-06-22,C-MAD-012,Rotterdam DC,Rotterdam,NL,Madrid,ES,499,1915.29,road,audio,12106.56,0
SO-01386,2026-06-22,C-MIL-029,Rotterdam DC,Rotterdam,NL,Milan,IT,593,1184.8,road,audio,24316.13,0
SO-01557,2026-06-22,C-MIL-037,Rotterdam DC,Rotterdam,NL,Milan,IT,609,1538.32,road,cables,24573.88,0
SO-02079,2026-06-22,C-TOK-007,Shenzhen DC,Shenzhen,CN,Tokyo,JP,312,899.65,sea,cables,39086.16,0
SO-02493,2026-06-22,C-SEO-032,Shenzhen DC,Shenzhen,CN,Seoul,KR,305,870.52,sea,cases,19710.32,0
SO-02914,2026-06-22,C-SIN-019,Shenzhen DC,Shenzhen,CN,Singapore,SG,151,318.45,sea,wearables,21724.69,0
SO-03315,2026-06-22,C-JAK-030,Shenzhen DC,Shenzhen,CN,Jakarta,ID,1227,2098.92,sea,chargers,15349.96,0
SO-04235,2026-06-22,C-NEW-019,Memphis DC,Memphis,US,New York City,US,325,747.45,road,cables,13209.06,1
SO-04342,2026-06-22,C-NEW-017,Memphis DC,Memphis,US,New York City,US,373,1304.91,road,wearables,39898.17,0
SO-04466,2026-06-22,C-NEW-025,Memphis DC,Memphis,US,New York City,US,571,945.54,road,storage,29019.67,0
SO-05562,2026-06-22,C-MEX-010,Memphis DC,Memphis,US,Mexico City,MX,582,1868.24,road,wearables,24829.34,1
SO-05577,2026-06-22,C-MEX-025,Memphis DC,Memphis,US,Mexico City,MX,485,1626.6,road,cables,21441.48,0
SO-05767,2026-06-22,C-SAO-031,Memphis DC,Memphis,US,Sao Paulo,BR,709,1994.89,sea,cases,27759.14,0
SO-05985,2026-06-22,C-BOG-031,Memphis DC,Memphis,US,Bogota,CO,194,505.29,air,cables,15382.87,0
SO-06408,2026-06-22,C-RIY-027,Dubai DC,Dubai,AE,Riyadh,SA,408,1572.14,road,cases,18441.86,0
SO-06544,2026-06-22,C-RIY-015,Dubai DC,Dubai,AE,Riyadh,SA,496,1847.6,road,storage,26333.9,0
SO-06557,2026-06-22,C-RIY-026,Dubai DC,Dubai,AE,Riyadh,SA,729,1049.39,road,audio,30386.83,0
SO-06972,2026-06-22,C-LAG-027,Dubai DC,Dubai,AE,Lagos,NG,287,911.94,air,cables,25667.11,0
SO-07353,2026-06-22,C-KAR-026,Dubai DC,Dubai,AE,Karachi,PK,319,1186.03,sea,chargers,15159.0,0
SO-00043,2026-06-23,C-LON-001,Rotterdam DC,Rotterdam,NL,London,GB,425,1100.13,road,chargers,27266.75,0
SO-00199,2026-06-23,C-LON-039,Rotterdam DC,Rotterdam,NL,London,GB,249,674.15,road,cases,22060.34,0
SO-00324,2026-06-23,C-LON-001,Rotterdam DC,Rotterdam,NL,London,GB,583,1162.86,road,wearables,17946.57,0
SO-00423,2026-06-23,C-BER-038,Rotterdam DC,Rotterdam,NL,Berlin,DE,631,1584.85,road,wearables,30352.96,0
SO-00949,2026-06-23,C-PAR-026,Rotterdam DC,Rotterdam,NL,Paris,FR,943,1521.43,road,audio,11203.68,1
SO-01057,2026-06-23,C-PAR-016,Rotterdam DC,Rotterdam,NL,Paris,FR,357,854.68,road,audio,23054.96,0
SO-01434,2026-06-23,C-MIL-039,Rotterdam DC,Rotterdam,NL,Milan,IT,543,1383.42,road,audio,20434.79,0
SO-01488,2026-06-23,C-MIL-029,Rotterdam DC,Rotterdam,NL,Milan,IT,738,1379.57,road,storage,28848.07,0
SO-01844,2026-06-23,C-STO-001,Rotterdam DC,Rotterdam,NL,Stockholm,SE,376,595.53,road,wearables,3975.18,0
SO-01870,2026-06-23,C-STO-005,Rotterdam DC,Rotterdam,NL,Stockholm,SE,371,795.68,road,chargers,31141.4,1
SO-02487,2026-06-23,C-SEO-008,Shenzhen DC,Shenzhen,CN,Seoul,KR,944,1369.84,sea,wearables,26195.41,0
SO-02661,2026-06-23,C-SIN-021,Shenzhen DC,Shenzhen,CN,Singapore,SG,245,690.63,sea,audio,34132.39,1
SO-02750,2026-06-23,C-SIN-005,Shenzhen DC,Shenzhen,CN,Singapore,SG,199,777.11,sea,storage,14717.36,0
SO-02912,2026-06-23,C-SIN-028,Shenzhen DC,Shenzhen,CN,Singapore,SG,259,911.12,sea,storage,23677.24,0
SO-03191,2026-06-23,C-JAK-025,Shenzhen DC,Shenzhen,CN,Jakarta,ID,801,1267.19,sea,cases,46027.83,0
SO-03429,2026-06-23,C-MAN-020,Shenzhen DC,Shenzhen,CN,Manila,PH,242,689.86,sea,chargers,14190.58,1
SO-03468,2026-06-23,C-MAN-035,Shenzhen DC,Shenzhen,CN,Manila,PH,497,1246.6,sea,cases,30424.51,0
SO-03527,2026-06-23,C-MUM-036,Shenzhen DC,Shenzhen,CN,Mumbai,IN,912,1375.4,sea,storage,26414.73,0
SO-03840,2026-06-23,C-SYD-012,Rotterdam DC,Rotterdam,NL,Sydney,AU,308,1177.42,air,wearables,29184.33,0
SO-04003,2026-06-23,C-AUC-034,Rotterdam DC,Rotterdam,NL,Auckland,NZ,264,964.85,air,chargers,36056.0,0
SO-04811,2026-06-23,C-CHI-008,Memphis DC,Memphis,US,Chicago,US,677,1634.56,road,cases,31066.19,0
SO-05165,2026-06-23,C-LOS-038,Memphis DC,Memphis,US,Los Angeles,US,365,958.0,road,storage,134.4,0
SO-05975,2026-06-23,C-BOG-024,Memphis DC,Memphis,US,Bogota,CO,183,705.36,air,cases,20576.18,0
SO-06140,2026-06-23,C-SAN-025,Memphis DC,Memphis,US,Santiago,CL,105,230.75,sea,cases,7017.89,1
SO-06905,2026-06-23,C-NAI-026,Dubai DC,Dubai,AE,Nairobi,KE,28,99.88,air,wearables,33822.71,0
SO-07228,2026-06-23,C-KAR-028,Dubai DC,Dubai,AE,Karachi,PK,644,1332.39,sea,cases,8497.89,0
SO-07359,2026-06-23,C-KAR-032,Dubai DC,Dubai,AE,Karachi,PK,308,1000.8,sea,wearables,11838.71,1
SO-00361,2026-06-24,C-LON-028,Rotterdam DC,Rotterdam,NL,London,GB,307,1172.29,road,cables,13355.09,0
SO-01154,2026-06-24,C-MAD-026,Rotterdam DC,Rotterdam,NL,Madrid,ES,487,1319.14,road,wearables,30509.92,0
SO-02181,2026-06-24,C-TOK-034,Shenzhen DC,Shenzhen,CN,Tokyo,JP,266,922.05,sea,cases,39450.77,0
SO-02535,2026-06-24,C-SEO-030,Shenzhen DC,Shenzhen,CN,Seoul,KR,278,1036.23,sea,cables,35927.44,0
SO-02886,2026-06-24,C-SIN-031,Shenzhen DC,Shenzhen,CN,Singapore,SG,375,1296.08,sea,audio,28096.87,0
SO-04266,2026-06-24,C-NEW-024,Memphis DC,Memphis,US,New York City,US,212,656.29,road,cases,20757.13,0
SO-04616,2026-06-24,C-CHI-034,Memphis DC,Memphis,US,Chicago,US,333,947.69,road,storage,31014.83,0
SO-04711,2026-06-24,C-CHI-020,Memphis DC,Memphis,US,Chicago,US,59,135.57,road,cables,42253.96,0
SO-04953,2026-06-24,C-LOS-036,Memphis DC,Memphis,US,Los Angeles,US,310,1132.09,road,audio,23645.4,0
SO-05974,2026-06-24,C-BOG-039,Memphis DC,Memphis,US,Bogota,CO,333,837.63,air,audio,21461.78,0
SO-06194,2026-06-24,C-SAN-038,Memphis DC,Memphis,US,Santiago,CL,293,1086.69,sea,audio,14666.54,0
SO-06771,2026-06-24,C-CAI-027,Dubai DC,Dubai,AE,Cairo,EG,247,981.41,sea,chargers,24069.78,0
SO-00696,2026-06-25,C-BER-023,Rotterdam DC,Rotterdam,NL,Berlin,DE,411,1639.78,road,storage,26902.85,0
SO-01521,2026-06-25,C-MIL-009,Rotterdam DC,Rotterdam,NL,Milan,IT,392,994.15,road,wearables,13993.56,0
SO-01797,2026-06-25,C-STO-008,Rotterdam DC,Rotterdam,NL,Stockholm,SE,431,1000.47,road,audio,27707.85,0
SO-02576,2026-06-25,C-SEO-030,Shenzhen DC,Shenzhen,CN,Seoul,KR,304,1114.13,sea,cases,32796.13,0
SO-03059,2026-06-25,C-BAN-015,Shenzhen DC,Shenzhen,CN,Bangkok,TH,328,1239.87,sea,storage,31201.86,0
SO-03542,2026-06-25,C-MUM-022,Shenzhen DC,Shenzhen,CN,Mumbai,IN,351,1114.56,sea,cases,30903.69,0
SO-03957,2026-06-25,C-AUC-030,Rotterdam DC,Rotterdam,NL,Auckland,NZ,184,488.03,air,cases,21416.39,0
SO-04142,2026-06-25,C-NEW-008,Memphis DC,Memphis,US,New York City,US,525,1127.19,road,chargers,16954.15,1
SO-04409,2026-06-25,C-NEW-037,Memphis DC,Memphis,US,New York City,US,842,1567.57,road,chargers,22530.05,1
SO-04548,2026-06-25,C-CHI-034,Memphis DC,Memphis,US,Chicago,US,432,1634.56,road,storage,27774.27,0
SO-05150,2026-06-25,C-LOS-039,Memphis DC,Memphis,US,Los Angeles,US,347,1265.49,road,storage,27638.27,0
SO-05466,2026-06-25,C-TOR-025,Memphis DC,Memphis,US,Toronto,CA,317,912.96,road,audio,26209.12,0
SO-06348,2026-06-25,C-BUE-001,Memphis DC,Memphis,US,Buenos Aires,AR,158,394.62,sea,wearables,27716.43,0
SO-06354,2026-06-25,C-BUE-002,Memphis DC,Memphis,US,Buenos Aires,AR,407,808.98,sea,cables,17839.24,0
SO-06642,2026-06-25,C-CAI-023,Dubai DC,Dubai,AE,Cairo,EG,449,1060.91,sea,wearables,16599.91,0
SO-07328,2026-06-25,C-KAR-034,Dubai DC,Dubai,AE,Karachi,PK,962,1732.38,sea,cases,24398.27,1
SO-00230,2026-06-26,C-LON-020,Rotterdam DC,Rotterdam,NL,London,GB,274,989.88,road,wearables,17043.73,1
SO-01458,2026-06-26,C-MIL-031,Rotterdam DC,Rotterdam,NL,Milan,IT,502,1890.12,road,chargers,36125.67,0
SO-01578,2026-06-26,C-MIL-018,Rotterdam DC,Rotterdam,NL,Milan,IT,423,1389.84,road,wearables,31358.68,0
SO-02084,2026-06-26,C-TOK-012,Shenzhen DC,Shenzhen,CN,Tokyo,JP,343,893.04,sea,cases,27093.04,0
SO-02608,2026-06-26,C-SEO-032,Shenzhen DC,Shenzhen,CN,Seoul,KR,440,1658.65,sea,cases,23507.17,0
SO-02798,2026-06-26,C-SIN-001,Shenzhen DC,Shenzhen,CN,Singapore,SG,386,1273.76,sea,chargers,16789.1,0
SO-03379,2026-06-26,C-MAN-025,Shenzhen DC,Shenzhen,CN,Manila,PH,530,1360.37,sea,cases,29458.8,0
SO-04573,2026-06-26,C-CHI-023,Memphis DC,Memphis,US,Chicago,US,387,1334.14,road,audio,18396.04,0
SO-04673,2026-06-26,C-CHI-020,Memphis DC,Memphis,US,Chicago,US,435,1175.75,road,cables,28060.98,0
SO-05385,2026-06-26,C-TOR-022,Memphis DC,Memphis,US,Toronto,CA,452,1163.25,road,cables,35485.89,0
SO-05672,2026-06-26,C-MEX-030,Memphis DC,Memphis,US,Mexico City,MX,379,1383.51,road,chargers,21016.58,0
SO-06003,2026-06-26,C-BOG-030,Memphis DC,Memphis,US,Bogota,CO,312,580.44,air,cables,19620.1,0
SO-06093,2026-06-26,C-BOG-005,Memphis DC,Memphis,US,Bogota,CO,300,674.29,air,cables,27548.28,0
SO-06191,2026-06-26,C-SAN-010,Memphis DC,Memphis,US,Santiago,CL,671,1485.8,sea,chargers,10617.74,0
SO-06578,2026-06-26,C-RIY-015,Dubai DC,Dubai,AE,Riyadh,SA,323,1291.18,road,wearables,31115.67,0
SO-06774,2026-06-26,C-CAI-016,Dubai DC,Dubai,AE,Cairo,EG,350,1101.39,sea,chargers,2768.13,0
SO-07176,2026-06-26,C-JOH-006,Dubai DC,Dubai,AE,Johannesburg,ZA,387,1280.49,sea,cables,27442.03,1
SO-07288,2026-06-26,C-KAR-024,Dubai DC,Dubai,AE,Karachi,PK,585,1939.29,sea,storage,25476.83,0
SO-07333,2026-06-26,C-KAR-020,Dubai DC,Dubai,AE,Karachi,PK,493,1231.83,sea,audio,35298.94,1
SO-07335,2026-06-26,C-KAR-015,Dubai DC,Dubai,AE,Karachi,PK,446,1222.37,sea,cables,24102.48,0
SO-00444,2026-06-27,C-BER-030,Rotterdam DC,Rotterdam,NL,Berlin,DE,225,863.46,road,audio,30812.68,1
SO-01017,2026-06-27,C-PAR-011,Rotterdam DC,Rotterdam,NL,Paris,FR,597,1602.37,road,storage,23915.04,0
SO-01685,2026-06-27,C-WAR-012,Rotterdam DC,Rotterdam,NL,Warsaw,PL,223,771.57,road,wearables,27060.52,0
SO-01764,2026-06-27,C-WAR-031,Rotterdam DC,Rotterdam,NL,Warsaw,PL,706,1819.7,road,cables,37149.11,0
SO-02431,2026-06-27,C-SEO-026,Shenzhen DC,Shenzhen,CN,Seoul,KR,1,0.5,sea,audio,21309.02,0
SO-02634,2026-06-27,C-SEO-003,Shenzhen DC,Shenzhen,CN,Seoul,KR,334,1032.35,sea,chargers,27552.25,0
SO-04151,2026-06-27,C-NEW-021,Memphis DC,Memphis,US,New York City,US,285,1017.31,road,audio,30088.35,0
SO-04404,2026-06-27,C-NEW-006,Memphis DC,Memphis,US,New York City,US,300,1110.65,road,cases,22838.25,0
SO-04422,2026-06-27,C-NEW-010,Memphis DC,Memphis,US,New York City,US,385,1154.48,road,chargers,36699.06,0
SO-04628,2026-06-27,C-CHI-006,Memphis DC,Memphis,US,Chicago,US,354,1413.06,road,cases,26664.3,0
SO-04634,2026-06-27,C-CHI-010,Memphis DC,Memphis,US,Chicago,US,614,1948.92,road,wearables,47041.94,0
SO-05280,2026-06-27,C-LOS-035,Memphis DC,Memphis,US,Los Angeles,US,361,920.59,road,wearables,33032.48,0
SO-06102,2026-06-27,C-SAN-009,Memphis DC,Memphis,US,Santiago,CL,572,1943.77,sea,chargers,15565.67,0
SO-06145,2026-06-27,C-SAN-007,Memphis DC,Memphis,US,Santiago,CL,1068,2072.11,sea,chargers,16079.33,0
SO-06749,2026-06-27,C-CAI-021,Dubai DC,Dubai,AE,Cairo,EG,334,1095.75,sea,audio,23022.16,0
SO-06751,2026-06-27,C-CAI-035,Dubai DC,Dubai,AE,Cairo,EG,340,745.56,sea,storage,22921.87,0
SO-06785,2026-06-27,C-CAI-012,Dubai DC,Dubai,AE,Cairo,EG,272,628.24,sea,audio,25220.52,0
SO-07323,2026-06-27,C-KAR-030,Dubai DC,Dubai,AE,Karachi,PK,434,1478.17,sea,storage,28062.05,0
SO-07380,2026-06-27,C-KAR-005,Dubai DC,Dubai,AE,Karachi,PK,928,1299.29,sea,chargers,19357.88,0
SO-00465,2026-06-28,C-BER-015,Rotterdam DC,Rotterdam,NL,Berlin,DE,853,1333.08,road,chargers,18677.59,0
SO-00544,2026-06-28,C-BER-011,Rotterdam DC,Rotterdam,NL,Berlin,DE,341,745.46,road,cables,26447.64,0
SO-01046,2026-06-28,C-PAR-021,Rotterdam DC,Rotterdam,NL,Paris,FR,714,1229.01,road,audio,33303.49,0
SO-01158,2026-06-28,C-MAD-014,Rotterdam DC,Rotterdam,NL,Madrid,ES,699,1536.16,road,cables,33337.37,0
SO-01805,2026-06-28,C-STO-037,Rotterdam DC,Rotterdam,NL,Stockholm,SE,359,1377.38,road,wearables,12711.77,0
SO-02073,2026-06-28,C-TOK-016,Shenzhen DC,Shenzhen,CN,Tokyo,JP,184,608.98,sea,wearables,59246.49,0
SO-02313,2026-06-28,C-TOK-028,Shenzhen DC,Shenzhen,CN,Tokyo,JP,523,1292.0,sea,cases,16529.97,0
SO-02794,2026-06-28,C-SIN-032,Shenzhen DC,Shenzhen,CN,Singapore,SG,583,953.31,sea,wearables,40995.84,0
SO-03135,2026-06-28,C-BAN-030,Shenzhen DC,Shenzhen,CN,Bangkok,TH,543,1768.41,sea,audio,31244.3,0
SO-03640,2026-06-28,C-MUM-037,Shenzhen DC,Shenzhen,CN,Mumbai,IN,679,1559.38,sea,audio,33081.47,0
SO-03753,2026-06-28,C-SYD-022,Rotterdam DC,Rotterdam,NL,Sydney,AU,268,891.06,air,storage,34725.39,0
SO-04333,2026-06-28,C-NEW-012,Memphis DC,Memphis,US,New York City,US,646,1072.8,road,audio,18320.36,0
SO-04469,2026-06-28,C-NEW-012,Memphis DC,Memphis,US,New York City,US,47,140.63,road,chargers,34810.77,0
SO-04870,2026-06-28,C-CHI-010,Memphis DC,Memphis,US,Chicago,US,273,741.39,road,chargers,28579.15,0
SO-05131,2026-06-28,C-LOS-003,Memphis DC,Memphis,US,Los Angeles,US,261,980.93,road,storage,14872.87,0
SO-05362,2026-06-28,C-TOR-030,Memphis DC,Memphis,US,Toronto,CA,319,679.91,road,chargers,33073.73,0
SO-05404,2026-06-28,C-TOR-033,Memphis DC,Memphis,US,Toronto,CA,269,862.09,road,storage,27615.51,0
SO-05437,2026-06-28,C-TOR-039,Memphis DC,Memphis,US,Toronto,CA,681,1162.75,road,wearables,22553.82,0
SO-05735,2026-06-28,C-MEX-037,Memphis DC,Memphis,US,Mexico City,MX,552,1193.9,road,audio,31132.56,0
SO-00173,2026-06-29,C-LON-012,Rotterdam DC,Rotterdam,NL,London,GB,543,1409.09,road,storage,15420.39,0
SO-00263,2026-06-29,C-LON-008,Rotterdam DC,Rotterdam,NL,London,GB,1078,1612.91,road,storage,28854.61,0
SO-00536,2026-06-29,C-BER-024,Rotterdam DC,Rotterdam,NL,Berlin,DE,502,1824.37,road,wearables,35767.9,0
SO-00732,2026-06-29,C-BER-024,Rotterdam DC,Rotterdam,NL,Berlin,DE,275,986.03,road,cables,27372.59,0
SO-00866,2026-06-29,C-PAR-005,Rotterdam DC,Rotterdam,NL,Paris,FR,278,390.04,road,audio,35435.41,0
SO-01205,2026-06-29,C-MAD-011,Rotterdam DC,Rotterdam,NL,Madrid,ES,183,690.52,road,cases,48119.65,0
SO-01768,2026-06-29,C-WAR-036,Rotterdam DC,Rotterdam,NL,Warsaw,PL,395,1550.22,road,audio,14251.16,0
SO-02128,2026-06-29,C-TOK-032,Shenzhen DC,Shenzhen,CN,Tokyo,JP,399,1393.93,sea,audio,26474.8,0
SO-02887,2026-06-29,C-SIN-003,Shenzhen DC,Shenzhen,CN,Singapore,SG,467,898.41,sea,cases,12863.54,0
SO-03386,2026-06-29,C-MAN-037,Shenzhen DC,Shenzhen,CN,Manila,PH,394,1241.46,sea,chargers,28862.99,0
SO-03421,2026-06-29,C-MAN-002,Shenzhen DC,Shenzhen,CN,Manila,PH,884,1248.58,sea,wearables,24224.77,0
SO-04125,2026-06-29,C-NEW-002,Memphis DC,Memphis,US,New York City,US,336,926.78,road,wearables,14462.41,0
SO-04595,2026-06-29,C-CHI-034,Memphis DC,Memphis,US,Chicago,US,324,1248.45,road,cables,36052.98,0
SO-05323,2026-06-29,C-TOR-003,Memphis DC,Memphis,US,Toronto,CA,407,1054.25,road,cables,35976.39,0
SO-05334,2026-06-29,C-TOR-019,Memphis DC,Memphis,US,Toronto,CA,646,1316.14,road,cases,27419.95,0
SO-05667,2026-06-29,C-MEX-031,Memphis DC,Memphis,US,Mexico City,MX,912,1922.06,road,cables,18108.08,1
SO-07368,2026-06-29,C-KAR-010,Dubai DC,Dubai,AE,Karachi,PK,244,954.54,sea,wearables,10379.72,0
SO-00685,2026-06-30,C-BER-012,Rotterdam DC,Rotterdam,NL,Berlin,DE,590,1924.9,road,cases,28146.34,0
SO-00769,2026-06-30,C-PAR-002,Rotterdam DC,Rotterdam,NL,Paris,FR,294,1167.86,road,chargers,34003.18,0
SO-00854,2026-06-30,C-PAR-016,Rotterdam DC,Rotterdam,NL,Paris,FR,623,1586.38,road,audio,27304.89,0
SO-01896,2026-06-30,C-STO-021,Rotterdam DC,Rotterdam,NL,Stockholm,SE,165,648.02,road,cases,20204.07,0
SO-01955,2026-06-30,C-DUB-001,Rotterdam DC,Rotterdam,NL,Dublin,IE,72,213.25,air,storage,17827.29,0
SO-02019,2026-06-30,C-DUB-035,Rotterdam DC,Rotterdam,NL,Dublin,IE,261,999.91,air,storage,14425.73,0
SO-02218,2026-06-30,C-TOK-013,Shenzhen DC,Shenzhen,CN,Tokyo,JP,310,1163.78,sea,cases,44920.38,0
SO-02269,2026-06-30,C-TOK-038,Shenzhen DC,Shenzhen,CN,Tokyo,JP,334,758.61,sea,chargers,39561.73,0
SO-03043,2026-06-30,C-BAN-022,Shenzhen DC,Shenzhen,CN,Bangkok,TH,324,1244.92,sea,audio,17792.08,0
SO-03581,2026-06-30,C-MUM-013,Shenzhen DC,Shenzhen,CN,Mumbai,IN,438,1072.42,sea,storage,15713.34,0
SO-03682,2026-06-30,C-MUM-018,Shenzhen DC,Shenzhen,CN,Mumbai,IN,358,1091.69,sea,storage,26609.55,0
SO-03829,2026-06-30,C-SYD-004,Rotterdam DC,Rotterdam,NL,Sydney,AU,15,23.55,air,cases,23835.08,0
SO-04013,2026-06-30,C-AUC-037,Rotterdam DC,Rotterdam,NL,Auckland,NZ,251,520.52,air,audio,30038.87,0
SO-05119,2026-06-30,C-LOS-025,Memphis DC,Memphis,US,Los Angeles,US,235,670.84,road,cases,24281.03,0
SO-05587,2026-06-30,C-MEX-006,Memphis DC,Memphis,US,Mexico City,MX,253,688.22,road,audio,25830.05,0
SO-06438,2026-06-30,C-RIY-024,Dubai DC,Dubai,AE,Riyadh,SA,860,1479.45,road,storage,30886.52,0
SO-06579,2026-06-30,C-RIY-010,Dubai DC,Dubai,AE,Riyadh,SA,432,1284.07,road,cables,28686.95,0
SO-00466,2026-07-01,C-BER-031,Rotterdam DC,Rotterdam,NL,Berlin,DE,645,1314.24,road,audio,28008.95,0
SO-01138,2026-07-01,C-MAD-007,Rotterdam DC,Rotterdam,NL,Madrid,ES,673,1881.36,road,storage,29755.45,0
SO-01149,2026-07-01,C-MAD-011,Rotterdam DC,Rotterdam,NL,Madrid,ES,557,1765.58,road,chargers,34257.98,0
SO-01309,2026-07-01,C-MAD-010,Rotterdam DC,Rotterdam,NL,Madrid,ES,656,1170.72,road,cables,31329.41,0
SO-01617,2026-07-01,C-WAR-016,Rotterdam DC,Rotterdam,NL,Warsaw,PL,860,1506.35,road,storage,24838.04,0
SO-01757,2026-07-01,C-WAR-004,Rotterdam DC,Rotterdam,NL,Warsaw,PL,707,1198.76,road,cases,37304.73,0
SO-02182,2026-07-01,C-TOK-014,Shenzhen DC,Shenzhen,CN,Tokyo,JP,214,689.83,sea,storage,43559.95,0
SO-02666,2026-07-01,C-SIN-009,Shenzhen DC,Shenzhen,CN,Singapore,SG,310,1226.1,sea,wearables,31463.5,0
SO-02717,2026-07-01,C-SIN-027,Shenzhen DC,Shenzhen,CN,Singapore,SG,727,1033.81,sea,audio,24788.74,0
SO-02944,2026-07-01,C-SIN-039,Shenzhen DC,Shenzhen,CN,Singapore,SG,355,1217.72,sea,cases,28474.47,0
SO-03155,2026-07-01,C-BAN-014,Shenzhen DC,Shenzhen,CN,Bangkok,TH,1479,2363.3,sea,cases,31545.93,0
SO-03257,2026-07-01,C-JAK-014,Shenzhen DC,Shenzhen,CN,Jakarta,ID,524,1749.39,sea,cases,26241.03,0
SO-03343,2026-07-01,C-MAN-037,Shenzhen DC,Shenzhen,CN,Manila,PH,289,988.26,sea,cables,23570.94,0
SO-03344,2026-07-01,C-MAN-017,Shenzhen DC,Shenzhen,CN,Manila,PH,611,1573.4,sea,chargers,33012.57,1
SO-03374,2026-07-01,C-MAN-035,Shenzhen DC,Shenzhen,CN,Manila,PH,552,1257.2,sea,cables,21993.31,0
SO-03464,2026-07-01,C-MAN-015,Shenzhen DC,Shenzhen,CN,Manila,PH,270,720.12,sea,audio,30317.86,0
SO-03561,2026-07-01,C-MUM-007,Shenzhen DC,Shenzhen,CN,Mumbai,IN,666,1970.35,sea,storage,25146.83,0
SO-04284,2026-07-01,C-NEW-017,Memphis DC,Memphis,US,New York City,US,256,536.18,road,cables,30545.38,0
SO-04371,2026-07-01,C-NEW-039,Memphis DC,Memphis,US,New York City,US,437,1434.37,road,cases,27983.91,0
SO-04601,2026-07-01,C-CHI-008,Memphis DC,Memphis,US,Chicago,US,341,1337.73,road,chargers,26296.68,0
SO-04680,2026-07-01,C-CHI-027,Memphis DC,Memphis,US,Chicago,US,542,1623.14,road,wearables,33591.45,0
SO-04942,2026-07-01,C-LOS-037,Memphis DC,Memphis,US,Los Angeles,US,400,707.29,road,cables,23337.6,0
SO-05023,2026-07-01,C-LOS-006,Memphis DC,Memphis,US,Los Angeles,US,651,1350.22,road,audio,20829.01,0
SO-05188,2026-07-01,C-LOS-032,Memphis DC,Memphis,US,Los Angeles,US,450,648.54,road,audio,27367.38,0
SO-05470,2026-07-01,C-TOR-007,Memphis DC,Memphis,US,Toronto,CA,377,1030.75,road,chargers,38351.52,0
SO-05661,2026-07-01,C-MEX-024,Memphis DC,Memphis,US,Mexico City,MX,186,658.22,road,cases,13928.84,1
SO-06666,2026-07-01,C-CAI-002,Dubai DC,Dubai,AE,Cairo,EG,597,1605.24,sea,storage,16996.26,0
SO-06833,2026-07-01,C-NAI-006,Dubai DC,Dubai,AE,Nairobi,KE,236,535.47,air,chargers,17006.9,0
SO-00473,2026-07-02,C-BER-016,Rotterdam DC,Rotterdam,NL,Berlin,DE,140,397.77,road,audio,30533.0,1
SO-00561,2026-07-02,C-BER-022,Rotterdam DC,Rotterdam,NL,Berlin,DE,919,1557.78,road,chargers,9652.55,0
SO-01142,2026-07-02,C-MAD-006,Rotterdam DC,Rotterdam,NL,Madrid,ES,241,744.17,road,cases,32420.17,0
SO-01840,2026-07-02,C-STO-012,Rotterdam DC,Rotterdam,NL,Stockholm,SE,479,966.67,road,wearables,18666.55,1
SO-02236,2026-07-02,C-TOK-028,Shenzhen DC,Shenzhen,CN,Tokyo,JP,629,1324.91,sea,cables,36001.23,0
SO-02417,2026-07-02,C-SEO-011,Shenzhen DC,Shenzhen,CN,Seoul,KR,292,1004.11,sea,cases,35866.26,0
SO-03689,2026-07-02,C-MUM-027,Shenzhen DC,Shenzhen,CN,Mumbai,IN,480,1265.47,sea,chargers,24835.78,0
SO-03764,2026-07-02,C-SYD-033,Rotterdam DC,Rotterdam,NL,Sydney,AU,455,1143.13,air,cables,32971.24,0
SO-03849,2026-07-02,C-SYD-019,Rotterdam DC,Rotterdam,NL,Sydney,AU,323,679.81,air,cases,27810.49,0
SO-03891,2026-07-02,C-SYD-009,Rotterdam DC,Rotterdam,NL,Sydney,AU,267,1037.35,air,audio,59698.18,0
SO-04495,2026-07-02,C-NEW-034,Memphis DC,Memphis,US,New York City,US,651,1056.72,road,cables,16605.89,0
SO-05186,2026-07-02,C-LOS-019,Memphis DC,Memphis,US,Los Angeles,US,415,1175.43,road,chargers,31522.85,0
SO-05208,2026-07-02,C-LOS-029,Memphis DC,Memphis,US,Los Angeles,US,351,896.46,road,cases,21501.14,0
SO-05888,2026-07-02,C-SAO-024,Memphis DC,Memphis,US,Sao Paulo,BR,1069,1635.68,sea,wearables,28873.62,1
SO-06043,2026-07-02,C-BOG-026,Memphis DC,Memphis,US,Bogota,CO,192,722.39,air,cases,21394.09,0
SO-06082,2026-07-02,C-BOG-027,Memphis DC,Memphis,US,Bogota,CO,293,765.06,air,storage,16269.98,0
SO-06101,2026-07-02,C-SAN-029,Memphis DC,Memphis,US,Santiago,CL,837,1543.62,sea,wearables,18030.17,0
SO-06134,2026-07-02,C-SAN-005,Memphis DC,Memphis,US,Santiago,CL,399,1540.54,sea,audio,22586.07,0
SO-06333,2026-07-02,C-BUE-014,Memphis DC,Memphis,US,Buenos Aires,AR,641,1692.38,sea,audio,26527.46,1
SO-06813,2026-07-02,C-NAI-034,Dubai DC,Dubai,AE,Nairobi,KE,240,922.43,air,cables,20044.55,0
SO-07101,2026-07-02,C-JOH-023,Dubai DC,Dubai,AE,Johannesburg,ZA,862,2019.88,sea,chargers,23108.45,0
SO-07144,2026-07-02,C-JOH-022,Dubai DC,Dubai,AE,Johannesburg,ZA,1200,1763.64,sea,storage,21628.27,0
SO-00051,2026-07-03,C-LON-014,Rotterdam DC,Rotterdam,NL,London,GB,168,549.75,road,wearables,44243.95,0
SO-00068,2026-07-03,C-LON-033,Rotterdam DC,Rotterdam,NL,London,GB,1080,1927.83,road,cases,24712.85,0
SO-00589,2026-07-03,C-BER-038,Rotterdam DC,Rotterdam,NL,Berlin,DE,827,1403.21,road,cables,42521.61,0
SO-00781,2026-07-03,C-PAR-002,Rotterdam DC,Rotterdam,NL,Paris,FR,285,1014.74,road,audio,33986.64,0
SO-00997,2026-07-03,C-PAR-030,Rotterdam DC,Rotterdam,NL,Paris,FR,599,1241.85,road,chargers,14734.24,0
SO-02273,2026-07-03,C-TOK-027,Shenzhen DC,Shenzhen,CN,Tokyo,JP,341,883.79,sea,wearables,24550.21,0
SO-02916,2026-07-03,C-SIN-002,Shenzhen DC,Shenzhen,CN,Singapore,SG,609,1466.72,sea,cases,28516.02,0
SO-03325,2026-07-03,C-JAK-032,Shenzhen DC,Shenzhen,CN,Jakarta,ID,393,1145.67,sea,chargers,46268.9,1
SO-03538,2026-07-03,C-MUM-025,Shenzhen DC,Shenzhen,CN,Mumbai,IN,330,534.8,sea,wearables,19824.41,0
SO-03544,2026-07-03,C-MUM-004,Shenzhen DC,Shenzhen,CN,Mumbai,IN,668,1539.08,sea,cases,28784.28,0
SO-03810,2026-07-03,C-SYD-009,Rotterdam DC,Rotterdam,NL,Sydney,AU,206,611.29,air,audio,14098.05,0
SO-03868,2026-07-03,C-SYD-036,Rotterdam DC,Rotterdam,NL,Sydney,AU,330,687.76,air,audio,31455.77,0
SO-03983,2026-07-03,C-AUC-007,Rotterdam DC,Rotterdam,NL,Auckland,NZ,237,595.67,air,wearables,38719.69,0
SO-03991,2026-07-03,C-AUC-024,Rotterdam DC,Rotterdam,NL,Auckland,NZ,191,647.64,air,storage,23014.33,0
SO-05833,2026-07-03,C-SAO-034,Memphis DC,Memphis,US,Sao Paulo,BR,840,1616.65,sea,storage,32118.71,0
SO-06103,2026-07-03,C-SAN-033,Memphis DC,Memphis,US,Santiago,CL,858,1509.95,sea,wearables,24570.71,0
SO-06187,2026-07-03,C-SAN-020,Memphis DC,Memphis,US,Santiago,CL,539,1823.96,sea,cases,15701.4,0
SO-06888,2026-07-03,C-NAI-016,Dubai DC,Dubai,AE,Nairobi,KE,118,370.04,air,chargers,15033.38,0
SO-06980,2026-07-03,C-LAG-015,Dubai DC,Dubai,AE,Lagos,NG,275,1029.82,air,cases,25524.33,1
SO-07203,2026-07-03,C-JOH-032,Dubai DC,Dubai,AE,Johannesburg,ZA,291,1058.43,sea,audio,33220.17,0
SO-00192,2026-07-04,C-LON-003,Rotterdam DC,Rotterdam,NL,London,GB,398,1574.95,road,chargers,25110.17,0
SO-00283,2026-07-04,C-LON-010,Rotterdam DC,Rotterdam,NL,London,GB,585,1615.67,road,cables,22835.19,0
SO-00305,2026-07-04,C-LON-001,Rotterdam DC,Rotterdam,NL,London,GB,518,1700.63,road,chargers,36225.84,0
SO-00560,2026-07-04,C-BER-019,Rotterdam DC,Rotterdam,NL,Berlin,DE,390,711.52,road,chargers,29054.65,0
SO-00688,2026-07-04,C-BER-018,Rotterdam DC,Rotterdam,NL,Berlin,DE,791,1167.27,road,wearables,20026.85,0
SO-01446,2026-07-04,C-MIL-019,Rotterdam DC,Rotterdam,NL,Milan,IT,827,2161.84,road,audio,18562.81,0
SO-01451,2026-07-04,C-MIL-008,Rotterdam DC,Rotterdam,NL,Milan,IT,363,1341.13,road,wearables,25295.9,0
SO-01864,2026-07-04,C-STO-003,Rotterdam DC,Rotterdam,NL,Stockholm,SE,567,1167.33,road,storage,20954.15,0
SO-01956,2026-07-04,C-DUB-002,Rotterdam DC,Rotterdam,NL,Dublin,IE,218,559.65,air,storage,27948.92,0
SO-02399,2026-07-04,C-SEO-001,Shenzhen DC,Shenzhen,CN,Seoul,KR,372,928.57,sea,cables,31198.8,0
SO-02599,2026-07-04,C-SEO-010,Shenzhen DC,Shenzhen,CN,Seoul,KR,460,788.48,sea,cables,43718.0,0
SO-02715,2026-07-04,C-SIN-019,Shenzhen DC,Shenzhen,CN,Singapore,SG,260,828.61,sea,cases,26721.08,0
SO-03560,2026-07-04,C-MUM-001,Shenzhen DC,Shenzhen,CN,Mumbai,IN,682,1535.49,sea,audio,28463.23,0
SO-04081,2026-07-04,C-NEW-020,Memphis DC,Memphis,US,New York City,US,208,689.79,road,audio,17213.81,0
SO-04098,2026-07-04,C-NEW-011,Memphis DC,Memphis,US,New York City,US,376,1128.92,road,cables,30045.11,0
SO-04503,2026-07-04,C-NEW-018,Memphis DC,Memphis,US,New York City,US,260,826.86,road,chargers,31294.3,0
SO-04668,2026-07-04,C-CHI-033,Memphis DC,Memphis,US,Chicago,US,1,0.5,road,audio,24118.81,0
SO-04724,2026-07-04,C-CHI-018,Memphis DC,Memphis,US,Chicago,US,387,1190.24,road,wearables,32337.48,0
SO-05488,2026-07-04,C-TOR-035,Memphis DC,Memphis,US,Toronto,CA,362,1377.59,road,cables,21284.96,0
SO-05532,2026-07-04,C-TOR-018,Memphis DC,Memphis,US,Toronto,CA,174,487.16,road,chargers,19830.87,0
SO-06025,2026-07-04,C-BOG-037,Memphis DC,Memphis,US,Bogota,CO,146,357.86,air,cables,12637.45,0
SO-06218,2026-07-04,C-BUE-016,Memphis DC,Memphis,US,Buenos Aires,AR,496,1208.74,sea,storage,19601.56,0
SO-06236,2026-07-04,C-BUE-004,Memphis DC,Memphis,US,Buenos Aires,AR,264,585.85,sea,cables,25706.96,0
SO-06365,2026-07-04,C-BUE-037,Memphis DC,Memphis,US,Buenos Aires,AR,726,1104.5,sea,cables,29233.24,0
SO-06620,2026-07-04,C-CAI-032,Dubai DC,Dubai,AE,Cairo,EG,419,1313.83,sea,cases,16149.09,0
SO-06881,2026-07-04,C-NAI-008,Dubai DC,Dubai,AE,Nairobi,KE,289,822.63,air,audio,14782.39,0
SO-07031,2026-07-04,C-LAG-037,Dubai DC,Dubai,AE,Lagos,NG,130,368.21,air,cases,18534.33,0
SO-07244,2026-07-04,C-KAR-007,Dubai DC,Dubai,AE,Karachi,PK,366,997.39,sea,wearables,24627.91,0
SO-00166,2026-07-05,C-LON-018,Rotterdam DC,Rotterdam,NL,London,GB,624,1435.21,road,storage,29233.82,0
SO-00706,2026-07-05,C-BER-011,Rotterdam DC,Rotterdam,NL,Berlin,DE,405,955.05,road,audio,33232.99,0
SO-01779,2026-07-05,C-WAR-013,Rotterdam DC,Rotterdam,NL,Warsaw,PL,539,1297.65,road,cases,17508.34,0
SO-01787,2026-07-05,C-STO-027,Rotterdam DC,Rotterdam,NL,Stockholm,SE,253,792.05,road,wearables,15552.14,0
SO-02099,2026-07-05,C-TOK-034,Shenzhen DC,Shenzhen,CN,Tokyo,JP,592,863.94,sea,storage,37601.95,0
SO-02405,2026-07-05,C-SEO-020,Shenzhen DC,Shenzhen,CN,Seoul,KR,445,1041.76,sea,cables,29425.72,0
SO-02468,2026-07-05,C-SEO-037,Shenzhen DC,Shenzhen,CN,Seoul,KR,702,1700.29,sea,storage,46349.95,0
SO-02697,2026-07-05,C-SIN-030,Shenzhen DC,Shenzhen,CN,Singapore,SG,377,972.77,sea,cables,40,0
SO-02826,2026-07-05,C-SIN-027,Shenzhen DC,Shenzhen,CN,Singapore,SG,996,1635.86,sea,storage,36194.4,0
SO-03673,2026-07-05,C-MUM-031,Shenzhen DC,Shenzhen,CN,Mumbai,IN,283,441.76,sea,storage,23774.04,0
SO-03778,2026-07-05,C-SYD-029,Rotterdam DC,Rotterdam,NL,Sydney,AU,325,1036.99,air,cables,32957.09,0
SO-04964,2026-07-05,C-LOS-003,Memphis DC,Memphis,US,Los Angeles,US,298,753.57,road,storage,19107.53,0
SO-05498,2026-07-05,C-TOR-032,Memphis DC,Memphis,US,Toronto,CA,418,794.65,road,chargers,23534.4,0
SO-05721,2026-07-05,C-MEX-003,Memphis DC,Memphis,US,Mexico City,MX,604,1692.0,road,wearables,21477.73,0
SO-05786,2026-07-05,C-SAO-026,Memphis DC,Memphis,US,Sao Paulo,BR,1074,1789.97,sea,audio,13219.3,0
SO-05852,2026-07-05,C-SAO-010,Memphis DC,Memphis,US,Sao Paulo,BR,447,1401.04,sea,storage,21897.52,0
SO-06108,2026-07-05,C-SAN-002,Memphis DC,Memphis,US,Santiago,CL,654,2185.0,sea,storage,21467.14,0
SO-06388,2026-07-05,C-RIY-012,Dubai DC,Dubai,AE,Riyadh,SA,421,685.25,road,cables,22724.92,0
SO-06420,2026-07-05,C-RIY-018,Dubai DC,Dubai,AE,Riyadh,SA,289,927.6,road,cables,20561.65,0
SO-07055,2026-07-05,C-LAG-030,Dubai DC,Dubai,AE,Lagos,NG,319,1079.01,air,chargers,14400.87,1
SO-07057,2026-07-05,C-LAG-001,Dubai DC,Dubai,AE,Lagos,NG,189,680.89,air,storage,19879.6,0
SO-07113,2026-07-05,C-JOH-027,Dubai DC,Dubai,AE,Johannesburg,ZA,580,1398.54,sea,storage,22715.33,0
SO-00061,2026-07-06,C-LON-036,Rotterdam DC,Rotterdam,NL,London,GB,474,1751.03,road,chargers,30988.6,0
SO-01034,2026-07-06,C-PAR-006,Rotterdam DC,Rotterdam,NL,Paris,FR,277,981.17,road,wearables,20293.1,0
SO-01295,2026-07-06,C-MAD-008,Rotterdam DC,Rotterdam,NL,Madrid,ES,41,154.91,road,storage,17835.84,0
SO-01323,2026-07-06,C-MAD-009,Rotterdam DC,Rotterdam,NL,Madrid,ES,16,54.38,road,storage,15021.98,0
SO-01376,2026-07-06,C-MIL-036,Rotterdam DC,Rotterdam,NL,Milan,IT,876,1591.13,road,audio,29709.85,0
SO-01436,2026-07-06,C-MIL-033,Rotterdam DC,Rotterdam,NL,Milan,IT,550,1426.35,road,storage,13946.35,0
SO-01587,2026-07-06,C-MIL-006,Rotterdam DC,Rotterdam,NL,Milan,IT,414,1626.08,road,cases,38923.78,0
SO-01809,2026-07-06,C-STO-037,Rotterdam DC,Rotterdam,NL,Stockholm,SE,188,716.86,road,audio,15483.4,0
SO-01962,2026-07-06,C-DUB-017,Rotterdam DC,Rotterdam,NL,Dublin,IE,149,541.36,air,audio,18959.75,0
SO-03186,2026-07-06,C-JAK-012,Shenzhen DC,Shenzhen,CN,Jakarta,ID,245,666.29,sea,wearables,23575.57,0
SO-03918,2026-07-06,C-SYD-036,Rotterdam DC,Rotterdam,NL,Sydney,AU,319,1024.46,air,storage,34525.42,0
SO-04398,2026-07-06,C-NEW-037,Memphis DC,Memphis,US,New York City,US,231,670.89,road,storage,41312.08,0
SO-04414,2026-07-06,C-NEW-013,Memphis DC,Memphis,US,New York City,US,164,636.31,road,cables,29274.3,0
SO-04932,2026-07-06,C-LOS-007,Memphis DC,Memphis,US,Los Angeles,US,501,1335.96,road,cables,24482.31,0
SO-05014,2026-07-06,C-LOS-015,Memphis DC,Memphis,US,Los Angeles,US,520,1438.89,road,wearables,17853.02,0
SO-06155,2026-07-06,C-SAN-023,Memphis DC,Memphis,US,Santiago,CL,486,1357.06,sea,audio,19358.71,0
SO-06940,2026-07-06,C-LAG-032,Dubai DC,Dubai,AE,Lagos,NG,437,1172.51,air,storage,15261.68,0
SO-07140,2026-07-06,C-JOH-033,Dubai DC,Dubai,AE,Johannesburg,ZA,375,691.35,sea,storage,22141.64,0
SO-00174,2026-07-07,C-LON-017,Rotterdam DC,Rotterdam,NL,London,GB,432,1363.52,road,storage,17925.32,0
SO-00468,2026-07-07,C-BER-031,Rotterdam DC,Rotterdam,NL,Berlin,DE,236,733.75,road,wearables,29363.09,0
SO-00836,2026-07-07,C-PAR-021,Rotterdam DC,Rotterdam,NL,Paris,FR,393,1318.88,road,cables,20476.28,0
SO-01182,2026-07-07,C-MAD-034,Rotterdam DC,Rotterdam,NL,Madrid,ES,375,1071.62,road,audio,44519.18,0
SO-01789,2026-07-07,C-STO-013,Rotterdam DC,Rotterdam,NL,Stockholm,SE,197,646.56,road,chargers,29332.6,0
SO-02322,2026-07-07,C-TOK-019,Shenzhen DC,Shenzhen,CN,Tokyo,JP,232,848.51,sea,audio,29422.67,0
SO-02455,2026-07-07,C-SEO-011,Shenzhen DC,Shenzhen,CN,Seoul,KR,338,1274.85,sea,chargers,28411.78,0
SO-02559,2026-07-07,C-SEO-028,Shenzhen DC,Shenzhen,CN,Seoul,KR,269,691.12,sea,storage,6929.25,0
SO-03207,2026-07-07,C-JAK-034,Shenzhen DC,Shenzhen,CN,Jakarta,ID,256,934.21,sea,audio,18738.68,0
SO-04141,2026-07-07,C-NEW-036,Memphis DC,Memphis,US,New York City,US,365,1152.58,road,wearables,33209.88,0
SO-04326,2026-07-07,C-NEW-024,Memphis DC,Memphis,US,New York City,US,884,1868.79,road,cables,31296.17,0
SO-04440,2026-07-07,C-NEW-018,Memphis DC,Memphis,US,New York City,US,280,866.91,road,storage,30553.53,0
SO-04629,2026-07-07,C-CHI-018,Memphis DC,Memphis,US,Chicago,US,258,981.33,road,wearables,35351.2,0
SO-04989,2026-07-07,C-LOS-031,Memphis DC,Memphis,US,Los Angeles,US,126,349.82,road,cases,14648.43,0
SO-05394,2026-07-07,C-TOR-007,Memphis DC,Memphis,US,Toronto,CA,402,1578.86,road,cables,38911.41,0
SO-05579,2026-07-07,C-MEX-019,Memphis DC,Memphis,US,Mexico City,MX,387,1486.95,road,cables,24817.05,0
SO-05732,2026-07-07,C-MEX-030,Memphis DC,Memphis,US,Mexico City,MX,388,1347.84,road,audio,9805.86,1
SO-06100,2026-07-07,C-SAN-035,Memphis DC,Memphis,US,Santiago,CL,413,1533.64,sea,audio,32539.27,0
SO-06286,2026-07-07,C-BUE-033,Memphis DC,Memphis,US,Buenos Aires,AR,663,938.21,sea,audio,27492.28,0
SO-06761,2026-07-07,C-CAI-010,Dubai DC,Dubai,AE,Cairo,EG,372,1253.22,sea,chargers,27800.36,0
SO-07291,2026-07-07,C-KAR-028,Dubai DC,Dubai,AE,Karachi,PK,916,1424.48,sea,cables,24246.68,0
SO-07394,2026-07-07,C-KAR-018,Dubai DC,Dubai,AE,Karachi,PK,278,856.35,sea,cases,8877.84,0
SO-00026,2026-07-08,C-LON-032,Rotterdam DC,Rotterdam,NL,London,GB,545,1630.15,road,audio,35557.78,0
SO-01352,2026-07-08,C-MAD-006,Rotterdam DC,Rotterdam,NL,Madrid,ES,382,904.05,road,wearables,28089.24,0
SO-01575,2026-07-08,C-MIL-003,Rotterdam DC,Rotterdam,NL,Milan,IT,552,1500.79,road,wearables,22275.0,0
SO-02060,2026-07-08,C-DUB-030,Rotterdam DC,Rotterdam,NL,Dublin,IE,99,240.72,air,audio,7294.37,0
SO-02325,2026-07-08,C-TOK-022,Shenzhen DC,Shenzhen,CN,Tokyo,JP,200,752.97,sea,cables,46340.19,0
SO-02373,2026-07-08,C-TOK-015,Shenzhen DC,Shenzhen,CN,Tokyo,JP,487,1161.27,sea,wearables,37876.92,0
SO-02530,2026-07-08,C-SEO-004,Shenzhen DC,Shenzhen,CN,Seoul,KR,197,748.02,sea,chargers,48877.8,0
SO-02731,2026-07-08,C-SIN-006,Shenzhen DC,Shenzhen,CN,Singapore,SG,606,1086.52,sea,wearables,38913.1,0
SO-03170,2026-07-08,C-JAK-033,Shenzhen DC,Shenzhen,CN,Jakarta,ID,515,1548.47,sea,audio,25252.64,0
SO-03725,2026-07-08,C-MUM-020,Shenzhen DC,Shenzhen,CN,Mumbai,IN,231,704.26,sea,cables,15185.11,0
SO-04131,2026-07-08,C-NEW-020,Memphis DC,Memphis,US,New York City,US,669,1057.45,road,storage,11900.58,0
SO-04311,2026-07-08,C-NEW-018,Memphis DC,Memphis,US,New York City,US,493,969.68,road,chargers,28759.95,0
SO-04652,2026-07-08,C-CHI-029,Memphis DC,Memphis,US,Chicago,US,275,1072.6,road,audio,21690.37,0
SO-05058,2026-07-08,C-LOS-036,Memphis DC,Memphis,US,Los Angeles,US,721,1107.23,road,audio,25353.11,0
SO-05193,2026-07-08,C-LOS-026,Memphis DC,Memphis,US,Los Angeles,US,725,1574.93,road,cables,32976.38,0
SO-05205,2026-07-08,C-LOS-031,Memphis DC,Memphis,US,Los Angeles,US,196,740.75,road,cables,23777.49,0
SO-05538,2026-07-08,C-TOR-038,Memphis DC,Memphis,US,Toronto,CA,250,585.79,road,storage,19639.42,0
SO-05966,2026-07-08,C-BOG-015,Memphis DC,Memphis,US,Bogota,CO,216,847.07,air,wearables,34697.63,0
SO-05979,2026-07-08,C-BOG-017,Memphis DC,Memphis,US,Bogota,CO,129,358.91,air,cables,26158.33,0
SO-06203,2026-07-08,C-SAN-009,Memphis DC,Memphis,US,Santiago,CL,602,1550.14,sea,wearables,25258.12,0
SO-06338,2026-07-08,C-BUE-034,Memphis DC,Memphis,US,Buenos Aires,AR,574,2054.9,sea,chargers,25272.12,0
SO-06440,2026-07-08,C-RIY-001,Dubai DC,Dubai,AE,Riyadh,SA,541,1139.96,road,cables,20177.49,0
SO-06679,2026-07-08,C-CAI-038,Dubai DC,Dubai,AE,Cairo,EG,743,2048.39,sea,audio,9069.87,0
SO-06710,2026-07-08,C-CAI-027,Dubai DC,Dubai,AE,Cairo,EG,753,1107.02,sea,cases,15454.47,0
SO-00590,2026-07-09,C-BER-018,Rotterdam DC,Rotterdam,NL,Berlin,DE,439,1472.35,road,chargers,29761.43,0
SO-01022,2026-07-09,C-PAR-003,Rotterdam DC,Rotterdam,NL,Paris,FR,690,1097.64,road,cables,20320.05,0
SO-01573,2026-07-09,C-MIL-032,Rotterdam DC,Rotterdam,NL,Milan,IT,791,1953.2,road,chargers,21041.88,0
SO-01879,2026-07-09,C-STO-030,Rotterdam DC,Rotterdam,NL,Stockholm,SE,392,1375.15,road,storage,24219.42,1
SO-02143,2026-07-09,C-TOK-011,Shenzhen DC,Shenzhen,CN,Tokyo,JP,360,945.06,sea,cables,25335.42,0
SO-04174,2026-07-09,C-NEW-025,Memphis DC,Memphis,US,New York City,US,169,458.64,road,audio,35500.61,0
SO-04654,2026-07-09,C-CHI-013,Memphis DC,Memphis,US,Chicago,US,184,604.22,road,chargers,18861.05,1
SO-04715,2026-07-09,C-CHI-037,Memphis DC,Memphis,US,Chicago,US,527,1302.88,road,cables,30177.09,0
SO-04770,2026-07-09,C-CHI-001,Memphis DC,Memphis,US,Chicago,US,595,1743.9,road,cables,21264.66,0
SO-00458,2026-07-10,C-BER-032,Rotterdam DC,Rotterdam,NL,Berlin,DE,288,686.65,road,chargers,24948.03,0
SO-01733,2026-07-10,C-WAR-034,Rotterdam DC,Rotterdam,NL,Warsaw,PL,278,970.69,road,cables,11794.12,0
SO-01978,2026-07-10,C-DUB-010,Rotterdam DC,Rotterdam,NL,Dublin,IE,341,656.56,air,cables,18220.48,0
SO-02394,2026-07-10,C-SEO-038,Shenzhen DC,Shenzhen,CN,Seoul,KR,316,1217.34,sea,cables,27394.87,0
SO-02970,2026-07-10,C-BAN-032,Shenzhen DC,Shenzhen,CN,Bangkok,TH,447,1214.65,sea,cables,36578.43,0
SO-03254,2026-07-10,C-JAK-028,Shenzhen DC,Shenzhen,CN,Jakarta,ID,632,1054.24,sea,audio,29514.22,0
SO-03990,2026-07-10,C-AUC-007,Rotterdam DC,Rotterdam,NL,Auckland,NZ,389,831.59,air,cables,42870.67,0
SO-05059,2026-07-10,C-LOS-003,Memphis DC,Memphis,US,Los Angeles,US,260,996.44,road,chargers,24643.12,0
SO-05151,2026-07-10,C-LOS-039,Memphis DC,Memphis,US,Los Angeles,US,914,1563.69,road,chargers,16584.48,0
SO-05540,2026-07-10,C-TOR-006,Memphis DC,Memphis,US,Toronto,CA,655,1869.48,road,audio,7617.0,0
SO-05675,2026-07-10,C-MEX-033,Memphis DC,Memphis,US,Mexico City,MX,616,1107.85,road,chargers,32815.81,0
SO-06466,2026-07-10,C-RIY-028,Dubai DC,Dubai,AE,Riyadh,SA,764,2041.89,road,cases,27931.46,0
SO-00064,2026-07-11,C-LON-010,Rotterdam DC,Rotterdam,NL,London,GB,432,1192.67,road,cases,23331.97,0
SO-00343,2026-07-11,C-LON-015,Rotterdam DC,Rotterdam,NL,London,GB,222,837.13,road,cases,30530.47,0
SO-00431,2026-07-11,C-BER-014,Rotterdam DC,Rotterdam,NL,Berlin,DE,441,1735.84,road,audio,34447.14,0
SO-00745,2026-07-11,C-BER-009,Rotterdam DC,Rotterdam,NL,Berlin,DE,331,1259.46,road,cases,26643.84,0
SO-01351,2026-07-11,C-MAD-020,Rotterdam DC,Rotterdam,NL,Madrid,ES,620,1401.11,road,audio,28797.09,0
SO-01637,2026-07-11,C-WAR-039,Rotterdam DC,Rotterdam,NL,Warsaw,PL,488,1562.18,road,audio,35982.56,0
SO-01652,2026-07-11,C-WAR-027,Rotterdam DC,Rotterdam,NL,Warsaw,PL,915,1429.51,road,storage,34349.58,0
SO-01774,2026-07-11,C-WAR-032,Rotterdam DC,Rotterdam,NL,Warsaw,PL,855,1796.77,road,wearables,47089.75,0
SO-01938,2026-07-11,C-STO-036,Rotterdam DC,Rotterdam,NL,Stockholm,SE,201,500.31,road,storage,26860.11,0
SO-02699,2026-07-11,C-SIN-036,Shenzhen DC,Shenzhen,CN,Singapore,SG,343,977.59,sea,cables,21943.05,0
SO-04600,2026-07-11,C-CHI-024,Memphis DC,Memphis,US,Chicago,US,350,673.17,road,storage,3654.79,0
SO-04798,2026-07-11,C-CHI-031,Memphis DC,Memphis,US,Chicago,US,676,1541.29,road,wearables,25910.09,0
SO-05076,2026-07-11,C-LOS-002,Memphis DC,Memphis,US,Los Angeles,US,298,1014.14,road,chargers,23600.48,0
SO-05095,2026-07-11,C-LOS-006,Memphis DC,Memphis,US,Los Angeles,US,291,1104.35,road,cases,35155.28,0
SO-05564,2026-07-11,C-MEX-008,Memphis DC,Memphis,US,Mexico City,MX,260,496.03,road,chargers,25481.34,0
SO-06502,2026-07-11,C-RIY-003,Dubai DC,Dubai,AE,Riyadh,SA,917,1606.34,road,wearables,29961.38,0
SO-06824,2026-07-11,C-NAI-014,Dubai DC,Dubai,AE,Nairobi,KE,229,640.77,air,chargers,26965.96,1
SO-00300,2026-07-12,C-LON-017,Rotterdam DC,Rotterdam,NL,London,GB,309,1198.5,road,cases,22691.78,0
SO-00562,2026-07-12,C-BER-039,Rotterdam DC,Rotterdam,NL,Berlin,DE,354,1142.75,road,cables,15437.85,0
SO-01299,2026-07-12,C-MAD-015,Rotterdam DC,Rotterdam,NL,Madrid,ES,425,1649.07,road,cables,35009.52,0
SO-01922,2026-07-12,C-STO-013,Rotterdam DC,Rotterdam,NL,Stockholm,SE,162,629.83,road,cables,19107.19,0
SO-02125,2026-07-12,C-TOK-018,Shenzhen DC,Shenzhen,CN,Tokyo,JP,711,1143.18,sea,wearables,27022.5,1
SO-02598,2026-07-12,C-SEO-008,Shenzhen DC,Shenzhen,CN,Seoul,KR,255,690.09,sea,cables,25204.97,0
SO-02642,2026-07-12,C-SEO-010,Shenzhen DC,Shenzhen,CN,Seoul,KR,455,1320.87,sea,chargers,46415.69,0
SO-03098,2026-07-12,C-BAN-006,Shenzhen DC,Shenzhen,CN,Bangkok,TH,720,1559.99,sea,chargers,24645.16,0
SO-03444,2026-07-12,C-MAN-023,Shenzhen DC,Shenzhen,CN,Manila,PH,332,609.94,sea,chargers,39894.79,1
SO-03536,2026-07-12,C-MUM-009,Shenzhen DC,Shenzhen,CN,Mumbai,IN,306,1181.99,sea,cases,23471.67,0
SO-03649,2026-07-12,C-MUM-036,Shenzhen DC,Shenzhen,CN,Mumbai,IN,919,1953.32,sea,storage,8265.81,0
SO-03800,2026-07-12,C-SYD-035,Rotterdam DC,Rotterdam,NL,Sydney,AU,613,1317.19,air,cases,28785.6,0
SO-03842,2026-07-12,C-SYD-008,Rotterdam DC,Rotterdam,NL,Sydney,AU,451,895.87,air,cases,35748.76,0
SO-04042,2026-07-12,C-NEW-012,Memphis DC,Memphis,US,New York City,US,398,905.85,road,audio,28143.79,0
SO-04308,2026-07-12,C-NEW-008,Memphis DC,Memphis,US,New York City,US,353,997.01,road,audio,34264.22,0
SO-04521,2026-07-12,C-NEW-003,Memphis DC,Memphis,US,New York City,US,351,1392.85,road,storage,23941.33,0
SO-05602,2026-07-12,C-MEX-036,Memphis DC,Memphis,US,Mexico City,MX,552,1131.47,road,chargers,21386.54,0
SO-05662,2026-07-12,C-MEX-022,Memphis DC,Memphis,US,Mexico City,MX,1011,1688.25,road,cases,19038.51,1
SO-06594,2026-07-12,C-RIY-029,Dubai DC,Dubai,AE,Riyadh,SA,511,788.21,road,storage,27678.37,0
SO-06891,2026-07-12,C-NAI-036,Dubai DC,Dubai,AE,Nairobi,KE,453,922.07,air,cases,21617.52,0
SO-06947,2026-07-12,C-LAG-038,Dubai DC,Dubai,AE,Lagos,NG,133,510.96,air,wearables,18905.79,0
SO-07279,2026-07-12,C-KAR-039,Dubai DC,Dubai,AE,Karachi,PK,436,1333.5,sea,wearables,23703.53,0
SO-00020,2026-07-13,C-LON-026,Rotterdam DC,Rotterdam,NL,London,GB,487,1346.94,road,cases,25474.5,0
SO-00205,2026-07-13,C-LON-037,Rotterdam DC,Rotterdam,NL,London,GB,562,1822.88,road,audio,5878.83,0
SO-00404,2026-07-13,C-LON-002,Rotterdam DC,Rotterdam,NL,London,GB,1057,1517.17,road,wearables,17341.68,0
SO-01003,2026-07-13,C-PAR-019,Rotterdam DC,Rotterdam,NL,Paris,FR,396,1072.27,road,audio,23937.61,0
SO-01412,2026-07-13,C-MIL-013,Rotterdam DC,Rotterdam,NL,Milan,IT,433,1532.18,road,wearables,27846.01,0
SO-01427,2026-07-13,C-MIL-008,Rotterdam DC,Rotterdam,NL,Milan,IT,589,1890.6,road,chargers,26456.14,0
SO-01622,2026-07-13,C-WAR-007,Rotterdam DC,Rotterdam,NL,Warsaw,PL,666,1461.06,road,chargers,26590.7,0
SO-01811,2026-07-13,C-STO-039,Rotterdam DC,Rotterdam,NL,Stockholm,SE,378,1286.45,road,wearables,15999.18,0
SO-02061,2026-07-13,C-TOK-035,Shenzhen DC,Shenzhen,CN,Tokyo,JP,260,648.17,sea,audio,34310.6,0
SO-02858,2026-07-13,C-SIN-034,Shenzhen DC,Shenzhen,CN,Singapore,SG,1,0.5,sea,cases,39821.49,0
SO-03011,2026-07-13,C-BAN-020,Shenzhen DC,Shenzhen,CN,Bangkok,TH,630,1279.3,sea,chargers,29441.74,0
SO-03022,2026-07-13,C-BAN-021,Shenzhen DC,Shenzhen,CN,Bangkok,TH,237,720.49,sea,wearables,28113.77,1
SO-03383,2026-07-13,C-MAN-027,Shenzhen DC,Shenzhen,CN,Manila,PH,765,1095.93,sea,cases,17196.03,0
SO-03613,2026-07-13,C-MUM-022,Shenzhen DC,Shenzhen,CN,Mumbai,IN,361,947.62,sea,cables,34155.05,0
SO-03658,2026-07-13,C-MUM-012,Shenzhen DC,Shenzhen,CN,Mumbai,IN,382,1297.38,sea,storage,23742.92,0
SO-04419,2026-07-13,C-NEW-028,Memphis DC,Memphis,US,New York City,US,336,510.78,road,cables,26084.86,0
SO-04538,2026-07-13,C-CHI-033,Memphis DC,Memphis,US,Chicago,US,249,965.19,road,chargers,12302.53,0
SO-04567,2026-07-13,C-CHI-003,Memphis DC,Memphis,US,Chicago,US,223,783.72,road,cases,38660.35,0
SO-04912,2026-07-13,C-CHI-035,Memphis DC,Memphis,US,Chicago,US,853,1878.63,road,chargers,29861.38,0
SO-04916,2026-07-13,C-CHI-035,Memphis DC,Memphis,US,Chicago,US,294,703.92,road,storage,24246.06,0
SO-05140,2026-07-13,C-LOS-038,Memphis DC,Memphis,US,Los Angeles,US,747,1396.92,road,storage,24289.75,0
SO-05461,2026-07-13,C-TOR-001,Memphis DC,Memphis,US,Toronto,CA,238,766.06,road,storage,14328.79,0
SO-05769,2026-07-13,C-SAO-005,Memphis DC,Memphis,US,Sao Paulo,BR,200,594.22,sea,cases,21645.05,0
SO-05976,2026-07-13,C-BOG-034,Memphis DC,Memphis,US,Bogota,CO,332,1259.91,air,cables,10250.74,0
SO-06455,2026-07-13,C-RIY-014,Dubai DC,Dubai,AE,Riyadh,SA,475,1016.54,road,wearables,31329.29,0
SO-06740,2026-07-13,C-CAI-025,Dubai DC,Dubai,AE,Cairo,EG,717,1703.03,sea,chargers,21668.7,0
SO-07117,2026-07-13,C-JOH-030,Dubai DC,Dubai,AE,Johannesburg,ZA,482,1400.44,sea,audio,26058.82,0
SO-00572,2026-07-14,C-BER-001,Rotterdam DC,Rotterdam,NL,Berlin,DE,446,1376.45,road,audio,7653.24,0
SO-00630,2026-07-14,C-BER-007,Rotterdam DC,Rotterdam,NL,Berlin,DE,287,1031.88,road,cables,27278.88,0
SO-01348,2026-07-14,C-MAD-019,Rotterdam DC,Rotterdam,NL,Madrid,ES,256,965.95,road,audio,14951.19,0
SO-01712,2026-07-14,C-WAR-018,Rotterdam DC,Rotterdam,NL,Warsaw,PL,176,670.05,road,chargers,32767.68,0
SO-01851,2026-07-14,C-STO-026,Rotterdam DC,Rotterdam,NL,Stockholm,SE,587,1413.34,road,cases,18105.08,0
SO-02203,2026-07-14,C-TOK-005,Shenzhen DC,Shenzhen,CN,Tokyo,JP,440,1089.39,sea,chargers,36918.35,0
SO-02979,2026-07-14,C-BAN-023,Shenzhen DC,Shenzhen,CN,Bangkok,TH,447,1363.96,sea,cables,17547.79,0
SO-03452,2026-07-14,C-MAN-009,Shenzhen DC,Shenzhen,CN,Manila,PH,251,971.94,sea,cables,20551.44,0
SO-03707,2026-07-14,C-MUM-039,Shenzhen DC,Shenzhen,CN,Mumbai,IN,435,1639.16,sea,chargers,36781.19,0
SO-04766,2026-07-14,C-CHI-028,Memphis DC,Memphis,US,Chicago,US,975,1558.1,road,audio,27561.67,0
SO-04893,2026-07-14,C-CHI-013,Memphis DC,Memphis,US,Chicago,US,361,1134.2,road,chargers,25039.05,0
SO-04950,2026-07-14,C-LOS-003,Memphis DC,Memphis,US,Los Angeles,US,217,815.7,road,cables,22054.76,0
SO-06559,2026-07-14,C-RIY-008,Dubai DC,Dubai,AE,Riyadh,SA,682,1319.8,road,cables,28590.8,1
SO-06684,2026-07-14,C-CAI-005,Dubai DC,Dubai,AE,Cairo,EG,415,906.66,sea,storage,33673.03,1
SO-00122,2026-07-15,C-LON-026,Rotterdam DC,Rotterdam,NL,London,GB,619,1061.1,road,cases,27157.9,0
SO-00774,2026-07-15,C-PAR-015,Rotterdam DC,Rotterdam,NL,Paris,FR,56,184.01,road,storage,18501.49,0
SO-01098,2026-07-15,C-PAR-006,Rotterdam DC,Rotterdam,NL,Paris,FR,300,737.47,road,chargers,24252.95,0
SO-01275,2026-07-15,C-MAD-038,Rotterdam DC,Rotterdam,NL,Madrid,ES,353,1075.62,road,audio,45687.26,0
SO-01667,2026-07-15,C-WAR-034,Rotterdam DC,Rotterdam,NL,Warsaw,PL,932,2119.37,road,chargers,27530.27,0
SO-02053,2026-07-15,C-DUB-027,Rotterdam DC,Rotterdam,NL,Dublin,IE,166,657.07,air,cases,17397.66,0
SO-02194,2026-07-15,C-TOK-037,Shenzhen DC,Shenzhen,CN,Tokyo,JP,347,1033.45,sea,cables,35940.03,0
SO-02363,2026-07-15,C-TOK-006,Shenzhen DC,Shenzhen,CN,Tokyo,JP,509,1028.5,sea,cables,34894.59,0
SO-02367,2026-07-15,C-TOK-017,Shenzhen DC,Shenzhen,CN,Tokyo,JP,511,1382.23,sea,audio,34707.34,0
SO-02432,2026-07-15,C-SEO-029,Shenzhen DC,Shenzhen,CN,Seoul,KR,400,1483.19,sea,wearables,33786.05,0
SO-02480,2026-07-15,C-SEO-016,Shenzhen DC,Shenzhen,CN,Seoul,KR,240,956.66,sea,storage,26038.99,0
SO-02698,2026-07-15,C-SIN-025,Shenzhen DC,Shenzhen,CN,Singapore,SG,642,1587.14,sea,audio,31460.23,0
SO-03071,2026-07-15,C-BAN-004,Shenzhen DC,Shenzhen,CN,Bangkok,TH,270,946.4,sea,wearables,28341.29,0
SO-03311,2026-07-15,C-JAK-034,Shenzhen DC,Shenzhen,CN,Jakarta,ID,300,827.45,sea,storage,33864.51,0
SO-03587,2026-07-15,C-MUM-026,Shenzhen DC,Shenzhen,CN,Mumbai,IN,408,638.91,sea,cables,33933.45,0
SO-04060,2026-07-15,C-NEW-035,Memphis DC,Memphis,US,New York City,US,542,1208.57,road,audio,30094.29,0
SO-04161,2026-07-15,C-NEW-022,Memphis DC,Memphis,US,New York City,US,727,1301.81,road,cases,23779.98,1
SO-04170,2026-07-15,C-NEW-002,Memphis DC,Memphis,US,New York City,US,431,1068.62,road,audio,26972.33,0
SO-04186,2026-07-15,C-NEW-035,Memphis DC,Memphis,US,New York City,US,324,1027.02,road,wearables,39734.24,0
SO-05904,2026-07-15,C-SAO-039,Memphis DC,Memphis,US,Sao Paulo,BR,710,2006.53,sea,chargers,20622.89,0
SO-06019,2026-07-15,C-BOG-011,Memphis DC,Memphis,US,Bogota,CO,300,737.53,air,storage,22282.1,0
SO-06200,2026-07-15,C-SAN-026,Memphis DC,Memphis,US,Santiago,CL,664,1862.17,sea,chargers,8818.74,0
SO-06876,2026-07-15,C-NAI-004,Dubai DC,Dubai,AE,Nairobi,KE,210,672.51,air,storage,20464.58,0
SO-07311,2026-07-15,C-KAR-002,Dubai DC,Dubai,AE,Karachi,PK,409,1052.25,sea,chargers,16917.01,0
SO-00086,2026-07-16,C-LON-013,Rotterdam DC,Rotterdam,NL,London,GB,182,663.08,road,chargers,25415.83,0
SO-00186,2026-07-16,C-LON-012,Rotterdam DC,Rotterdam,NL,London,GB,248,670.45,road,audio,34221.2,0
SO-00839,2026-07-16,C-PAR-009,Rotterdam DC,Rotterdam,NL,Paris,FR,602,972.51,road,audio,33124.35,0
SO-01240,2026-07-16,C-MAD-002,Rotterdam DC,Rotterdam,NL,Madrid,ES,627,1060.76,road,chargers,8781.96,0
SO-01522,2026-07-16,C-MIL-030,Rotterdam DC,Rotterdam,NL,Milan,IT,637,2174.5,road,storage,26488.0,0
SO-01646,2026-07-16,C-WAR-023,Rotterdam DC,Rotterdam,NL,Warsaw,PL,482,1668.88,road,storage,18401.83,0
SO-02850,2026-07-16,C-SIN-011,Shenzhen DC,Shenzhen,CN,Singapore,SG,195,388.67,sea,audio,34080.51,0
SO-03309,2026-07-16,C-JAK-038,Shenzhen DC,Shenzhen,CN,Jakarta,ID,458,697.82,sea,audio,21761.21,0
SO-03477,2026-07-16,C-MAN-034,Shenzhen DC,Shenzhen,CN,Manila,PH,629,1395.7,sea,cables,26224.28,0
SO-03580,2026-07-16,C-MUM-007,Shenzhen DC,Shenzhen,CN,Mumbai,IN,551,771.61,sea,chargers,25786.15,0
SO-03688,2026-07-16,C-MUM-030,Shenzhen DC,Shenzhen,CN,Mumbai,IN,738,1109.74,sea,storage,21877.82,0
SO-04270,2026-07-16,C-NEW-025,Memphis DC,Memphis,US,New York City,US,674,1142.91,road,wearables,33173.63,0
SO-04593,2026-07-16,C-CHI-016,Memphis DC,Memphis,US,Chicago,US,418,1050.64,road,wearables,37215.97,0
SO-04909,2026-07-16,C-CHI-014,Memphis DC,Memphis,US,Chicago,US,324,760.18,road,storage,43887.79,0
SO-05521,2026-07-16,C-TOR-017,Memphis DC,Memphis,US,Toronto,CA,541,799.19,road,audio,38966.5,0
SO-06008,2026-07-16,C-BOG-032,Memphis DC,Memphis,US,Bogota,CO,204,684.92,air,storage,16721.05,0
SO-06034,2026-07-16,C-BOG-009,Memphis DC,Memphis,US,Bogota,CO,236,782.08,air,chargers,20020.21,0
SO-06211,2026-07-16,C-SAN-005,Memphis DC,Memphis,US,Santiago,CL,482,675.74,sea,cases,25564.0,0
SO-06343,2026-07-16,C-BUE-033,Memphis DC,Memphis,US,Buenos Aires,AR,462,1625.26,sea,chargers,19128.51,0
SO-06551,2026-07-16,C-RIY-026,Dubai DC,Dubai,AE,Riyadh,SA,201,660.2,road,cables,9510.24,0
SO-06631,2026-07-16,C-CAI-002,Dubai DC,Dubai,AE,Cairo,EG,741,1191.28,sea,chargers,16304.18,0
SO-06936,2026-07-16,C-LAG-010,Dubai DC,Dubai,AE,Lagos,NG,199,746.49,air,chargers,4531.67,1
SO-07106,2026-07-16,C-JOH-022,Dubai DC,Dubai,AE,Johannesburg,ZA,430,1257.27,sea,cases,23965.46,0
SO-00066,2026-07-17,C-LON-014,Rotterdam DC,Rotterdam,NL,London,GB,716,1933.34,road,cables,31443.66,0
SO-00137,2026-07-17,C-LON-001,Rotterdam DC,Rotterdam,NL,London,GB,1287,1845.91,road,cables,31761.75,0
SO-00179,2026-07-17,C-LON-012,Rotterdam DC,Rotterdam,NL,London,GB,337,697.66,road,cases,33415.33,0
SO-00515,2026-07-17,C-BER-025,Rotterdam DC,Rotterdam,NL,Berlin,DE,701,989.39,road,storage,9682.89,0
SO-01131,2026-07-17,C-MAD-031,Rotterdam DC,Rotterdam,NL,Madrid,ES,430,870.51,road,wearables,23201.23,0
SO-01152,2026-07-17,C-MAD-024,Rotterdam DC,Rotterdam,NL,Madrid,ES,656,2000.88,road,audio,33612.97,0
SO-01346,2026-07-17,C-MAD-027,Rotterdam DC,Rotterdam,NL,Madrid,ES,211,702.72,road,chargers,13446.15,0
SO-01610,2026-07-17,C-WAR-035,Rotterdam DC,Rotterdam,NL,Warsaw,PL,412,1096.19,road,storage,26625.28,0
SO-02497,2026-07-17,C-SEO-001,Shenzhen DC,Shenzhen,CN,Seoul,KR,323,655.76,sea,cases,15476.48,0
SO-03074,2026-07-17,C-BAN-033,Shenzhen DC,Shenzhen,CN,Bangkok,TH,528,1626.64,sea,cables,33519.35,0
SO-03163,2026-07-17,C-JAK-035,Shenzhen DC,Shenzhen,CN,Jakarta,ID,572,1602.24,sea,cases,25023.63,0
SO-03167,2026-07-17,C-JAK-033,Shenzhen DC,Shenzhen,CN,Jakarta,ID,234,686.9,sea,audio,24128.57,0
SO-03598,2026-07-17,C-MUM-006,Shenzhen DC,Shenzhen,CN,Mumbai,IN,279,1079.2,sea,audio,22515.49,0
SO-04344,2026-07-17,C-NEW-024,Memphis DC,Memphis,US,New York City,US,446,982.58,road,cases,26455.59,0
SO-05889,2026-07-17,C-SAO-034,Memphis DC,Memphis,US,Sao Paulo,BR,835,1821.91,sea,chargers,23296.31,0
SO-06367,2026-07-17,C-RIY-029,Dubai DC,Dubai,AE,Riyadh,SA,655,1074.47,road,storage,39590.02,0
SO-06411,2026-07-17,C-RIY-015,Dubai DC,Dubai,AE,Riyadh,SA,492,1127.97,road,storage,32208.58,0
SO-06485,2026-07-17,C-RIY-015,Dubai DC,Dubai,AE,Riyadh,SA,223,824.38,road,storage,28755.71,0
SO-06543,2026-07-17,C-RIY-022,Dubai DC,Dubai,AE,Riyadh,SA,802,1279.07,road,wearables,19371.38,0
SO-00080,2026-07-18,C-LON-028,Rotterdam DC,Rotterdam,NL,London,GB,731,1445.61,road,wearables,13962.18,0
SO-01260,2026-07-18,C-MAD-014,Rotterdam DC,Rotterdam,NL,Madrid,ES,329,858.61,road,audio,37818.25,1
SO-01800,2026-07-18,C-STO-018,Rotterdam DC,Rotterdam,NL,Stockholm,SE,229,902.5,road,audio,13745.4,0
SO-01865,2026-07-18,C-STO-016,Rotterdam DC,Rotterdam,NL,Stockholm,SE,958,1615.21,road,audio,28969.82,0
SO-01951,2026-07-18,C-DUB-027,Rotterdam DC,Rotterdam,NL,Dublin,IE,215,799.21,air,cables,16741.57,0
SO-02285,2026-07-18,C-TOK-008,Shenzhen DC,Shenzhen,CN,Tokyo,JP,227,832.17,sea,cases,34427.48,0
SO-02338,2026-07-18,C-TOK-009,Shenzhen DC,Shenzhen,CN,Tokyo,JP,349,991.17,sea,cables,22675.02,0
SO-02800,2026-07-18,C-SIN-011,Shenzhen DC,Shenzhen,CN,Singapore,SG,975,1839.78,sea,cases,21952.49,0
SO-02810,2026-07-18,C-SIN-018,Shenzhen DC,Shenzhen,CN,Singapore,SG,322,934.85,sea,cases,21674.56,0
SO-03487,2026-07-18,C-MAN-005,Shenzhen DC,Shenzhen,CN,Manila,PH,454,1491.97,sea,cases,25921.97,0
SO-04392,2026-07-18,C-NEW-006,Memphis DC,Memphis,US,New York City,US,375,918.27,road,cables,28605.98,1
SO-04537,2026-07-18,C-CHI-020,Memphis DC,Memphis,US,Chicago,US,324,937.78,road,chargers,14183.92,0
SO-04612,2026-07-18,C-CHI-038,Memphis DC,Memphis,US,Chicago,US,303,1179.54,road,storage,22147.36,0
SO-04847,2026-07-18,C-CHI-033,Memphis DC,Memphis,US,Chicago,US,225,505.94,road,cases,32767.15,0
SO-04856,2026-07-18,C-CHI-028,Memphis DC,Memphis,US,Chicago,US,548,1562.86,road,cases,27221.47,0
SO-04881,2026-07-18,C-CHI-028,Memphis DC,Memphis,US,Chicago,US,512,1555.48,road,cases,18012.79,0
SO-04920,2026-07-18,C-CHI-025,Memphis DC,Memphis,US,Chicago,US,833,1420.09,road,wearables,25411.82,0
SO-05027,2026-07-18,C-LOS-023,Memphis DC,Memphis,US,Los Angeles,US,457,1041.87,road,cables,37525.56,1
SO-05138,2026-07-18,C-LOS-003,Memphis DC,Memphis,US,Los Angeles,US,473,1664.65,road,chargers,38575.38,0
SO-05519,2026-07-18,C-TOR-020,Memphis DC,Memphis,US,Toronto,CA,461,1105.04,road,wearables,16344.57,0
SO-05610,2026-07-18,C-MEX-036,Memphis DC,Memphis,US,Mexico City,MX,716,1465.17,road,cases,29341.05,0
SO-05668,2026-07-18,C-MEX-017,Memphis DC,Memphis,US,Mexico City,MX,408,1383.5,road,chargers,15213.97,0
SO-05776,2026-07-18,C-SAO-032,Memphis DC,Memphis,US,Sao Paulo,BR,471,1504.17,sea,cases,21765.26,0
SO-00493,2026-07-19,C-BER-007,Rotterdam DC,Rotterdam,NL,Berlin,DE,578,1858.94,road,audio,22330.6,0
SO-00670,2026-07-19,C-BER-011,Rotterdam DC,Rotterdam,NL,Berlin,DE,394,1400.68,road,cables,20385.1,0
SO-00852,2026-07-19,C-PAR-028,Rotterdam DC,Rotterdam,NL,Paris,FR,234,661.78,road,chargers,26222.49,0
SO-01191,2026-07-19,C-MAD-018,Rotterdam DC,Rotterdam,NL,Madrid,ES,448,1761.95,road,cables,27273.34,0
SO-01504,2026-07-19,C-MIL-033,Rotterdam DC,Rotterdam,NL,Milan,IT,436,1501.86,road,audio,39759.92,0
SO-01567,2026-07-19,C-MIL-033,Rotterdam DC,Rotterdam,NL,Milan,IT,608,1163.46,road,audio,44258.0,0
SO-01832,2026-07-19,C-STO-018,Rotterdam DC,Rotterdam,NL,Stockholm,SE,423,828.37,road,cables,28285.32,0
SO-02196,2026-07-19,C-TOK-020,Shenzhen DC,Shenzhen,CN,Tokyo,JP,280,689.44,sea,cases,18596.95,0
SO-02444,2026-07-19,C-SEO-034,Shenzhen DC,Shenzhen,CN,Seoul,KR,160,598.46,sea,chargers,41122.13,1
SO-03038,2026-07-19,C-BAN-028,Shenzhen DC,Shenzhen,CN,Bangkok,TH,734,1675.82,sea,wearables,33286.2,0
SO-03314,2026-07-19,C-JAK-020,Shenzhen DC,Shenzhen,CN,Jakarta,ID,503,1545.74,sea,cables,36510.28,0
SO-03852,2026-07-19,C-SYD-007,Rotterdam DC,Rotterdam,NL,Sydney,AU,54,153.0,air,wearables,27334.56,0
SO-03947,2026-07-19,C-AUC-028,Rotterdam DC,Rotterdam,NL,Auckland,NZ,235,684.01,air,storage,30473.81,0
SO-04054,2026-07-19,C-NEW-039,Memphis DC,Memphis,US,New York City,US,350,1378.41,road,cases,45303.35,0
SO-04494,2026-07-19,C-NEW-007,Memphis DC,Memphis,US,New York City,US,890,1480.03,road,chargers,21211.38,0
SO-05037,2026-07-19,C-LOS-024,Memphis DC,Memphis,US,Los Angeles,US,405,1107.75,road,audio,27582.29,0
SO-05518,2026-07-19,C-TOR-022,Memphis DC,Memphis,US,Toronto,CA,514,1888.97,road,chargers,31279.73,0
SO-05584,2026-07-19,C-MEX-038,Memphis DC,Memphis,US,Mexico City,MX,632,1416.64,road,wearables,19617.6,0
SO-06406,2026-07-19,C-RIY-034,Dubai DC,Dubai,AE,Riyadh,SA,486,1694.18,road,storage,15029.11,0
SO-06562,2026-07-19,C-RIY-024,Dubai DC,Dubai,AE,Riyadh,SA,440,1267.67,road,cases,16140.0,0
SO-06756,2026-07-19,C-CAI-039,Dubai DC,Dubai,AE,Cairo,EG,365,1188.61,sea,cables,28873.88,1
SO-07190,2026-07-19,C-JOH-027,Dubai DC,Dubai,AE,Johannesburg,ZA,361,1349.55,sea,audio,32814.85,0
SO-07202,2026-07-19,C-JOH-015,Dubai DC,Dubai,AE,Johannesburg,ZA,380,1503.7,sea,wearables,12600.83,0
SO-00434,2026-07-20,C-BER-039,Rotterdam DC,Rotterdam,NL,Berlin,DE,760,1303.09,road,audio,26047.44,0
SO-00647,2026-07-20,C-BER-007,Rotterdam DC,Rotterdam,NL,Berlin,DE,604,2096.88,road,cases,14887.85,0
SO-00843,2026-07-20,C-PAR-034,Rotterdam DC,Rotterdam,NL,Paris,FR,306,1204.57,road,audio,24033.06,0
SO-01967,2026-07-20,C-DUB-030,Rotterdam DC,Rotterdam,NL,Dublin,IE,220,699.32,air,cables,17950.54,0
SO-02343,2026-07-20,C-TOK-035,Shenzhen DC,Shenzhen,CN,Tokyo,JP,288,951.05,sea,storage,23500.47,0
SO-02920,2026-07-20,C-SIN-019,Shenzhen DC,Shenzhen,CN,Singapore,SG,233,712.29,sea,storage,25943.81,0
SO-03212,2026-07-20,C-JAK-027,Shenzhen DC,Shenzhen,CN,Jakarta,ID,531,1841.47,sea,cables,23280.98,0
SO-03272,2026-07-20,C-JAK-017,Shenzhen DC,Shenzhen,CN,Jakarta,ID,630,1197.09,sea,storage,17284.28,0
SO-03643,2026-07-20,C-MUM-002,Shenzhen DC,Shenzhen,CN,Mumbai,IN,708,2437.55,sea,cables,19202.94,0
SO-03655,2026-07-20,C-MUM-038,Shenzhen DC,Shenzhen,CN,Mumbai,IN,395,1178.47,sea,cables,17347.94,0
SO-03761,2026-07-20,C-SYD-022,Rotterdam DC,Rotterdam,NL,Sydney,AU,223,580.92,air,cables,32005.34,0
SO-03796,2026-07-20,C-SYD-025,Rotterdam DC,Rotterdam,NL,Sydney,AU,460,675.0,air,cables,49672.78,0
SO-04415,2026-07-20,C-NEW-030,Memphis DC,Memphis,US,New York City,US,509,1345.78,road,cables,27733.04,1
SO-04448,2026-07-20,C-NEW-031,Memphis DC,Memphis,US,New York City,US,805,1413.92,road,cases,30951.44,0
SO-05535,2026-07-20,C-TOR-037,Memphis DC,Memphis,US,Toronto,CA,187,489.2,road,cables,29704.32,0
SO-05899,2026-07-20,C-SAO-007,Memphis DC,Memphis,US,Sao Paulo,BR,298,1185.75,sea,audio,8456.5,0
SO-06319,2026-07-20,C-BUE-019,Memphis DC,Memphis,US,Buenos Aires,AR,901,1601.85,sea,cases,28064.5,0
SO-06558,2026-07-20,C-RIY-020,Dubai DC,Dubai,AE,Riyadh,SA,620,1147.88,road,cases,31537.58,0
SO-06769,2026-07-20,C-CAI-026,Dubai DC,Dubai,AE,Cairo,EG,755,1530.22,sea,cables,24735.91,0
SO-06921,2026-07-20,C-NAI-032,Dubai DC,Dubai,AE,Nairobi,KE,256,517.56,air,storage,17669.86,0
SO-07185,2026-07-20,C-JOH-033,Dubai DC,Dubai,AE,Johannesburg,ZA,545,1296.72,sea,storage,17187.27,0
SO-07320,2026-07-20,C-KAR-029,Dubai DC,Dubai,AE,Karachi,PK,436,1473.03,sea,cables,15946.11,0
SO-00057,2026-07-21,C-LON-004,Rotterdam DC,Rotterdam,NL,London,GB,278,894.85,road,cases,18770.15,0
SO-00125,2026-07-21,C-LON-034,Rotterdam DC,Rotterdam,NL,London,GB,667,988.16,road,storage,23298.45,0
SO-00455,2026-07-21,C-BER-038,Rotterdam DC,Rotterdam,NL,Berlin,DE,640,1337.61,road,audio,16559.75,0
SO-00595,2026-07-21,C-BER-026,Rotterdam DC,Rotterdam,NL,Berlin,DE,640,1002.7,road,audio,25241.86,0
SO-00636,2026-07-21,C-BER-010,Rotterdam DC,Rotterdam,NL,Berlin,DE,518,1492.08,road,cables,22746.79,0
SO-01289,2026-07-21,C-MAD-028,Rotterdam DC,Rotterdam,NL,Madrid,ES,511,1077.86,road,chargers,20452.15,0
SO-01812,2026-07-21,C-STO-026,Rotterdam DC,Rotterdam,NL,Stockholm,SE,412,1288.58,road,cables,21801.66,0
SO-01830,2026-07-21,C-STO-008,Rotterdam DC,Rotterdam,NL,Stockholm,SE,471,677.55,road,chargers,16545.3,0
SO-02542,2026-07-21,C-SEO-002,Shenzhen DC,Shenzhen,CN,Seoul,KR,348,1066.96,sea,cables,25276.8,0
SO-02735,2026-07-21,C-SIN-034,Shenzhen DC,Shenzhen,CN,Singapore,SG,179,608.17,sea,cables,22144.13,0
SO-04025,2026-07-21,C-AUC-004,Rotterdam DC,Rotterdam,NL,Auckland,NZ,93,369.31,air,storage,36305.09,0
SO-04195,2026-07-21,C-NEW-036,Memphis DC,Memphis,US,New York City,US,230,800.5,road,cases,24023.84,0
SO-04205,2026-07-21,C-NEW-033,Memphis DC,Memphis,US,New York City,US,537,1670.36,road,chargers,24692.18,0
SO-05428,2026-07-21,C-TOR-002,Memphis DC,Memphis,US,Toronto,CA,648,1254.03,road,cases,32594.79,0
SO-05483,2026-07-21,C-TOR-036,Memphis DC,Memphis,US,Toronto,CA,138,427.31,road,chargers,20565.84,0
SO-05487,2026-07-21,C-TOR-019,Memphis DC,Memphis,US,Toronto,CA,403,1407.05,road,audio,29043.94,0
SO-06726,2026-07-21,C-CAI-027,Dubai DC,Dubai,AE,Cairo,EG,504,1448.24,sea,cases,23850.37,0
SO-06781,2026-07-21,C-CAI-002,Dubai DC,Dubai,AE,Cairo,EG,364,1430.95,sea,chargers,11385.84,0
SO-07037,2026-07-21,C-LAG-009,Dubai DC,Dubai,AE,Lagos,NG,446,732.91,air,cases,28871.58,0
SO-07271,2026-07-21,C-KAR-002,Dubai DC,Dubai,AE,Karachi,PK,521,1228.64,sea,storage,30280.36,0
SO-00087,2026-07-22,C-LON-038,Rotterdam DC,Rotterdam,NL,London,GB,360,630.79,road,audio,10024.34,0
SO-00785,2026-07-22,C-PAR-016,Rotterdam DC,Rotterdam,NL,Paris,FR,631,1280.61,road,wearables,28389.43,0
SO-01380,2026-07-22,C-MIL-018,Rotterdam DC,Rotterdam,NL,Milan,IT,452,1440.05,road,storage,26869.5,0
SO-01613,2026-07-22,C-WAR-002,Rotterdam DC,Rotterdam,NL,Warsaw,PL,1008,2390.6,road,cases,15089.06,0
SO-01619,2026-07-22,C-WAR-033,Rotterdam DC,Rotterdam,NL,Warsaw,PL,472,796.89,road,chargers,35310.57,0
SO-01653,2026-07-22,C-WAR-036,Rotterdam DC,Rotterdam,NL,Warsaw,PL,616,1726.74,road,chargers,32877.93,0
SO-01745,2026-07-22,C-WAR-036,Rotterdam DC,Rotterdam,NL,Warsaw,PL,316,605.84,road,wearables,20416.9,0
SO-01916,2026-07-22,C-STO-008,Rotterdam DC,Rotterdam,NL,Stockholm,SE,419,1253.56,road,cables,28453.28,0
SO-02135,2026-07-22,C-TOK-028,Shenzhen DC,Shenzhen,CN,Tokyo,JP,428,912.54,sea,audio,36119.97,0
SO-02284,2026-07-22,C-TOK-008,Shenzhen DC,Shenzhen,CN,Tokyo,JP,454,1058.09,sea,cases,22974.06,1
SO-03006,2026-07-22,C-BAN-020,Shenzhen DC,Shenzhen,CN,Bangkok,TH,616,1561.27,sea,wearables,15339.66,0
SO-03265,2026-07-22,C-JAK-036,Shenzhen DC,Shenzhen,CN,Jakarta,ID,95,357.75,sea,chargers,18869.99,0
SO-03602,2026-07-22,C-MUM-031,Shenzhen DC,Shenzhen,CN,Mumbai,IN,433,1034.71,sea,chargers,23221.69,0
SO-04694,2026-07-22,C-CHI-024,Memphis DC,Memphis,US,Chicago,US,587,1200.24,road,chargers,41493.75,1
SO-04952,2026-07-22,C-LOS-002,Memphis DC,Memphis,US,Los Angeles,US,444,759.33,road,chargers,23660.13,0
SO-05317,2026-07-22,C-TOR-026,Memphis DC,Memphis,US,Toronto,CA,995,1839.08,road,wearables,22222.3,0
SO-06091,2026-07-22,C-BOG-009,Memphis DC,Memphis,US,Bogota,CO,205,657.91,air,wearables,17829.62,0
SO-06470,2026-07-22,C-RIY-035,Dubai DC,Dubai,AE,Riyadh,SA,870,1628.06,road,storage,30977.84,0
SO-07227,2026-07-22,C-KAR-027,Dubai DC,Dubai,AE,Karachi,PK,507,1596.29,sea,storage,16470.85,0
SO-00095,2026-07-23,C-LON-036,Rotterdam DC,Rotterdam,NL,London,GB,249,814.67,road,cables,31005.12,0
SO-00814,2026-07-23,C-PAR-032,Rotterdam DC,Rotterdam,NL,Paris,FR,503,1529.86,road,cases,29539.36,0
SO-01171,2026-07-23,C-MAD-010,Rotterdam DC,Rotterdam,NL,Madrid,ES,750,1399.96,road,cables,34705.14,0
SO-01547,2026-07-23,C-MIL-032,Rotterdam DC,Rotterdam,NL,Milan,IT,1394,2354.14,road,storage,6211.71,0
SO-01605,2026-07-23,C-WAR-025,Rotterdam DC,Rotterdam,NL,Warsaw,PL,1211,2247.24,road,audio,26607.62,0
SO-01912,2026-07-23,C-STO-024,Rotterdam DC,Rotterdam,NL,Stockholm,SE,571,1014.89,road,chargers,36646.25,1
SO-02846,2026-07-23,C-SIN-033,Shenzhen DC,Shenzhen,CN,Singapore,SG,797,1331.09,sea,audio,15498.74,0
SO-03120,2026-07-23,C-BAN-037,Shenzhen DC,Shenzhen,CN,Bangkok,TH,753,1576.77,sea,chargers,24223.04,1
SO-03133,2026-07-23,C-BAN-028,Shenzhen DC,Shenzhen,CN,Bangkok,TH,121,456.52,sea,wearables,34367.2,0
SO-03731,2026-07-23,C-MUM-004,Shenzhen DC,Shenzhen,CN,Mumbai,IN,1012,1645.04,sea,chargers,25224.39,0
SO-04194,2026-07-23,C-NEW-022,Memphis DC,Memphis,US,New York City,US,173,339.71,road,audio,30803.84,0
SO-04348,2026-07-23,C-NEW-008,Memphis DC,Memphis,US,New York City,US,819,1540.62,road,cases,28225.09,0
SO-04646,2026-07-23,C-CHI-005,Memphis DC,Memphis,US,Chicago,US,525,1320.48,road,cases,14270.45,0
SO-04687,2026-07-23,C-CHI-003,Memphis DC,Memphis,US,Chicago,US,423,1467.16,road,cables,19250.97,0
SO-05345,2026-07-23,C-TOR-034,Memphis DC,Memphis,US,Toronto,CA,380,1233.86,road,cables,24306.12,0
SO-05484,2026-07-23,C-TOR-022,Memphis DC,Memphis,US,Toronto,CA,362,993.41,road,audio,12688.43,0
SO-05501,2026-07-23,C-TOR-014,Memphis DC,Memphis,US,Toronto,CA,415,1586.23,road,chargers,43745.85,0
SO-06297,2026-07-23,C-BUE-005,Memphis DC,Memphis,US,Buenos Aires,AR,117,369.14,sea,chargers,19526.24,1
SO-06375,2026-07-23,C-RIY-007,Dubai DC,Dubai,AE,Riyadh,SA,1193,1747.73,road,cases,25586.58,0
SO-06975,2026-07-23,C-LAG-030,Dubai DC,Dubai,AE,Lagos,NG,264,946.67,air,cables,14635.23,0
SO-07015,2026-07-23,C-LAG-007,Dubai DC,Dubai,AE,Lagos,NG,316,798.98,air,audio,10841.63,0
SO-07034,2026-07-23,C-LAG-034,Dubai DC,Dubai,AE,Lagos,NG,228,534.43,air,audio,9212.89,0
SO-07246,2026-07-23,C-KAR-037,Dubai DC,Dubai,AE,Karachi,PK,583,1308.65,sea,chargers,26595.83,1
SO-00279,2026-07-24,C-LON-006,Rotterdam DC,Rotterdam,NL,London,GB,501,1220.26,road,audio,42716.29,0
SO-00496,2026-07-24,C-BER-002,Rotterdam DC,Rotterdam,NL,Berlin,DE,551,1214.03,road,cases,26426.82,1
SO-00605,2026-07-24,C-BER-024,Rotterdam DC,Rotterdam,NL,Berlin,DE,423,1044.93,road,audio,11989.77,0
SO-00748,2026-07-24,C-BER-031,Rotterdam DC,Rotterdam,NL,Berlin,DE,503,1226.94,road,cables,30482.1,0
SO-00791,2026-07-24,C-PAR-016,Rotterdam DC,Rotterdam,NL,Paris,FR,430,1211.59,road,storage,29221.48,0
SO-00867,2026-07-24,C-PAR-030,Rotterdam DC,Rotterdam,NL,Paris,FR,296,1057.45,road,wearables,34219.43,0
SO-01277,2026-07-24,C-MAD-015,Rotterdam DC,Rotterdam,NL,Madrid,ES,406,1530.01,road,cables,23119.42,0
SO-01296,2026-07-24,C-MAD-030,Rotterdam DC,Rotterdam,NL,Madrid,ES,356,650.86,road,cables,28481.69,0
SO-02054,2026-07-24,C-DUB-001,Rotterdam DC,Rotterdam,NL,Dublin,IE,226,400.36,air,audio,19686.73,0
SO-02395,2026-07-24,C-SEO-033,Shenzhen DC,Shenzhen,CN,Seoul,KR,368,1402.14,sea,chargers,38407.99,0
SO-02498,2026-07-24,C-SEO-005,Shenzhen DC,Shenzhen,CN,Seoul,KR,606,1309.43,sea,cables,21439.89,0
SO-02635,2026-07-24,C-SEO-016,Shenzhen DC,Shenzhen,CN,Seoul,KR,758,1440.68,sea,wearables,46817.95,1
SO-02646,2026-07-24,C-SEO-027,Shenzhen DC,Shenzhen,CN,Seoul,KR,183,576.88,sea,chargers,32779.6,0
SO-02695,2026-07-24,C-SIN-037,Shenzhen DC,Shenzhen,CN,Singapore,SG,518,1084.75,sea,chargers,20699.45,0
SO-02984,2026-07-24,C-BAN-018,Shenzhen DC,Shenzhen,CN,Bangkok,TH,377,1343.7,sea,cables,28274.57,0
SO-03054,2026-07-24,C-BAN-029,Shenzhen DC,Shenzhen,CN,Bangkok,TH,724,1366.91,sea,storage,15529.02,0
SO-03443,2026-07-24,C-MAN-024,Shenzhen DC,Shenzhen,CN,Manila,PH,393,1158.49,sea,storage,21381.95,0
SO-03478,2026-07-24,C-MAN-017,Shenzhen DC,Shenzhen,CN,Manila,PH,225,501.14,sea,audio,20777.2,0
SO-03745,2026-07-24,C-SYD-032,Rotterdam DC,Rotterdam,NL,Sydney,AU,250,619.42,air,audio,44003.42,0
SO-04279,2026-07-24,C-NEW-027,Memphis DC,Memphis,US,New York City,US,351,969.15,road,cables,26520.88,0
SO-04938,2026-07-24,C-LOS-007,Memphis DC,Memphis,US,Los Angeles,US,483,1287.53,road,audio,31138.37,0
SO-05249,2026-07-24,C-LOS-004,Memphis DC,Memphis,US,Los Angeles,US,305,937.41,road,audio,19853.05,0
SO-05759,2026-07-24,C-MEX-023,Memphis DC,Memphis,US,Mexico City,MX,365,1122.63,road,chargers,28279.72,0
SO-05936,2026-07-24,C-SAO-038,Memphis DC,Memphis,US,Sao Paulo,BR,411,1279.74,sea,storage,29872.24,0
SO-05961,2026-07-24,C-BOG-026,Memphis DC,Memphis,US,Bogota,CO,347,582.24,air,audio,19756.67,0
SO-06915,2026-07-24,C-NAI-025,Dubai DC,Dubai,AE,Nairobi,KE,286,678.09,air,cases,16967.75,0
SO-00126,2026-07-25,C-LON-015,Rotterdam DC,Rotterdam,NL,London,GB,327,1171.3,road,audio,23699.76,0
SO-00153,2026-07-25,C-LON-023,Rotterdam DC,Rotterdam,NL,London,GB,653,1190.01,road,chargers,21617.81,0
SO-00323,2026-07-25,C-LON-008,Rotterdam DC,Rotterdam,NL,London,GB,849,1739.59,road,chargers,12003.42,0
SO-01178,2026-07-25,C-MAD-032,Rotterdam DC,Rotterdam,NL,Madrid,ES,219,719.28,road,storage,29006.51,0
SO-01892,2026-07-25,C-STO-004,Rotterdam DC,Rotterdam,NL,Stockholm,SE,261,715.16,road,cables,18224.9,0
SO-02470,2026-07-25,C-SEO-036,Shenzhen DC,Shenzhen,CN,Seoul,KR,331,1208.64,sea,chargers,36811.35,0
SO-03564,2026-07-25,C-MUM-020,Shenzhen DC,Shenzhen,CN,Mumbai,IN,134,493.79,sea,cables,24128.07,0
SO-04106,2026-07-25,C-NEW-023,Memphis DC,Memphis,US,New York City,US,509,1323.81,road,storage,29213.47,0
SO-04681,2026-07-25,C-CHI-002,Memphis DC,Memphis,US,Chicago,US,489,1394.73,road,wearables,27233.93,0
SO-04832,2026-07-25,C-CHI-032,Memphis DC,Memphis,US,Chicago,US,366,1345.07,road,chargers,27853.08,0
SO-05098,2026-07-25,C-LOS-036,Memphis DC,Memphis,US,Los Angeles,US,338,1071.38,road,cases,25440.62,0
SO-05232,2026-07-25,C-LOS-003,Memphis DC,Memphis,US,Los Angeles,US,280,1108.44,road,cases,28051.56,0
SO-05853,2026-07-25,C-SAO-016,Memphis DC,Memphis,US,Sao Paulo,BR,761,1078.74,sea,storage,26826.17,0
SO-06222,2026-07-25,C-BUE-030,Memphis DC,Memphis,US,Buenos Aires,AR,342,1229.52,sea,chargers,31003.79,0
SO-06700,2026-07-25,C-CAI-027,Dubai DC,Dubai,AE,Cairo,EG,443,1358.81,sea,storage,28398.84,0
SO-06897,2026-07-25,C-NAI-022,Dubai DC,Dubai,AE,Nairobi,KE,167,307.39,air,cables,13394.77,0
SO-07344,2026-07-25,C-KAR-002,Dubai DC,Dubai,AE,Karachi,PK,339,570.68,sea,cases,32271.31,0
SO-00673,2026-07-26,C-BER-022,Rotterdam DC,Rotterdam,NL,Berlin,DE,952,1417.29,road,wearables,29245.32,0
SO-01589,2026-07-26,C-MIL-024,Rotterdam DC,Rotterdam,NL,Milan,IT,759,1482.88,road,wearables,42619.05,0
SO-02173,2026-07-26,C-TOK-038,Shenzhen DC,Shenzhen,CN,Tokyo,JP,792,1563.54,sea,storage,32295.12,0
SO-02374,2026-07-26,C-TOK-016,Shenzhen DC,Shenzhen,CN,Tokyo,JP,395,701.86,sea,audio,26257.84,0
SO-02609,2026-07-26,C-SEO-001,Shenzhen DC,Shenzhen,CN,Seoul,KR,262,495.49,sea,cables,15941.45,0
SO-02928,2026-07-26,C-SIN-012,Shenzhen DC,Shenzhen,CN,Singapore,SG,485,1202.01,sea,storage,29315.04,0
SO-03705,2026-07-26,C-MUM-017,Shenzhen DC,Shenzhen,CN,Mumbai,IN,433,1361.73,sea,cases,37349.21,0
SO-03834,2026-07-26,C-SYD-027,Rotterdam DC,Rotterdam,NL,Sydney,AU,380,678.19,air,chargers,27522.15,0
SO-03914,2026-07-26,C-SYD-014,Rotterdam DC,Rotterdam,NL,Sydney,AU,316,753.66,air,storage,28806.26,0
SO-04490,2026-07-26,C-NEW-012,Memphis DC,Memphis,US,New York City,US,537,1458.92,road,audio,26193.6,0
SO-04667,2026-07-26,C-CHI-015,Memphis DC,Memphis,US,Chicago,US,1044,1616.47,road,audio,39631.24,0
SO-04965,2026-07-26,C-LOS-037,Memphis DC,Memphis,US,Los Angeles,US,303,514.71,road,chargers,35288.92,0
SO-05209,2026-07-26,C-LOS-006,Memphis DC,Memphis,US,Los Angeles,US,199,546.68,road,storage,11248.11,0
SO-05355,2026-07-26,C-TOR-021,Memphis DC,Memphis,US,Toronto,CA,95,331.89,road,storage,24586.99,0
SO-05496,2026-07-26,C-TOR-031,Memphis DC,Memphis,US,Toronto,CA,247,727.92,road,audio,26400.79,0
SO-06083,2026-07-26,C-BOG-015,Memphis DC,Memphis,US,Bogota,CO,308,1081.5,air,wearables,31642.04,0
SO-06712,2026-07-26,C-CAI-006,Dubai DC,Dubai,AE,Cairo,EG,277,1102.86,sea,cases,23940.31,1
SO-07259,2026-07-26,C-KAR-036,Dubai DC,Dubai,AE,Karachi,PK,296,586.41,sea,storage,23296.19,0
SO-00223,2026-07-27,C-LON-002,Rotterdam DC,Rotterdam,NL,London,GB,395,1496.07,road,storage,19697.1,0
SO-00807,2026-07-27,C-PAR-012,Rotterdam DC,Rotterdam,NL,Paris,FR,564,1418.89,road,storage,30911.5,0
SO-01538,2026-07-27,C-MIL-023,Rotterdam DC,Rotterdam,NL,Milan,IT,364,580.18,road,chargers,28066.13,0
SO-02539,2026-07-27,C-SEO-007,Shenzhen DC,Shenzhen,CN,Seoul,KR,782,1291.66,sea,audio,30584.89,0
SO-02575,2026-07-27,C-SEO-013,Shenzhen DC,Shenzhen,CN,Seoul,KR,274,786.2,sea,cases,46768.54,0
SO-03833,2026-07-27,C-SYD-007,Rotterdam DC,Rotterdam,NL,Sydney,AU,53,144.25,air,chargers,46642.37,0
SO-03875,2026-07-27,C-SYD-010,Rotterdam DC,Rotterdam,NL,Sydney,AU,392,862.19,air,wearables,40978.65,0
SO-04222,2026-07-27,C-NEW-038,Memphis DC,Memphis,US,New York City,US,136,216.58,road,cables,38100.22,0
SO-04918,2026-07-27,C-CHI-012,Memphis DC,Memphis,US,Chicago,US,636,1255.27,road,audio,25613.79,0
SO-05459,2026-07-27,C-TOR-026,Memphis DC,Memphis,US,Toronto,CA,393,1496.1,road,storage,24827.83,0
SO-06143,2026-07-27,C-SAN-037,Memphis DC,Memphis,US,Santiago,CL,915,1536.37,sea,audio,22620.9,0
SO-06565,2026-07-27,C-RIY-016,Dubai DC,Dubai,AE,Riyadh,SA,628,1013.46,road,cables,17494.44,0
SO-06943,2026-07-27,C-LAG-013,Dubai DC,Dubai,AE,Lagos,NG,260,766.79,air,storage,20436.7,0
SO-07183,2026-07-27,C-JOH-015,Dubai DC,Dubai,AE,Johannesburg,ZA,310,723.94,sea,cases,29540.64,0
SO-07275,2026-07-27,C-KAR-018,Dubai DC,Dubai,AE,Karachi,PK,742,1473.29,sea,cases,18744.13,0
SO-00235,2026-07-28,C-LON-034,Rotterdam DC,Rotterdam,NL,London,GB,380,1283.46,road,chargers,21064.15,0
SO-00260,2026-07-28,C-LON-018,Rotterdam DC,Rotterdam,NL,London,GB,422,1339.18,road,chargers,20564.27,0
SO-00450,2026-07-28,C-BER-031,Rotterdam DC,Rotterdam,NL,Berlin,DE,473,1698.37,road,cables,19937.54,0
SO-00627,2026-07-28,C-BER-019,Rotterdam DC,Rotterdam,NL,Berlin,DE,326,1170.86,road,audio,24903.64,0
SO-01460,2026-07-28,C-MIL-017,Rotterdam DC,Rotterdam,NL,Milan,IT,1049,1516.39,road,chargers,26654.2,0
SO-01478,2026-07-28,C-MIL-031,Rotterdam DC,Rotterdam,NL,Milan,IT,393,1384.77,road,wearables,11436.5,0
SO-01579,2026-07-28,C-MIL-011,Rotterdam DC,Rotterdam,NL,Milan,IT,589,993.21,road,audio,37399.81,0
SO-01668,2026-07-28,C-WAR-029,Rotterdam DC,Rotterdam,NL,Warsaw,PL,552,1819.65,road,cables,21499.58,0
SO-02483,2026-07-28,C-SEO-001,Shenzhen DC,Shenzhen,CN,Seoul,KR,209,757.25,sea,chargers,24232.28,0
SO-02834,2026-07-28,C-SIN-039,Shenzhen DC,Shenzhen,CN,Singapore,SG,254,600.0,sea,wearables,27241.24,0
SO-03729,2026-07-28,C-MUM-007,Shenzhen DC,Shenzhen,CN,Mumbai,IN,824,1736.64,sea,cables,17961.65,0
SO-03976,2026-07-28,C-AUC-002,Rotterdam DC,Rotterdam,NL,Auckland,NZ,513,1021.32,air,storage,28813.42,0
SO-04248,2026-07-28,C-NEW-025,Memphis DC,Memphis,US,New York City,US,314,1017.25,road,storage,31796.18,0
SO-04769,2026-07-28,C-CHI-008,Memphis DC,Memphis,US,Chicago,US,315,1101.87,road,cases,19802.69,0
SO-05457,2026-07-28,C-TOR-001,Memphis DC,Memphis,US,Toronto,CA,382,1385.56,road,audio,26112.98,0
SO-05472,2026-07-28,C-TOR-004,Memphis DC,Memphis,US,Toronto,CA,769,1464.62,road,wearables,40500.51,0
SO-05526,2026-07-28,C-TOR-016,Memphis DC,Memphis,US,Toronto,CA,275,1071.54,road,cases,37055.12,0
SO-05999,2026-07-28,C-BOG-018,Memphis DC,Memphis,US,Bogota,CO,377,729.26,air,storage,24673.4,0
SO-06322,2026-07-28,C-BUE-037,Memphis DC,Memphis,US,Buenos Aires,AR,504,1112.72,sea,cables,22793.62,0
SO-06595,2026-07-28,C-RIY-002,Dubai DC,Dubai,AE,Riyadh,SA,474,1663.98,road,chargers,27597.0,0
SO-06599,2026-07-28,C-RIY-009,Dubai DC,Dubai,AE,Riyadh,SA,636,1101.05,road,cables,33826.36,0
SO-00477,2026-07-29,C-BER-038,Rotterdam DC,Rotterdam,NL,Berlin,DE,779,1465.45,road,chargers,27203.82,0
SO-00508,2026-07-29,C-BER-005,Rotterdam DC,Rotterdam,NL,Berlin,DE,614,1237.11,road,audio,50938.18,0
SO-00783,2026-07-29,C-PAR-002,Rotterdam DC,Rotterdam,NL,Paris,FR,304,795.61,road,cases,26564.38,0
SO-00850,2026-07-29,C-PAR-003,Rotterdam DC,Rotterdam,NL,Paris,FR,347,576.46,road,storage,32235.8,0
SO-00978,2026-07-29,C-PAR-035,Rotterdam DC,Rotterdam,NL,Paris,FR,380,779.16,road,audio,26069.9,0
SO-00996,2026-07-29,C-PAR-011,Rotterdam DC,Rotterdam,NL,Paris,FR,110,361.44,road,wearables,22060.55,0
SO-01216,2026-07-29,C-MAD-039,Rotterdam DC,Rotterdam,NL,Madrid,ES,935,1509.69,road,cables,15297.21,0
SO-01285,2026-07-29,C-MAD-008,Rotterdam DC,Rotterdam,NL,Madrid,ES,535,1859.86,road,audio,8301.48,1
SO-01590,2026-07-29,C-MIL-021,Rotterdam DC,Rotterdam,NL,Milan,IT,367,630.47,road,cases,29702.24,0
SO-02059,2026-07-29,C-DUB-026,Rotterdam DC,Rotterdam,NL,Dublin,IE,200,428.82,air,audio,12463.63,0
SO-03214,2026-07-29,C-JAK-002,Shenzhen DC,Shenzhen,CN,Jakarta,ID,753,1174.34,sea,audio,21044.39,0
SO-03287,2026-07-29,C-JAK-026,Shenzhen DC,Shenzhen,CN,Jakarta,ID,429,1663.72,sea,cases,31256.27,0
SO-03312,2026-07-29,C-JAK-016,Shenzhen DC,Shenzhen,CN,Jakarta,ID,396,1115.28,sea,storage,8218.88,0
SO-03645,2026-07-29,C-MUM-004,Shenzhen DC,Shenzhen,CN,Mumbai,IN,823,1226.14,sea,chargers,21202.18,0
SO-03871,2026-07-29,C-SYD-004,Rotterdam DC,Rotterdam,NL,Sydney,AU,286,810.16,air,chargers,46754.32,0
SO-03881,2026-07-29,C-SYD-011,Rotterdam DC,Rotterdam,NL,Sydney,AU,289,990.72,air,cases,15223.24,0
SO-04078,2026-07-29,C-NEW-019,Memphis DC,Memphis,US,New York City,US,519,838.41,road,chargers,26675.54,0
SO-04465,2026-07-29,C-NEW-006,Memphis DC,Memphis,US,New York City,US,596,1188.11,road,cases,21541.04,0
SO-04860,2026-07-29,C-CHI-033,Memphis DC,Memphis,US,Chicago,US,1,0.5,road,cables,29730.56,0
SO-06141,2026-07-29,C-SAN-002,Memphis DC,Memphis,US,Santiago,CL,1642,2358.99,sea,audio,15400.23,0
SO-07011,2026-07-29,C-LAG-018,Dubai DC,Dubai,AE,Lagos,NG,219,695.41,air,wearables,23059.39,0
SO-07146,2026-07-29,C-JOH-034,Dubai DC,Dubai,AE,Johannesburg,ZA,953,2275.7,sea,storage,23466.58,0
SO-07196,2026-07-29,C-JOH-013,Dubai DC,Dubai,AE,Johannesburg,ZA,299,941.47,sea,wearables,30659.09,0
SO-00091,2026-07-30,C-LON-004,Rotterdam DC,Rotterdam,NL,London,GB,318,1273.42,road,chargers,12420.99,0
SO-00315,2026-07-30,C-LON-036,Rotterdam DC,Rotterdam,NL,London,GB,343,843.09,road,cases,32370.29,0
SO-00513,2026-07-30,C-BER-005,Rotterdam DC,Rotterdam,NL,Berlin,DE,380,830.6,road,chargers,21958.0,0
SO-00880,2026-07-30,C-PAR-014,Rotterdam DC,Rotterdam,NL,Paris,FR,512,1317.43,road,audio,25925.8,0
SO-01365,2026-07-30,C-MAD-023,Rotterdam DC,Rotterdam,NL,Madrid,ES,761,2021.45,road,audio,24556.51,0
SO-02703,2026-07-30,C-SIN-032,Shenzhen DC,Shenzhen,CN,Singapore,SG,225,880.26,sea,wearables,23720.62,0
SO-03036,2026-07-30,C-BAN-003,Shenzhen DC,Shenzhen,CN,Bangkok,TH,586,1018.48,sea,cables,31346.66,0
SO-03660,2026-07-30,C-MUM-026,Shenzhen DC,Shenzhen,CN,Mumbai,IN,383,1275.49,sea,storage,28478.66,0
SO-03965,2026-07-30,C-AUC-035,Rotterdam DC,Rotterdam,NL,Auckland,NZ,327,732.21,air,cables,28311.53,0
SO-04088,2026-07-30,C-NEW-034,Memphis DC,Memphis,US,New York City,US,223,823.25,road,cases,26955.54,0
SO-04615,2026-07-30,C-CHI-023,Memphis DC,Memphis,US,Chicago,US,425,1250.95,road,wearables,33613.67,0
SO-06142,2026-07-30,C-SAN-035,Memphis DC,Memphis,US,Santiago,CL,318,525.64,sea,chargers,24405.52,0
SO-06601,2026-07-30,C-CAI-027,Dubai DC,Dubai,AE,Cairo,EG,214,832.85,sea,chargers,19528.63,0
SO-07148,2026-07-30,C-JOH-039,Dubai DC,Dubai,AE,Johannesburg,ZA,305,809.06,sea,storage,27593.1,0
SO-07217,2026-07-30,C-JOH-027,Dubai DC,Dubai,AE,Johannesburg,ZA,662,1979.19,sea,storage,22245.19,0
SO-00135,2026-07-31,C-LON-021,Rotterdam DC,Rotterdam,NL,London,GB,170,620.33,road,chargers,13873.91,0
SO-01457,2026-07-31,C-MIL-023,Rotterdam DC,Rotterdam,NL,Milan,IT,532,997.76,road,cases,31450.62,0
SO-01913,2026-07-31,C-STO-027,Rotterdam DC,Rotterdam,NL,Stockholm,SE,463,1142.9,road,chargers,22963.49,0
SO-02078,2026-07-31,C-TOK-020,Shenzhen DC,Shenzhen,CN,Tokyo,JP,171,554.99,sea,wearables,25293.96,0
SO-02212,2026-07-31,C-TOK-022,Shenzhen DC,Shenzhen,CN,Tokyo,JP,530,935.86,sea,storage,22801.25,0
SO-02276,2026-07-31,C-TOK-001,Shenzhen DC,Shenzhen,CN,Tokyo,JP,439,1186.49,sea,audio,21287.86,0
SO-02279,2026-07-31,C-TOK-013,Shenzhen DC,Shenzhen,CN,Tokyo,JP,354,1313.08,sea,cables,37514.58,0
SO-02737,2026-07-31,C-SIN-018,Shenzhen DC,Shenzhen,CN,Singapore,SG,300,1164.99,sea,wearables,40153.44,0
SO-03079,2026-07-31,C-BAN-014,Shenzhen DC,Shenzhen,CN,Bangkok,TH,276,771.52,sea,wearables,26345.01,0
SO-03136,2026-07-31,C-BAN-002,Shenzhen DC,Shenzhen,CN,Bangkok,TH,319,839.2,sea,cables,30923.85,0
SO-04828,2026-07-31,C-CHI-018,Memphis DC,Memphis,US,Chicago,US,701,1118.37,road,cables,34596.83,0
SO-05056,2026-07-31,C-LOS-026,Memphis DC,Memphis,US,Los Angeles,US,291,1073.32,road,audio,21358.45,0
SO-05808,2026-07-31,C-SAO-006,Memphis DC,Memphis,US,Sao Paulo,BR,411,1541.75,sea,wearables,21196.2,0
SO-05880,2026-07-31,C-SAO-009,Memphis DC,Memphis,US,Sao Paulo,BR,975,3307.8,sea,cables,29204.25,0
SO-06364,2026-07-31,C-BUE-005,Memphis DC,Memphis,US,Buenos Aires,AR,704,1636.45,sea,audio,30305.65,0
SO-06508,2026-07-31,C-RIY-039,Dubai DC,Dubai,AE,Riyadh,SA,368,1347.43,road,cables,17873.08,0
SO-06798,2026-07-31,C-NAI-037,Dubai DC,Dubai,AE,Nairobi,KE,227,785.62,air,chargers,24333.83,0
SO-06838,2026-07-31,C-NAI-035,Dubai DC,Dubai,AE,Nairobi,KE,138,456.9,air,audio,25556.0,0
SO-07024,2026-07-31,C-LAG-026,Dubai DC,Dubai,AE,Lagos,NG,243,792.32,air,storage,15105.83,0
SO-00341,2026-08-01,C-LON-012,Rotterdam DC,Rotterdam,NL,London,GB,437,853.23,road,wearables,31103.05,0
SO-00960,2026-08-01,C-PAR-019,Rotterdam DC,Rotterdam,NL,Paris,FR,201,625.85,road,cases,22486.57,0
SO-01168,2026-08-01,C-MAD-023,Rotterdam DC,Rotterdam,NL,Madrid,ES,676,1003.59,road,storage,27459.21,0
SO-01324,2026-08-01,C-MAD-014,Rotterdam DC,Rotterdam,NL,Madrid,ES,322,1042.59,road,cases,28904.26,0
SO-01334,2026-08-01,C-MAD-015,Rotterdam DC,Rotterdam,NL,Madrid,ES,461,985.07,road,storage,22476.96,1
SO-01562,2026-08-01,C-MIL-014,Rotterdam DC,Rotterdam,NL,Milan,IT,445,935.0,road,wearables,20958.87,0
SO-01795,2026-08-01,C-STO-033,Rotterdam DC,Rotterdam,NL,Stockholm,SE,469,904.74,road,wearables,23249.28,0
SO-02071,2026-08-01,C-TOK-011,Shenzhen DC,Shenzhen,CN,Tokyo,JP,500,1134.47,sea,wearables,38163.32,0
SO-03899,2026-08-01,C-SYD-028,Rotterdam DC,Rotterdam,NL,Sydney,AU,615,1227.59,air,storage,23672.64,0
SO-03908,2026-08-01,C-SYD-029,Rotterdam DC,Rotterdam,NL,Sydney,AU,310,1151.38,air,storage,27758.31,0
SO-03940,2026-08-01,C-AUC-008,Rotterdam DC,Rotterdam,NL,Auckland,NZ,161,389.29,air,chargers,32740.86,0
SO-04220,2026-08-01,C-NEW-024,Memphis DC,Memphis,US,New York City,US,176,653.53,road,cases,38641.36,1
SO-04451,2026-08-01,C-NEW-010,Memphis DC,Memphis,US,New York City,US,473,1176.92,road,audio,21115.36,1
SO-04550,2026-08-01,C-CHI-013,Memphis DC,Memphis,US,Chicago,US,286,1133.97,road,audio,20600.25,0
SO-04720,2026-08-01,C-CHI-020,Memphis DC,Memphis,US,Chicago,US,432,1202.1,road,cases,43552.89,0
SO-05773,2026-08-01,C-SAO-028,Memphis DC,Memphis,US,Sao Paulo,BR,880,2117.18,sea,cases,28863.19,0
SO-05817,2026-08-01,C-SAO-021,Memphis DC,Memphis,US,Sao Paulo,BR,974,2220.6,sea,wearables,28580.57,0
SO-07063,2026-08-01,C-JOH-013,Dubai DC,Dubai,AE,Johannesburg,ZA,507,770.89,sea,wearables,15476.09,0
SO-07189,2026-08-01,C-JOH-011,Dubai DC,Dubai,AE,Johannesburg,ZA,282,948.0,sea,cables,23352.5,0
SO-00162,2026-08-02,C-LON-011,Rotterdam DC,Rotterdam,NL,London,GB,647,1003.5,road,cables,22957.98,0
SO-00608,2026-08-02,C-BER-026,Rotterdam DC,Rotterdam,NL,Berlin,DE,810,1371.21,road,audio,30133.6,0
SO-01088,2026-08-02,C-PAR-020,Rotterdam DC,Rotterdam,NL,Paris,FR,346,1067.53,road,cases,29397.69,0
SO-01200,2026-08-02,C-MAD-023,Rotterdam DC,Rotterdam,NL,Madrid,ES,446,1432.54,road,wearables,13462.74,0
SO-02002,2026-08-02,C-DUB-034,Rotterdam DC,Rotterdam,NL,Dublin,IE,232,533.71,air,audio,10887.1,0
SO-02047,2026-08-02,C-DUB-037,Rotterdam DC,Rotterdam,NL,Dublin,IE,196,768.41,air,cases,15256.74,0
SO-02195,2026-08-02,C-TOK-018,Shenzhen DC,Shenzhen,CN,Tokyo,JP,238,647.37,sea,cases,38594.6,1
SO-02495,2026-08-02,C-SEO-012,Shenzhen DC,Shenzhen,CN,Seoul,KR,559,1604.95,sea,cables,42293.46,0
SO-02951,2026-08-02,C-BAN-026,Shenzhen DC,Shenzhen,CN,Bangkok,TH,561,1143.57,sea,audio,17785.15,0
SO-03509,2026-08-02,C-MUM-024,Shenzhen DC,Shenzhen,CN,Mumbai,IN,655,1364.14,sea,cases,23828.79,0
SO-03644,2026-08-02,C-MUM-017,Shenzhen DC,Shenzhen,CN,Mumbai,IN,522,1193.42,sea,cases,28671.35,1
SO-03752,2026-08-02,C-SYD-029,Rotterdam DC,Rotterdam,NL,Sydney,AU,279,729.38,air,cases,40389.43,0
SO-03846,2026-08-02,C-SYD-037,Rotterdam DC,Rotterdam,NL,Sydney,AU,335,602.73,air,cases,37075.74,1
SO-04158,2026-08-02,C-NEW-029,Memphis DC,Memphis,US,New York City,US,262,765.14,road,chargers,6694.14,0
SO-04361,2026-08-02,C-NEW-004,Memphis DC,Memphis,US,New York City,US,281,909.81,road,chargers,24117.21,0
SO-05295,2026-08-02,C-LOS-011,Memphis DC,Memphis,US,Los Angeles,US,437,669.15,road,cases,29628.42,1
SO-05425,2026-08-02,C-TOR-006,Memphis DC,Memphis,US,Toronto,CA,754,1569.1,road,chargers,34089.73,0
SO-05571,2026-08-02,C-MEX-025,Memphis DC,Memphis,US,Mexico City,MX,490,1466.94,road,chargers,18701.37,0
SO-05874,2026-08-02,C-SAO-037,Memphis DC,Memphis,US,Sao Paulo,BR,444,1605.46,sea,cases,27048.79,0
SO-06535,2026-08-02,C-RIY-004,Dubai DC,Dubai,AE,Riyadh,SA,642,2000.12,road,audio,19017.45,0
SO-06886,2026-08-02,C-NAI-002,Dubai DC,Dubai,AE,Nairobi,KE,551,1287.53,air,storage,15917.76,0
SO-07338,2026-08-02,C-KAR-026,Dubai DC,Dubai,AE,Karachi,PK,239,782.31,sea,cables,9158.05,0
SO-00134,2026-08-03,C-LON-026,Rotterdam DC,Rotterdam,NL,London,GB,431,1129.12,road,audio,10410.46,0
SO-00180,2026-08-03,C-LON-030,Rotterdam DC,Rotterdam,NL,London,GB,431,862.56,road,chargers,15155.04,0
SO-00403,2026-08-03,C-LON-035,Rotterdam DC,Rotterdam,NL,London,GB,426,1221.82,road,wearables,22691.77,0
SO-01533,2026-08-03,C-MIL-017,Rotterdam DC,Rotterdam,NL,Milan,IT,461,1840.4,road,storage,32189.72,0
SO-02029,2026-08-03,C-DUB-029,Rotterdam DC,Rotterdam,NL,Dublin,IE,317,686.59,air,wearables,14258.69,0
SO-02880,2026-08-03,C-SIN-022,Shenzhen DC,Shenzhen,CN,Singapore,SG,336,799.47,sea,cables,10250.58,0
SO-03021,2026-08-03,C-BAN-039,Shenzhen DC,Shenzhen,CN,Bangkok,TH,641,1772.3,sea,cases,34060.52,0
SO-03539,2026-08-03,C-MUM-031,Shenzhen DC,Shenzhen,CN,Mumbai,IN,464,786.38,sea,wearables,9961.81,0
SO-03656,2026-08-03,C-MUM-033,Shenzhen DC,Shenzhen,CN,Mumbai,IN,368,1161.58,sea,chargers,24825.14,0
SO-03767,2026-08-03,C-SYD-005,Rotterdam DC,Rotterdam,NL,Sydney,AU,250,856.7,air,wearables,32407.29,0
SO-04147,2026-08-03,C-NEW-026,Memphis DC,Memphis,US,New York City,US,633,1016.83,road,cases,19911.29,0
SO-04983,2026-08-03,C-LOS-002,Memphis DC,Memphis,US,Los Angeles,US,970,2199.45,road,storage,16605.94,0
SO-05132,2026-08-03,C-LOS-026,Memphis DC,Memphis,US,Los Angeles,US,680,1502.0,road,audio,26531.66,0
SO-05517,2026-08-03,C-TOR-009,Memphis DC,Memphis,US,Toronto,CA,274,1077.01,road,chargers,28270.16,0
SO-05605,2026-08-03,C-MEX-020,Memphis DC,Memphis,US,Mexico City,MX,533,1149.31,road,audio,9479.94,1
SO-05968,2026-08-03,C-BOG-019,Memphis DC,Memphis,US,Bogota,CO,585,955.63,air,chargers,29555.77,0
SO-06505,2026-08-03,C-RIY-016,Dubai DC,Dubai,AE,Riyadh,SA,373,1203.15,road,cases,24164.79,0
SO-00240,2026-08-04,C-LON-014,Rotterdam DC,Rotterdam,NL,London,GB,173,488.47,road,cables,28999.87,0
SO-00367,2026-08-04,C-LON-001,Rotterdam DC,Rotterdam,NL,London,GB,928,1742.09,road,cables,25568.27,0
SO-00922,2026-08-04,C-PAR-007,Rotterdam DC,Rotterdam,NL,Paris,FR,138,528.09,road,chargers,28892.66,0
SO-01293,2026-08-04,C-MAD-012,Rotterdam DC,Rotterdam,NL,Madrid,ES,369,949.62,road,storage,26668.04,0
SO-02223,2026-08-04,C-TOK-037,Shenzhen DC,Shenzhen,CN,Tokyo,JP,262,765.87,sea,wearables,35009.66,0
SO-02796,2026-08-04,C-SIN-029,Shenzhen DC,Shenzhen,CN,Singapore,SG,755,1601.58,sea,wearables,11034.67,0
SO-03171,2026-08-04,C-JAK-020,Shenzhen DC,Shenzhen,CN,Jakarta,ID,473,1563.08,sea,cables,21001.14,0
SO-03253,2026-08-04,C-JAK-002,Shenzhen DC,Shenzhen,CN,Jakarta,ID,581,1505.67,sea,wearables,23265.23,0
SO-03807,2026-08-04,C-SYD-031,Rotterdam DC,Rotterdam,NL,Sydney,AU,406,1115.35,air,cases,37353.98,0
SO-04176,2026-08-04,C-NEW-033,Memphis DC,Memphis,US,New York City,US,732,1535.19,road,cases,31957.87,0
SO-04576,2026-08-04,C-CHI-005,Memphis DC,Memphis,US,Chicago,US,132,433.64,road,audio,24243.37,0
SO-05213,2026-08-04,C-LOS-023,Memphis DC,Memphis,US,Los Angeles,US,556,797.47,road,cases,13495.27,0
SO-05257,2026-08-04,C-LOS-023,Memphis DC,Memphis,US,Los Angeles,US,790,1546.17,road,storage,31669.59,0
SO-05632,2026-08-04,C-MEX-033,Memphis DC,Memphis,US,Mexico City,MX,748,1547.52,road,audio,13364.57,0
SO-05981,2026-08-04,C-BOG-010,Memphis DC,Memphis,US,Bogota,CO,150,558.19,air,wearables,32037.24,1
SO-06723,2026-08-04,C-CAI-003,Dubai DC,Dubai,AE,Cairo,EG,572,1669.6,sea,cases,21024.02,0
SO-06814,2026-08-04,C-NAI-018,Dubai DC,Dubai,AE,Nairobi,KE,611,1148.63,air,cases,25711.2,0
SO-06861,2026-08-04,C-NAI-013,Dubai DC,Dubai,AE,Nairobi,KE,248,606.93,air,chargers,27492.97,0
SO-07352,2026-08-04,C-KAR-033,Dubai DC,Dubai,AE,Karachi,PK,494,1295.21,sea,storage,27280.92,0
SO-00004,2026-08-05,C-LON-038,Rotterdam DC,Rotterdam,NL,London,GB,539,1218.7,road,audio,19188.26,0
SO-00362,2026-08-05,C-LON-002,Rotterdam DC,Rotterdam,NL,London,GB,395,1390.79,road,cases,16589.08,0
SO-00974,2026-08-05,C-PAR-012,Rotterdam DC,Rotterdam,NL,Paris,FR,217,510.8,road,cases,25934.07,0
SO-01031,2026-08-05,C-PAR-006,Rotterdam DC,Rotterdam,NL,Paris,FR,277,1084.79,road,wearables,25961.37,0
SO-01099,2026-08-05,C-PAR-008,Rotterdam DC,Rotterdam,NL,Paris,FR,277,597.53,road,cables,24996.11,0
SO-01281,2026-08-05,C-MAD-011,Rotterdam DC,Rotterdam,NL,Madrid,ES,312,1018.08,road,wearables,22638.37,1
SO-01492,2026-08-05,C-MIL-027,Rotterdam DC,Rotterdam,NL,Milan,IT,618,1409.19,road,audio,22157.31,0
SO-01497,2026-08-05,C-MIL-005,Rotterdam DC,Rotterdam,NL,Milan,IT,610,1840.03,road,chargers,32592.69,0
SO-01583,2026-08-05,C-MIL-011,Rotterdam DC,Rotterdam,NL,Milan,IT,266,596.45,road,cables,26239.09,0
SO-01986,2026-08-05,C-DUB-024,Rotterdam DC,Rotterdam,NL,Dublin,IE,148,289.51,air,storage,18103.01,0
SO-02342,2026-08-05,C-TOK-001,Shenzhen DC,Shenzhen,CN,Tokyo,JP,714,1790.71,sea,cables,16831.45,1
SO-03258,2026-08-05,C-JAK-023,Shenzhen DC,Shenzhen,CN,Jakarta,ID,665,1574.78,sea,storage,33253.81,0
SO-03418,2026-08-05,C-MAN-003,Shenzhen DC,Shenzhen,CN,Manila,PH,651,1186.65,sea,cases,37521.71,0
SO-03439,2026-08-05,C-MAN-037,Shenzhen DC,Shenzhen,CN,Manila,PH,320,1143.77,sea,cases,22509.96,0
SO-03854,2026-08-05,C-SYD-001,Rotterdam DC,Rotterdam,NL,Sydney,AU,219,704.75,air,audio,51344.58,0
SO-03858,2026-08-05,C-SYD-025,Rotterdam DC,Rotterdam,NL,Sydney,AU,279,913.59,air,cables,25991.56,1
SO-03954,2026-08-05,C-AUC-033,Rotterdam DC,Rotterdam,NL,Auckland,NZ,81,291.9,air,audio,17358.24,0
SO-04090,2026-08-05,C-NEW-039,Memphis DC,Memphis,US,New York City,US,669,1061.37,road,cases,33208.71,0
SO-04155,2026-08-05,C-NEW-024,Memphis DC,Memphis,US,New York City,US,334,823.57,road,chargers,41609.57,0
SO-04370,2026-08-05,C-NEW-005,Memphis DC,Memphis,US,New York City,US,309,1129.38,road,wearables,25844.13,0
SO-05091,2026-08-05,C-LOS-005,Memphis DC,Memphis,US,Los Angeles,US,1028,1455.2,road,cases,22969.92,0
SO-05139,2026-08-05,C-LOS-009,Memphis DC,Memphis,US,Los Angeles,US,205,440.51,road,storage,40162.5,0
SO-05376,2026-08-05,C-TOR-028,Memphis DC,Memphis,US,Toronto,CA,211,614.17,road,wearables,38111.29,0
SO-05631,2026-08-05,C-MEX-014,Memphis DC,Memphis,US,Mexico City,MX,443,1404.55,road,audio,15716.62,0
SO-06005,2026-08-05,C-BOG-033,Memphis DC,Memphis,US,Bogota,CO,392,815.29,air,wearables,22939.8,0
SO-06059,2026-08-05,C-BOG-032,Memphis DC,Memphis,US,Bogota,CO,239,683.9,air,cables,18757.72,0
SO-06120,2026-08-05,C-SAN-028,Memphis DC,Memphis,US,Santiago,CL,758,1464.98,sea,cases,29689.06,0
SO-06256,2026-08-05,C-BUE-014,Memphis DC,Memphis,US,Buenos Aires,AR,479,1865.65,sea,chargers,16240.77,0
SO-06353,2026-08-05,C-BUE-038,Memphis DC,Memphis,US,Buenos Aires,AR,459,1795.06,sea,audio,16248.82,0
SO-07322,2026-08-05,C-KAR-008,Dubai DC,Dubai,AE,Karachi,PK,626,1041.94,sea,audio,19810.45,0
SO-00208,2026-08-06,C-LON-018,Rotterdam DC,Rotterdam,NL,London,GB,452,967.14,road,wearables,8663.54,0
SO-00359,2026-08-06,C-LON-004,Rotterdam DC,Rotterdam,NL,London,GB,427,1016.71,road,chargers,18227.15,0
SO-00389,2026-08-06,C-LON-005,Rotterdam DC,Rotterdam,NL,London,GB,502,1614.0,road,wearables,43659.96,1
SO-00741,2026-08-06,C-BER-014,Rotterdam DC,Rotterdam,NL,Berlin,DE,225,810.11,road,wearables,20727.06,0
SO-00747,2026-08-06,C-BER-023,Rotterdam DC,Rotterdam,NL,Berlin,DE,358,822.45,road,cables,17201.16,0
SO-02183,2026-08-06,C-TOK-010,Shenzhen DC,Shenzhen,CN,Tokyo,JP,124,402.47,sea,chargers,7234.22,0
SO-02632,2026-08-06,C-SEO-022,Shenzhen DC,Shenzhen,CN,Seoul,KR,536,1128.68,sea,wearables,30233.26,0
SO-03197,2026-08-06,C-JAK-001,Shenzhen DC,Shenzhen,CN,Jakarta,ID,481,1248.81,sea,cases,32217.42,0
SO-04365,2026-08-06,C-NEW-038,Memphis DC,Memphis,US,New York City,US,388,1250.44,road,cases,39012.1,0
SO-04427,2026-08-06,C-NEW-036,Memphis DC,Memphis,US,New York City,US,1073,1605.83,road,storage,30496.9,0
SO-04655,2026-08-06,C-CHI-034,Memphis DC,Memphis,US,Chicago,US,537,1234.48,road,wearables,28402.57,0
SO-05856,2026-08-06,C-SAO-021,Memphis DC,Memphis,US,Sao Paulo,BR,855,1860.07,sea,cases,28495.51,0
SO-06410,2026-08-06,C-RIY-024,Dubai DC,Dubai,AE,Riyadh,SA,481,1406.4,road,chargers,29444.07,0
SO-06950,2026-08-06,C-LAG-028,Dubai DC,Dubai,AE,Lagos,NG,566,1113.27,air,wearables,21271.4,0
SO-07263,2026-08-06,C-KAR-003,Dubai DC,Dubai,AE,Karachi,PK,1154,1625.82,sea,wearables,14242.53,0
SO-00005,2026-08-07,C-LON-019,Rotterdam DC,Rotterdam,NL,London,GB,213,702.71,road,audio,30138.68,0
SO-01212,2026-08-07,C-MAD-024,Rotterdam DC,Rotterdam,NL,Madrid,ES,875,1317.4,road,wearables,41895.86,0
SO-01247,2026-08-07,C-MAD-026,Rotterdam DC,Rotterdam,NL,Madrid,ES,538,1591.02,road,audio,29334.67,0
SO-01340,2026-08-07,C-MAD-007,Rotterdam DC,Rotterdam,NL,Madrid,ES,33,68.45,road,cables,24608.47,0
SO-01428,2026-08-07,C-MIL-010,Rotterdam DC,Rotterdam,NL,Milan,IT,344,1247.4,road,chargers,28467.85,0
SO-01957,2026-08-07,C-DUB-007,Rotterdam DC,Rotterdam,NL,Dublin,IE,399,858.68,air,audio,24675.49,0
SO-02005,2026-08-07,C-DUB-027,Rotterdam DC,Rotterdam,NL,Dublin,IE,350,995.47,air,wearables,20406.4,0
SO-02027,2026-08-07,C-DUB-025,Rotterdam DC,Rotterdam,NL,Dublin,IE,451,1254.97,air,storage,15226.76,0
SO-03055,2026-08-07,C-BAN-005,Shenzhen DC,Shenzhen,CN,Bangkok,TH,375,1266.91,sea,chargers,25011.76,0
SO-03709,2026-08-07,C-MUM-011,Shenzhen DC,Shenzhen,CN,Mumbai,IN,337,1280.38,sea,cables,26683.66,0
SO-04651,2026-08-07,C-CHI-019,Memphis DC,Memphis,US,Chicago,US,72,235.58,road,chargers,25165.01,0
SO-04823,2026-08-07,C-CHI-007,Memphis DC,Memphis,US,Chicago,US,316,1101.03,road,audio,38855.02,0
SO-05064,2026-08-07,C-LOS-020,Memphis DC,Memphis,US,Los Angeles,US,525,1616.1,road,chargers,22478.8,0
SO-06064,2026-08-07,C-BOG-027,Memphis DC,Memphis,US,Bogota,CO,618,1050.78,air,chargers,19875.04,0
SO-07283,2026-08-07,C-KAR-038,Dubai DC,Dubai,AE,Karachi,PK,453,1231.39,sea,chargers,19132.94,0
SO-00127,2026-08-08,C-LON-006,Rotterdam DC,Rotterdam,NL,London,GB,615,1569.15,road,wearables,19947.48,0
SO-00291,2026-08-08,C-LON-003,Rotterdam DC,Rotterdam,NL,London,GB,321,1259.63,road,wearables,29050.3,0
SO-00435,2026-08-08,C-BER-021,Rotterdam DC,Rotterdam,NL,Berlin,DE,1218,1977.76,road,cases,24528.11,0
SO-00501,2026-08-08,C-BER-032,Rotterdam DC,Rotterdam,NL,Berlin,DE,426,830.0,road,storage,25454.85,0
SO-01195,2026-08-08,C-MAD-027,Rotterdam DC,Rotterdam,NL,Madrid,ES,738,1547.81,road,chargers,33621.01,0
SO-01314,2026-08-08,C-MAD-001,Rotterdam DC,Rotterdam,NL,Madrid,ES,416,1007.77,road,chargers,30418.69,0
SO-01431,2026-08-08,C-MIL-021,Rotterdam DC,Rotterdam,NL,Milan,IT,423,996.28,road,cases,25073.07,0
SO-01681,2026-08-08,C-WAR-028,Rotterdam DC,Rotterdam,NL,Warsaw,PL,551,1738.45,road,chargers,11072.86,0
SO-01837,2026-08-08,C-STO-033,Rotterdam DC,Rotterdam,NL,Stockholm,SE,288,959.14,road,storage,29166.52,0
SO-01857,2026-08-08,C-STO-018,Rotterdam DC,Rotterdam,NL,Stockholm,SE,306,1171.99,road,cases,13505.37,0
SO-02250,2026-08-08,C-TOK-005,Shenzhen DC,Shenzhen,CN,Tokyo,JP,240,536.26,sea,cables,28626.97,0
SO-02260,2026-08-08,C-TOK-007,Shenzhen DC,Shenzhen,CN,Tokyo,JP,590,1359.63,sea,cables,15925.69,0
SO-02360,2026-08-08,C-TOK-022,Shenzhen DC,Shenzhen,CN,Tokyo,JP,329,1035.26,sea,storage,42946.52,0
SO-02625,2026-08-08,C-SEO-030,Shenzhen DC,Shenzhen,CN,Seoul,KR,309,658.08,sea,audio,41138.26,0
SO-02814,2026-08-08,C-SIN-014,Shenzhen DC,Shenzhen,CN,Singapore,SG,647,1479.2,sea,wearables,32436.65,0
SO-02862,2026-08-08,C-SIN-021,Shenzhen DC,Shenzhen,CN,Singapore,SG,660,1110.75,sea,wearables,36302.44,0
SO-03316,2026-08-08,C-JAK-010,Shenzhen DC,Shenzhen,CN,Jakarta,ID,666,942.06,sea,cables,19806.43,0
SO-03867,2026-08-08,C-SYD-029,Rotterdam DC,Rotterdam,NL,Sydney,AU,290,577.26,air,cables,54532.52,0
SO-04247,2026-08-08,C-NEW-012,Memphis DC,Memphis,US,New York City,US,308,1056.38,road,cables,13657.37,0
SO-04722,2026-08-08,C-CHI-004,Memphis DC,Memphis,US,Chicago,US,542,1001.0,road,storage,23694.84,0
SO-05336,2026-08-08,C-TOR-029,Memphis DC,Memphis,US,Toronto,CA,391,1396.95,road,wearables,22049.65,0
SO-05882,2026-08-08,C-SAO-019,Memphis DC,Memphis,US,Sao Paulo,BR,665,1112.43,sea,audio,17426.15,0
SO-06796,2026-08-08,C-NAI-023,Dubai DC,Dubai,AE,Nairobi,KE,179,526.71,air,wearables,36370.96,0
SO-07129,2026-08-08,C-JOH-017,Dubai DC,Dubai,AE,Johannesburg,ZA,571,1900.45,sea,audio,25158.52,0
SO-01062,2026-08-09,C-PAR-021,Rotterdam DC,Rotterdam,NL,Paris,FR,703,1769.92,road,storage,36875.17,0
SO-01164,2026-08-09,C-MAD-007,Rotterdam DC,Rotterdam,NL,Madrid,ES,320,1026.74,road,wearables,33576.0,0
SO-01362,2026-08-09,C-MAD-013,Rotterdam DC,Rotterdam,NL,Madrid,ES,565,1439.12,road,audio,24122.6,0
SO-01627,2026-08-09,C-WAR-016,Rotterdam DC,Rotterdam,NL,Warsaw,PL,281,729.79,road,cases,38225.48,0
SO-01701,2026-08-09,C-WAR-023,Rotterdam DC,Rotterdam,NL,Warsaw,PL,1085,1948.25,road,wearables,31684.73,0
SO-01786,2026-08-09,C-STO-013,Rotterdam DC,Rotterdam,NL,Stockholm,SE,453,1593.55,road,storage,38068.96,0
SO-02381,2026-08-09,C-TOK-010,Shenzhen DC,Shenzhen,CN,Tokyo,JP,348,756.86,sea,wearables,10231.05,0
SO-02400,2026-08-09,C-SEO-004,Shenzhen DC,Shenzhen,CN,Seoul,KR,321,965.16,sea,cables,47648.12,0
SO-03081,2026-08-09,C-BAN-017,Shenzhen DC,Shenzhen,CN,Bangkok,TH,558,1497.53,sea,cables,36984.59,0
SO-03874,2026-08-09,C-SYD-009,Rotterdam DC,Rotterdam,NL,Sydney,AU,522,932.91,air,chargers,26413.13,0
SO-05235,2026-08-09,C-LOS-007,Memphis DC,Memphis,US,Los Angeles,US,362,1217.54,road,wearables,41019.15,0
SO-06287,2026-08-09,C-BUE-014,Memphis DC,Memphis,US,Buenos Aires,AR,552,1656.05,sea,cables,33198.0,0
SO-06530,2026-08-09,C-RIY-023,Dubai DC,Dubai,AE,Riyadh,SA,279,762.74,road,audio,28025.18,0
SO-06734,2026-08-09,C-CAI-010,Dubai DC,Dubai,AE,Cairo,EG,501,1058.36,sea,audio,11101.04,1
SO-07087,2026-08-09,C-JOH-035,Dubai DC,Dubai,AE,Johannesburg,ZA,1338,2062.43,sea,chargers,19935.04,0
SO-00893,2026-08-10,C-PAR-003,Rotterdam DC,Rotterdam,NL,Paris,FR,309,1219.53,road,wearables,18364.5,0
SO-01111,2026-08-10,C-PAR-013,Rotterdam DC,Rotterdam,NL,Paris,FR,917,1483.72,road,chargers,17740.97,0
SO-02119,2026-08-10,C-TOK-018,Shenzhen DC,Shenzhen,CN,Tokyo,JP,302,982.18,sea,chargers,24821.98,0
SO-02247,2026-08-10,C-TOK-010,Shenzhen DC,Shenzhen,CN,Tokyo,JP,315,1071.22,sea,wearables,19039.49,0
SO-02332,2026-08-10,C-TOK-018,Shenzhen DC,Shenzhen,CN,Tokyo,JP,268,755.27,sea,storage,32453.25,0
SO-02489,2026-08-10,C-SEO-009,Shenzhen DC,Shenzhen,CN,Seoul,KR,364,806.23,sea,wearables,26333.63,0
SO-02709,2026-08-10,C-SIN-021,Shenzhen DC,Shenzhen,CN,Singapore,SG,592,1582.43,sea,cases,42888.36,0
SO-03035,2026-08-10,C-BAN-015,Shenzhen DC,Shenzhen,CN,Bangkok,TH,550,809.35,sea,audio,21590.86,0
SO-03329,2026-08-10,C-JAK-027,Shenzhen DC,Shenzhen,CN,Jakarta,ID,729,1430.1,sea,cables,31748.57,0
SO-03438,2026-08-10,C-MAN-012,Shenzhen DC,Shenzhen,CN,Manila,PH,211,794.96,sea,audio,21078.51,0
SO-04246,2026-08-10,C-NEW-016,Memphis DC,Memphis,US,New York City,US,466,866.94,road,chargers,30825.08,1
SO-04460,2026-08-10,C-NEW-026,Memphis DC,Memphis,US,New York City,US,413,1519.99,road,storage,30885.76,0
SO-05984,2026-08-10,C-BOG-010,Memphis DC,Memphis,US,Bogota,CO,44,158.73,air,cases,34670.03,0
SO-06164,2026-08-10,C-SAN-022,Memphis DC,Memphis,US,Santiago,CL,451,1700.23,sea,cables,39237.4,1
SO-00310,2026-08-11,C-LON-036,Rotterdam DC,Rotterdam,NL,London,GB,444,1256.49,road,cables,19029.17,0
SO-00660,2026-08-11,C-BER-017,Rotterdam DC,Rotterdam,NL,Berlin,DE,766,2250.85,road,wearables,26491.7,0
SO-01480,2026-08-11,C-MIL-005,Rotterdam DC,Rotterdam,NL,Milan,IT,388,1252.92,road,chargers,14117.06,0
SO-01552,2026-08-11,C-MIL-023,Rotterdam DC,Rotterdam,NL,Milan,IT,923,2175.07,road,cables,26825.0,0
SO-02100,2026-08-11,C-TOK-025,Shenzhen DC,Shenzhen,CN,Tokyo,JP,322,1178.03,sea,storage,51264.67,0
SO-02231,2026-08-11,C-TOK-026,Shenzhen DC,Shenzhen,CN,Tokyo,JP,183,407.34,sea,chargers,28952.46,0
SO-02264,2026-08-11,C-TOK-002,Shenzhen DC,Shenzhen,CN,Tokyo,JP,395,1132.39,sea,audio,33453.51,0
SO-02927,2026-08-11,C-SIN-012,Shenzhen DC,Shenzhen,CN,Singapore,SG,377,1322.78,sea,chargers,35703.53,0
SO-03324,2026-08-11,C-JAK-037,Shenzhen DC,Shenzhen,CN,Jakarta,ID,341,1175.72,sea,audio,31708.66,0
SO-05626,2026-08-11,C-MEX-035,Memphis DC,Memphis,US,Mexico City,MX,699,1576.66,road,wearables,32045.25,0
SO-05820,2026-08-11,C-SAO-032,Memphis DC,Memphis,US,Sao Paulo,BR,940,1675.93,sea,storage,25044.16,0
SO-06027,2026-08-11,C-BOG-015,Memphis DC,Memphis,US,Bogota,CO,445,1094.66,air,chargers,23440.14,0
SO-06121,2026-08-11,C-SAN-004,Memphis DC,Memphis,US,Santiago,CL,421,1172.99,sea,cases,44261.66,0
SO-06156,2026-08-11,C-SAN-013,Memphis DC,Memphis,US,Santiago,CL,696,1577.75,sea,chargers,30150.13,0
SO-06372,2026-08-11,C-RIY-007,Dubai DC,Dubai,AE,Riyadh,SA,322,930.69,road,cables,37130.8,0
SO-06445,2026-08-11,C-RIY-006,Dubai DC,Dubai,AE,Riyadh,SA,208,695.37,road,cases,29399.18,0
SO-06875,2026-08-11,C-NAI-001,Dubai DC,Dubai,AE,Nairobi,KE,252,832.69,air,audio,15592.09,0
SO-07181,2026-08-11,C-JOH-012,Dubai DC,Dubai,AE,Johannesburg,ZA,823,1497.91,sea,cases,27929.82,0
SO-01027,2026-08-12,C-PAR-018,Rotterdam DC,Rotterdam,NL,Paris,FR,377,1293.76,road,cases,32988.0,0
SO-01371,2026-08-12,C-MIL-039,Rotterdam DC,Rotterdam,NL,Milan,IT,338,482.18,road,chargers,19400.45,0
SO-01720,2026-08-12,C-WAR-016,Rotterdam DC,Rotterdam,NL,Warsaw,PL,594,909.98,road,cables,30410.81,0
SO-01734,2026-08-12,C-WAR-029,Rotterdam DC,Rotterdam,NL,Warsaw,PL,463,1542.78,road,audio,27553.87,0
SO-01833,2026-08-12,C-STO-007,Rotterdam DC,Rotterdam,NL,Stockholm,SE,377,869.02,road,storage,20089.16,0
SO-01915,2026-08-12,C-STO-031,Rotterdam DC,Rotterdam,NL,Stockholm,SE,539,766.28,road,cases,25570.14,0
SO-01924,2026-08-12,C-STO-027,Rotterdam DC,Rotterdam,NL,Stockholm,SE,775,1453.11,road,audio,17407.34,0
SO-02021,2026-08-12,C-DUB-028,Rotterdam DC,Rotterdam,NL,Dublin,IE,246,640.39,air,storage,24543.62,0
SO-02503,2026-08-12,C-SEO-005,Shenzhen DC,Shenzhen,CN,Seoul,KR,717,1224.25,sea,cables,25938.31,0
SO-02751,2026-08-12,C-SIN-007,Shenzhen DC,Shenzhen,CN,Singapore,SG,11,45.09,sea,cases,27968.32,0
SO-03107,2026-08-12,C-BAN-034,Shenzhen DC,Shenzhen,CN,Bangkok,TH,497,888.16,sea,audio,25507.87,0
SO-03535,2026-08-12,C-MUM-015,Shenzhen DC,Shenzhen,CN,Mumbai,IN,686,1032.39,sea,storage,23683.97,0
SO-03795,2026-08-12,C-SYD-034,Rotterdam DC,Rotterdam,NL,Sydney,AU,8,28.23,air,storage,18401.49,1
SO-05250,2026-08-12,C-LOS-010,Memphis DC,Memphis,US,Los Angeles,US,387,805.39,road,audio,35176.41,0
SO-06002,2026-08-12,C-BOG-007,Memphis DC,Memphis,US,Bogota,CO,282,678.45,air,chargers,39927.95,0
SO-06624,2026-08-12,C-CAI-039,Dubai DC,Dubai,AE,Cairo,EG,464,1410.48,sea,storage,17672.47,0
SO-06663,2026-08-12,C-CAI-007,Dubai DC,Dubai,AE,Cairo,EG,1356,2588.56,sea,wearables,17000.92,0
SO-06770,2026-08-12,C-CAI-015,Dubai DC,Dubai,AE,Cairo,EG,1131,1826.89,sea,cases,30888.53,0
SO-06923,2026-08-12,C-NAI-039,Dubai DC,Dubai,AE,Nairobi,KE,904,1274.44,air,audio,13448.29,0
SO-07366,2026-08-12,C-KAR-026,Dubai DC,Dubai,AE,Karachi,PK,241,694.43,sea,audio,18809.02,0
SO-00059,2026-08-13,C-LON-036,Rotterdam DC,Rotterdam,NL,London,GB,779,1325.05,road,wearables,28400.96,1
SO-00229,2026-08-13,C-LON-008,Rotterdam DC,Rotterdam,NL,London,GB,495,1627.14,road,audio,21078.9,0
SO-00953,2026-08-13,C-PAR-030,Rotterdam DC,Rotterdam,NL,Paris,FR,257,935.92,road,chargers,15035.61,0
SO-01623,2026-08-13,C-WAR-002,Rotterdam DC,Rotterdam,NL,Warsaw,PL,600,1639.79,road,cables,19826.93,0
SO-01862,2026-08-13,C-STO-025,Rotterdam DC,Rotterdam,NL,Stockholm,SE,366,1340.67,road,chargers,28020.53,0
SO-02314,2026-08-13,C-TOK-005,Shenzhen DC,Shenzhen,CN,Tokyo,JP,411,642.13,sea,wearables,30971.96,0
SO-02446,2026-08-13,C-SEO-028,Shenzhen DC,Shenzhen,CN,Seoul,KR,356,800.37,sea,cases,39710.28,0
SO-03678,2026-08-13,C-MUM-039,Shenzhen DC,Shenzhen,CN,Mumbai,IN,420,840.05,sea,storage,15972.92,0
SO-04656,2026-08-13,C-CHI-020,Memphis DC,Memphis,US,Chicago,US,45,150.37,road,wearables,34633.07,0
SO-05121,2026-08-13,C-LOS-011,Memphis DC,Memphis,US,Los Angeles,US,217,494.63,road,chargers,19561.06,0
SO-06661,2026-08-13,C-CAI-009,Dubai DC,Dubai,AE,Cairo,EG,473,1551.41,sea,storage,23758.74,0
SO-06997,2026-08-13,C-LAG-030,Dubai DC,Dubai,AE,Lagos,NG,260,982.6,air,chargers,24356.63,1
SO-07161,2026-08-13,C-JOH-010,Dubai DC,Dubai,AE,Johannesburg,ZA,541,1218.82,sea,storage,23147.69,0
SO-00709,2026-08-14,C-BER-039,Rotterdam DC,Rotterdam,NL,Berlin,DE,201,729.36,road,cases,32268.36,0
SO-02110,2026-08-14,C-TOK-013,Shenzhen DC,Shenzhen,CN,Tokyo,JP,571,1397.22,sea,audio,30341.37,0
SO-02533,2026-08-14,C-SEO-029,Shenzhen DC,Shenzhen,CN,Seoul,KR,650,1833.05,sea,cases,46036.22,0
SO-02621,2026-08-14,C-SEO-026,Shenzhen DC,Shenzhen,CN,Seoul,KR,244,910.75,sea,chargers,30500.98,0
SO-02776,2026-08-14,C-SIN-003,Shenzhen DC,Shenzhen,CN,Singapore,SG,701,995.91,sea,audio,29256.34,0
SO-03280,2026-08-14,C-JAK-034,Shenzhen DC,Shenzhen,CN,Jakarta,ID,517,1422.38,sea,cases,27911.36,0
SO-03385,2026-08-14,C-MAN-006,Shenzhen DC,Shenzhen,CN,Manila,PH,470,1055.81,sea,audio,13843.6,1
SO-03732,2026-08-14,C-MUM-015,Shenzhen DC,Shenzhen,CN,Mumbai,IN,460,1448.45,sea,storage,22769.46,0
SO-04180,2026-08-14,C-NEW-033,Memphis DC,Memphis,US,New York City,US,963,1582.71,road,cases,21377.23,0
SO-04268,2026-08-14,C-NEW-013,Memphis DC,Memphis,US,New York City,US,552,1079.68,road,cases,28001.73,0
SO-04817,2026-08-14,C-CHI-002,Memphis DC,Memphis,US,Chicago,US,561,1062.96,road,wearables,19897.07,0
SO-05060,2026-08-14,C-LOS-036,Memphis DC,Memphis,US,Los Angeles,US,818,1483.0,road,cables,12655.25,0
SO-05221,2026-08-14,C-LOS-037,Memphis DC,Memphis,US,Los Angeles,US,293,905.82,road,cases,23478.13,0
SO-05356,2026-08-14,C-TOR-005,Memphis DC,Memphis,US,Toronto,CA,158,513.1,road,cables,22695.81,1
SO-05870,2026-08-14,C-SAO-028,Memphis DC,Memphis,US,Sao Paulo,BR,310,1205.99,sea,cables,22057.63,0
SO-06246,2026-08-14,C-BUE-025,Memphis DC,Memphis,US,Buenos Aires,AR,321,1068.32,sea,chargers,23264.08,0
SO-06356,2026-08-14,C-BUE-026,Memphis DC,Memphis,US,Buenos Aires,AR,475,710.68,sea,audio,14206.81,0
SO-06582,2026-08-14,C-RIY-027,Dubai DC,Dubai,AE,Riyadh,SA,361,1342.57,road,storage,27843.96,0
SO-06672,2026-08-14,C-CAI-012,Dubai DC,Dubai,AE,Cairo,EG,685,1777.94,sea,cases,24251.93,0
SO-07079,2026-08-14,C-JOH-025,Dubai DC,Dubai,AE,Johannesburg,ZA,693,2084.55,sea,cables,25493.91,0
SO-07172,2026-08-14,C-JOH-003,Dubai DC,Dubai,AE,Johannesburg,ZA,255,996.44,sea,cases,40341.79,0
SO-01444,2026-08-15,C-MIL-030,Rotterdam DC,Rotterdam,NL,Milan,IT,755,1686.72,road,storage,38588.38,0
SO-01523,2026-08-15,C-MIL-033,Rotterdam DC,Rotterdam,NL,Milan,IT,699,1058.45,road,cases,25645.91,0
SO-02144,2026-08-15,C-TOK-011,Shenzhen DC,Shenzhen,CN,Tokyo,JP,498,1102.87,sea,cables,42717.61,0
SO-02169,2026-08-15,C-TOK-029,Shenzhen DC,Shenzhen,CN,Tokyo,JP,616,956.36,sea,cables,28810.8,0
SO-02366,2026-08-15,C-TOK-025,Shenzhen DC,Shenzhen,CN,Tokyo,JP,520,1271.47,sea,cases,23842.83,0
SO-02930,2026-08-15,C-SIN-034,Shenzhen DC,Shenzhen,CN,Singapore,SG,515,770.31,sea,cables,36777.16,0
SO-03124,2026-08-15,C-BAN-010,Shenzhen DC,Shenzhen,CN,Bangkok,TH,521,1625.61,sea,audio,30719.1,0
SO-03313,2026-08-15,C-JAK-013,Shenzhen DC,Shenzhen,CN,Jakarta,ID,271,612.81,sea,audio,26360.29,1
SO-03604,2026-08-15,C-MUM-021,Shenzhen DC,Shenzhen,CN,Mumbai,IN,330,954.65,sea,chargers,35014.54,0
SO-04053,2026-08-15,C-NEW-037,Memphis DC,Memphis,US,New York City,US,162,292.24,road,cases,32983.44,0
SO-04120,2026-08-15,C-NEW-027,Memphis DC,Memphis,US,New York City,US,336,978.61,road,chargers,39576.18,0
SO-04516,2026-08-15,C-NEW-033,Memphis DC,Memphis,US,New York City,US,465,1332.75,road,cases,26528.77,0
SO-04581,2026-08-15,C-CHI-029,Memphis DC,Memphis,US,Chicago,US,331,646.22,road,cables,30012.89,0
SO-05815,2026-08-15,C-SAO-036,Memphis DC,Memphis,US,Sao Paulo,BR,369,1230.61,sea,cases,29330.42,0
SO-05845,2026-08-15,C-SAO-017,Memphis DC,Memphis,US,Sao Paulo,BR,502,1964.27,sea,wearables,23167.89,0
SO-06094,2026-08-15,C-BOG-027,Memphis DC,Memphis,US,Bogota,CO,189,357.05,air,wearables,33033.64,1
SO-06239,2026-08-15,C-BUE-017,Memphis DC,Memphis,US,Buenos Aires,AR,385,799.57,sea,cases,21903.83,0
SO-06439,2026-08-15,C-RIY-036,Dubai DC,Dubai,AE,Riyadh,SA,748,1466.07,road,chargers,24429.78,0
SO-06450,2026-08-15,C-RIY-027,Dubai DC,Dubai,AE,Riyadh,SA,236,855.87,road,chargers,35143.2,0
SO-06560,2026-08-15,C-RIY-007,Dubai DC,Dubai,AE,Riyadh,SA,656,951.14,road,storage,23367.06,0
SO-06906,2026-08-15,C-NAI-022,Dubai DC,Dubai,AE,Nairobi,KE,256,866.8,air,chargers,15609.36,0
SO-07219,2026-08-15,C-JOH-027,Dubai DC,Dubai,AE,Johannesburg,ZA,540,2023.17,sea,storage,22825.1,0
SO-00356,2026-08-16,C-LON-016,Rotterdam DC,Rotterdam,NL,London,GB,292,990.48,road,cases,20956.34,0
SO-01286,2026-08-16,C-MAD-027,Rotterdam DC,Rotterdam,NL,Madrid,ES,771,2370.05,road,storage,22418.99,0
SO-02971,2026-08-16,C-BAN-012,Shenzhen DC,Shenzhen,CN,Bangkok,TH,429,1513.06,sea,storage,24144.76,0
SO-03130,2026-08-16,C-BAN-014,Shenzhen DC,Shenzhen,CN,Bangkok,TH,256,844.31,sea,cables,15914.16,0
SO-04988,2026-08-16,C-LOS-027,Memphis DC,Memphis,US,Los Angeles,US,315,1100.72,road,cables,37538.62,0
SO-05103,2026-08-16,C-LOS-029,Memphis DC,Memphis,US,Los Angeles,US,490,763.77,road,storage,14441.63,0
SO-05120,2026-08-16,C-LOS-023,Memphis DC,Memphis,US,Los Angeles,US,211,816.99,road,wearables,19576.27,0
SO-05171,2026-08-16,C-LOS-004,Memphis DC,Memphis,US,Los Angeles,US,513,1110.5,road,cases,25324.37,0
SO-06010,2026-08-16,C-BOG-014,Memphis DC,Memphis,US,Bogota,CO,245,576.33,air,chargers,10500.48,0
SO-06337,2026-08-16,C-BUE-037,Memphis DC,Memphis,US,Buenos Aires,AR,565,989.23,sea,wearables,28140.72,0
SO-06800,2026-08-16,C-NAI-035,Dubai DC,Dubai,AE,Nairobi,KE,54,210.96,air,audio,22982.45,0
SO-07017,2026-08-16,C-LAG-021,Dubai DC,Dubai,AE,Lagos,NG,318,844.89,air,storage,4647.44,0
SO-07070,2026-08-16,C-JOH-007,Dubai DC,Dubai,AE,Johannesburg,ZA,405,602.75,sea,storage,25646.38,0
SO-07149,2026-08-16,C-JOH-039,Dubai DC,Dubai,AE,Johannesburg,ZA,392,1255.61,sea,audio,24737.25,0
SO-07232,2026-08-16,C-KAR-023,Dubai DC,Dubai,AE,Karachi,PK,338,1011.86,sea,audio,8628.67,0
SO-07312,2026-08-16,C-KAR-006,Dubai DC,Dubai,AE,Karachi,PK,255,424.45,sea,cables,24373.36,0
SO-07346,2026-08-16,C-KAR-004,Dubai DC,Dubai,AE,Karachi,PK,486,1149.39,sea,wearables,36750.7,0
SO-00545,2026-08-17,C-BER-007,Rotterdam DC,Rotterdam,NL,Berlin,DE,577,997.5,road,storage,38070.28,0
SO-00588,2026-08-17,C-BER-039,Rotterdam DC,Rotterdam,NL,Berlin,DE,677,1638.13,road,wearables,26293.51,0
SO-00804,2026-08-17,C-PAR-030,Rotterdam DC,Rotterdam,NL,Paris,FR,362,898.86,road,cables,17847.53,0
SO-01288,2026-08-17,C-MAD-038,Rotterdam DC,Rotterdam,NL,Madrid,ES,518,1785.33,road,cases,33143.48,0
SO-01534,2026-08-17,C-MIL-001,Rotterdam DC,Rotterdam,NL,Milan,IT,400,1145.04,road,cables,10471.78,0
SO-02004,2026-08-17,C-DUB-038,Rotterdam DC,Rotterdam,NL,Dublin,IE,265,585.05,air,chargers,23257.22,0
SO-02341,2026-08-17,C-TOK-038,Shenzhen DC,Shenzhen,CN,Tokyo,JP,519,786.81,sea,cases,38380.98,0
SO-02529,2026-08-17,C-SEO-037,Shenzhen DC,Shenzhen,CN,Seoul,KR,469,892.61,sea,audio,33233.85,0
SO-03166,2026-08-17,C-JAK-035,Shenzhen DC,Shenzhen,CN,Jakarta,ID,1218,2457.88,sea,cases,23355.28,0
SO-03674,2026-08-17,C-MUM-002,Shenzhen DC,Shenzhen,CN,Mumbai,IN,627,1063.62,sea,chargers,22192.06,0
SO-03801,2026-08-17,C-SYD-034,Rotterdam DC,Rotterdam,NL,Sydney,AU,545,1549.97,air,storage,16962.34,0
SO-03928,2026-08-17,C-SYD-009,Rotterdam DC,Rotterdam,NL,Sydney,AU,262,552.5,air,cables,32741.34,0
SO-04184,2026-08-17,C-NEW-016,Memphis DC,Memphis,US,New York City,US,451,846.79,road,wearables,33383.41,0
SO-04686,2026-08-17,C-CHI-026,Memphis DC,Memphis,US,Chicago,US,488,1156.46,road,chargers,20957.81,0
SO-04701,2026-08-17,C-CHI-031,Memphis DC,Memphis,US,Chicago,US,712,1718.68,road,storage,16623.5,0
SO-04735,2026-08-17,C-CHI-005,Memphis DC,Memphis,US,Chicago,US,329,1284.54,road,chargers,6262.16,0
SO-04824,2026-08-17,C-CHI-034,Memphis DC,Memphis,US,Chicago,US,326,1023.4,road,storage,24350.38,1
SO-05695,2026-08-17,C-MEX-003,Memphis DC,Memphis,US,Mexico City,MX,638,2163.9,road,cables,18841.24,1
SO-06384,2026-08-17,C-RIY-012,Dubai DC,Dubai,AE,Riyadh,SA,118,352.18,road,cases,18195.86,0
SO-06773,2026-08-17,C-CAI-018,Dubai DC,Dubai,AE,Cairo,EG,723,1571.54,sea,audio,19306.33,0
SO-06913,2026-08-17,C-NAI-008,Dubai DC,Dubai,AE,Nairobi,KE,233,546.58,air,cases,24451.03,0
SO-00489,2026-08-18,C-BER-035,Rotterdam DC,Rotterdam,NL,Berlin,DE,1019,2138.26,road,cases,22677.75,0
SO-00961,2026-08-18,C-PAR-026,Rotterdam DC,Rotterdam,NL,Paris,FR,256,918.42,road,cables,27420.95,0
SO-01846,2026-08-18,C-STO-014,Rotterdam DC,Rotterdam,NL,Stockholm,SE,287,656.73,road,audio,37175.86,0
SO-02051,2026-08-18,C-DUB-025,Rotterdam DC,Rotterdam,NL,Dublin,IE,274,768.97,air,cables,6596.26,1
SO-02057,2026-08-18,C-DUB-024,Rotterdam DC,Rotterdam,NL,Dublin,IE,209,706.95,air,cases,9688.96,0
SO-03158,2026-08-18,C-JAK-029,Shenzhen DC,Shenzhen,CN,Jakarta,ID,473,763.59,sea,cables,19337.59,0
SO-03162,2026-08-18,C-JAK-010,Shenzhen DC,Shenzhen,CN,Jakarta,ID,702,1537.06,sea,cases,25057.43,0
SO-03510,2026-08-18,C-MUM-013,Shenzhen DC,Shenzhen,CN,Mumbai,IN,657,1806.33,sea,cables,21727.59,0
SO-03768,2026-08-18,C-SYD-029,Rotterdam DC,Rotterdam,NL,Sydney,AU,228,783.29,air,audio,35629.0,0
SO-03977,2026-08-18,C-AUC-030,Rotterdam DC,Rotterdam,NL,Auckland,NZ,251,860.75,air,cases,28547.78,0
SO-04425,2026-08-18,C-NEW-039,Memphis DC,Memphis,US,New York City,US,714,1094.37,road,audio,25514.6,0
SO-04462,2026-08-18,C-NEW-033,Memphis DC,Memphis,US,New York City,US,188,606.09,road,cables,24365.33,0
SO-04797,2026-08-18,C-CHI-024,Memphis DC,Memphis,US,Chicago,US,310,952.28,road,chargers,24698.68,0
SO-05648,2026-08-18,C-MEX-002,Memphis DC,Memphis,US,Mexico City,MX,469,1432.38,road,storage,18270.24,0
SO-05738,2026-08-18,C-MEX-037,Memphis DC,Memphis,US,Mexico City,MX,204,549.03,road,storage,20614.52,0
SO-06305,2026-08-18,C-BUE-009,Memphis DC,Memphis,US,Buenos Aires,AR,835,1516.41,sea,audio,34451.29,0
SO-06514,2026-08-18,C-RIY-034,Dubai DC,Dubai,AE,Riyadh,SA,326,1247.88,road,wearables,32147.73,0
SO-06795,2026-08-18,C-NAI-037,Dubai DC,Dubai,AE,Nairobi,KE,261,733.43,air,cases,15805.64,0
SO-07177,2026-08-18,C-JOH-007,Dubai DC,Dubai,AE,Johannesburg,ZA,783,1902.49,sea,storage,18042.58,0
SO-00446,2026-08-19,C-BER-023,Rotterdam DC,Rotterdam,NL,Berlin,DE,406,1402.55,road,cables,24500.16,0
SO-00851,2026-08-19,C-PAR-012,Rotterdam DC,Rotterdam,NL,Paris,FR,432,963.55,road,wearables,7629.72,0
SO-01271,2026-08-19,C-MAD-024,Rotterdam DC,Rotterdam,NL,Madrid,ES,770,1125.69,road,cables,33662.82,0
SO-01640,2026-08-19,C-WAR-011,Rotterdam DC,Rotterdam,NL,Warsaw,PL,819,1753.54,road,audio,21847.01,0
SO-01675,2026-08-19,C-WAR-034,Rotterdam DC,Rotterdam,NL,Warsaw,PL,357,1316.89,road,chargers,22373.73,0
SO-02000,2026-08-19,C-DUB-008,Rotterdam DC,Rotterdam,NL,Dublin,IE,395,660.12,air,cases,18267.16,0
SO-02007,2026-08-19,C-DUB-030,Rotterdam DC,Rotterdam,NL,Dublin,IE,253,456.88,air,wearables,14314.25,0
SO-02045,2026-08-19,C-DUB-011,Rotterdam DC,Rotterdam,NL,Dublin,IE,61,201.05,air,cables,18088.89,0
SO-02736,2026-08-19,C-SIN-017,Shenzhen DC,Shenzhen,CN,Singapore,SG,571,1351.79,sea,storage,18392.98,0
SO-03591,2026-08-19,C-MUM-021,Shenzhen DC,Shenzhen,CN,Mumbai,IN,305,1200.44,sea,storage,26055.93,0
SO-04597,2026-08-19,C-CHI-003,Memphis DC,Memphis,US,Chicago,US,673,1243.4,road,storage,15458.96,0
SO-05153,2026-08-19,C-LOS-027,Memphis DC,Memphis,US,Los Angeles,US,871,1447.33,road,audio,35137.85,0
SO-05825,2026-08-19,C-SAO-026,Memphis DC,Memphis,US,Sao Paulo,BR,410,1309.41,sea,wearables,32273.38,0
SO-05944,2026-08-19,C-SAO-035,Memphis DC,Memphis,US,Sao Paulo,BR,842,1849.13,sea,wearables,9463.55,0
SO-06250,2026-08-19,C-BUE-007,Memphis DC,Memphis,US,Buenos Aires,AR,861,2249.43,sea,storage,20637.6,0
SO-06398,2026-08-19,C-RIY-022,Dubai DC,Dubai,AE,Riyadh,SA,385,1496.33,road,cases,27872.72,0
SO-06417,2026-08-19,C-RIY-028,Dubai DC,Dubai,AE,Riyadh,SA,688,1382.74,road,storage,28334.76,0
SO-07010,2026-08-19,C-LAG-033,Dubai DC,Dubai,AE,Lagos,NG,199,730.93,air,wearables,26872.73,0
SO-07336,2026-08-19,C-KAR-038,Dubai DC,Dubai,AE,Karachi,PK,795,1241.6,sea,cables,30636.97,0
SO-00906,2026-08-20,C-PAR-029,Rotterdam DC,Rotterdam,NL,Paris,FR,800,1371.43,road,storage,18009.46,0
SO-01382,2026-08-20,C-MIL-037,Rotterdam DC,Rotterdam,NL,Milan,IT,626,1591.64,road,chargers,26004.18,0
SO-01577,2026-08-20,C-MIL-034,Rotterdam DC,Rotterdam,NL,Milan,IT,385,1185.3,road,wearables,14125.59,0
SO-01776,2026-08-20,C-WAR-012,Rotterdam DC,Rotterdam,NL,Warsaw,PL,272,871.76,road,storage,24782.52,0
SO-01801,2026-08-20,C-STO-026,Rotterdam DC,Rotterdam,NL,Stockholm,SE,369,1126.98,road,storage,13964.58,0
SO-01861,2026-08-20,C-STO-015,Rotterdam DC,Rotterdam,NL,Stockholm,SE,555,1361.72,road,cases,6851.26,0
SO-02156,2026-08-20,C-TOK-021,Shenzhen DC,Shenzhen,CN,Tokyo,JP,801,1359.23,sea,audio,22522.5,0
SO-02207,2026-08-20,C-TOK-035,Shenzhen DC,Shenzhen,CN,Tokyo,JP,236,784.67,sea,wearables,30194.45,0
SO-02216,2026-08-20,C-TOK-019,Shenzhen DC,Shenzhen,CN,Tokyo,JP,533,1782.79,sea,storage,9680.96,0
SO-02387,2026-08-20,C-TOK-017,Shenzhen DC,Shenzhen,CN,Tokyo,JP,451,1720.75,sea,cases,17899.55,0
SO-02582,2026-08-20,C-SEO-007,Shenzhen DC,Shenzhen,CN,Seoul,KR,216,842.28,sea,wearables,27720.14,0
SO-02588,2026-08-20,C-SEO-023,Shenzhen DC,Shenzhen,CN,Seoul,KR,359,673.54,sea,cables,14408.82,0
SO-02647,2026-08-20,C-SEO-021,Shenzhen DC,Shenzhen,CN,Seoul,KR,534,1199.74,sea,audio,39696.58,0
SO-02790,2026-08-20,C-SIN-034,Shenzhen DC,Shenzhen,CN,Singapore,SG,208,669.05,sea,cases,31882.37,0
SO-03203,2026-08-20,C-JAK-015,Shenzhen DC,Shenzhen,CN,Jakarta,ID,31,84.73,sea,cases,28884.03,0
SO-03333,2026-08-20,C-JAK-019,Shenzhen DC,Shenzhen,CN,Jakarta,ID,411,839.8,sea,wearables,14778.1,0
SO-03822,2026-08-20,C-SYD-030,Rotterdam DC,Rotterdam,NL,Sydney,AU,343,751.55,air,cases,18577.4,0
SO-05011,2026-08-20,C-LOS-005,Memphis DC,Memphis,US,Los Angeles,US,535,1302.71,road,audio,24829.46,0
SO-06436,2026-08-20,C-RIY-012,Dubai DC,Dubai,AE,Riyadh,SA,191,752.49,road,wearables,30190.35,0
SO-07224,2026-08-20,C-JOH-004,Dubai DC,Dubai,AE,Johannesburg,ZA,555,1365.57,sea,wearables,28660.98,0
SO-07238,2026-08-20,C-KAR-014,Dubai DC,Dubai,AE,Karachi,PK,422,1053.34,sea,chargers,21482.59,0
SO-00089,2026-08-21,C-LON-001,Rotterdam DC,Rotterdam,NL,London,GB,586,1243.57,road,cables,29754.11,0
SO-00313,2026-08-21,C-LON-015,Rotterdam DC,Rotterdam,NL,London,GB,250,515.52,road,chargers,21656.84,0
SO-00896,2026-08-21,C-PAR-030,Rotterdam DC,Rotterdam,NL,Paris,FR,546,779.14,road,cables,28746.41,0
SO-01056,2026-08-21,C-PAR-009,Rotterdam DC,Rotterdam,NL,Paris,FR,424,1523.13,road,cables,13931.13,0
SO-01144,2026-08-21,C-MAD-037,Rotterdam DC,Rotterdam,NL,Madrid,ES,249,737.73,road,cases,39358.68,0
SO-01393,2026-08-21,C-MIL-002,Rotterdam DC,Rotterdam,NL,Milan,IT,751,1119.54,road,chargers,4150.33,0
SO-02077,2026-08-21,C-TOK-038,Shenzhen DC,Shenzhen,CN,Tokyo,JP,92,204.01,sea,cables,26880.41,0
SO-02165,2026-08-21,C-TOK-030,Shenzhen DC,Shenzhen,CN,Tokyo,JP,149,488.51,sea,cases,31198.06,0
SO-02430,2026-08-21,C-SEO-024,Shenzhen DC,Shenzhen,CN,Seoul,KR,774,1399.95,sea,cables,22069.77,0
SO-02926,2026-08-21,C-SIN-039,Shenzhen DC,Shenzhen,CN,Singapore,SG,343,1064.9,sea,audio,36414.94,0
SO-03373,2026-08-21,C-MAN-029,Shenzhen DC,Shenzhen,CN,Manila,PH,207,523.58,sea,chargers,13761.36,0
SO-04366,2026-08-21,C-NEW-033,Memphis DC,Memphis,US,New York City,US,288,963.82,road,cables,21800.23,0
SO-04405,2026-08-21,C-NEW-039,Memphis DC,Memphis,US,New York City,US,3,9.8,road,wearables,19307.05,0
SO-04624,2026-08-21,C-CHI-024,Memphis DC,Memphis,US,Chicago,US,266,876.23,road,cables,12798.51,0
SO-04677,2026-08-21,C-CHI-028,Memphis DC,Memphis,US,Chicago,US,96,363.58,road,cables,24364.14,0
SO-05051,2026-08-21,C-LOS-038,Memphis DC,Memphis,US,Los Angeles,US,262,816.84,road,wearables,33664.88,0
SO-05493,2026-08-21,C-TOR-030,Memphis DC,Memphis,US,Toronto,CA,625,1650.74,road,cables,31213.06,0
SO-05664,2026-08-21,C-MEX-031,Memphis DC,Memphis,US,Mexico City,MX,464,1037.1,road,cables,25725.21,0
SO-05858,2026-08-21,C-SAO-020,Memphis DC,Memphis,US,Sao Paulo,BR,311,1184.55,sea,storage,32288.62,0
SO-06328,2026-08-21,C-BUE-034,Memphis DC,Memphis,US,Buenos Aires,AR,358,1419.84,sea,cases,27748.26,0
SO-06521,2026-08-21,C-RIY-032,Dubai DC,Dubai,AE,Riyadh,SA,752,1633.06,road,cables,23364.86,0
SO-06617,2026-08-21,C-CAI-010,Dubai DC,Dubai,AE,Cairo,EG,408,1426.62,sea,storage,29554.71,0
SO-00251,2026-08-22,C-LON-031,Rotterdam DC,Rotterdam,NL,London,GB,362,1339.07,road,wearables,36195.05,0
SO-00267,2026-08-22,C-LON-038,Rotterdam DC,Rotterdam,NL,London,GB,1010,1661.73,road,chargers,19452.86,0
SO-00553,2026-08-22,C-BER-028,Rotterdam DC,Rotterdam,NL,Berlin,DE,432,1402.24,road,wearables,17617.21,0
SO-00559,2026-08-22,C-BER-004,Rotterdam DC,Rotterdam,NL,Berlin,DE,469,1577.27,road,chargers,21565.49,0
SO-00698,2026-08-22,C-BER-039,Rotterdam DC,Rotterdam,NL,Berlin,DE,296,1123.17,road,storage,30029.39,0
SO-01626,2026-08-22,C-WAR-021,Rotterdam DC,Rotterdam,NL,Warsaw,PL,528,1721.6,road,audio,23255.8,0
SO-01702,2026-08-22,C-WAR-023,Rotterdam DC,Rotterdam,NL,Warsaw,PL,523,1373.8,road,cases,31018.23,0
SO-02340,2026-08-22,C-TOK-013,Shenzhen DC,Shenzhen,CN,Tokyo,JP,413,1586.98,sea,cables,21069.74,0
SO-02754,2026-08-22,C-SIN-020,Shenzhen DC,Shenzhen,CN,Singapore,SG,471,934.91,sea,audio,46355.71,0
SO-03300,2026-08-22,C-JAK-005,Shenzhen DC,Shenzhen,CN,Jakarta,ID,713,1861.46,sea,chargers,31262.78,0
SO-03781,2026-08-22,C-SYD-023,Rotterdam DC,Rotterdam,NL,Sydney,AU,769,1120.75,air,cables,15405.36,1
SO-04287,2026-08-22,C-NEW-037,Memphis DC,Memphis,US,New York City,US,238,802.29,road,cables,34043.72,0
SO-04449,2026-08-22,C-NEW-016,Memphis DC,Memphis,US,New York City,US,224,547.64,road,cables,34314.1,0
SO-04727,2026-08-22,C-CHI-017,Memphis DC,Memphis,US,Chicago,US,384,1451.42,road,audio,37086.05,0
SO-06044,2026-08-22,C-BOG-003,Memphis DC,Memphis,US,Bogota,CO,119,396.28,air,audio,21665.72,0
SO-06743,2026-08-22,C-CAI-017,Dubai DC,Dubai,AE,Cairo,EG,268,956.05,sea,storage,13049.26,1
SO-06754,2026-08-22,C-CAI-023,Dubai DC,Dubai,AE,Cairo,EG,333,851.66,sea,cables,18969.06,0
SO-06818,2026-08-22,C-NAI-008,Dubai DC,Dubai,AE,Nairobi,KE,178,488.48,air,wearables,12864.77,1
SO-07230,2026-08-22,C-KAR-038,Dubai DC,Dubai,AE,Karachi,PK,422,665.87,sea,audio,17497.91,0
SO-07260,2026-08-22,C-KAR-011,Dubai DC,Dubai,AE,Karachi,PK,182,662.89,sea,wearables,21838.51,0
SO-07304,2026-08-22,C-KAR-035,Dubai DC,Dubai,AE,Karachi,PK,791,1504.96,sea,cases,22833.78,0
SO-00084,2026-08-23,C-LON-023,Rotterdam DC,Rotterdam,NL,London,GB,376,1218.39,road,audio,36144.37,0
SO-00120,2026-08-23,C-LON-035,Rotterdam DC,Rotterdam,NL,London,GB,282,1018.09,road,audio,28794.97,0
SO-00634,2026-08-23,C-BER-015,Rotterdam DC,Rotterdam,NL,Berlin,DE,390,850.33,road,cases,26288.91,0
SO-00853,2026-08-23,C-PAR-035,Rotterdam DC,Rotterdam,NL,Paris,FR,538,1182.65,road,wearables,26574.92,0
SO-00947,2026-08-23,C-PAR-011,Rotterdam DC,Rotterdam,NL,Paris,FR,568,1676.62,road,wearables,15632.63,0
SO-01075,2026-08-23,C-PAR-024,Rotterdam DC,Rotterdam,NL,Paris,FR,307,598.63,road,chargers,19788.14,0
SO-01259,2026-08-23,C-MAD-011,Rotterdam DC,Rotterdam,NL,Madrid,ES,364,1359.83,road,chargers,32334.3,1
SO-01594,2026-08-23,C-MIL-009,Rotterdam DC,Rotterdam,NL,Milan,IT,520,1152.84,road,chargers,33964.11,0
SO-01670,2026-08-23,C-WAR-030,Rotterdam DC,Rotterdam,NL,Warsaw,PL,178,669.9,road,wearables,29332.44,0
SO-01905,2026-08-23,C-STO-032,Rotterdam DC,Rotterdam,NL,Stockholm,SE,426,1572.84,road,cables,28648.59,0
SO-02058,2026-08-23,C-DUB-026,Rotterdam DC,Rotterdam,NL,Dublin,IE,21,44.59,air,storage,13480.85,0
SO-02491,2026-08-23,C-SEO-001,Shenzhen DC,Shenzhen,CN,Seoul,KR,441,1406.26,sea,cables,18346.11,0
SO-02860,2026-08-23,C-SIN-007,Shenzhen DC,Shenzhen,CN,Singapore,SG,375,1115.23,sea,audio,43996.76,0
SO-02898,2026-08-23,C-SIN-015,Shenzhen DC,Shenzhen,CN,Singapore,SG,335,927.8,sea,chargers,40377.74,0
SO-03227,2026-08-23,C-JAK-004,Shenzhen DC,Shenzhen,CN,Jakarta,ID,599,1789.48,sea,storage,32427.77,0
SO-04619,2026-08-23,C-CHI-001,Memphis DC,Memphis,US,Chicago,US,672,1329.86,road,audio,29846.88,0
SO-04941,2026-08-23,C-LOS-025,Memphis DC,Memphis,US,Los Angeles,US,709,1519.09,road,storage,24155.11,0
SO-05607,2026-08-23,C-MEX-032,Memphis DC,Memphis,US,Mexico City,MX,570,1942.7,road,storage,17926.46,0
SO-06036,2026-08-23,C-BOG-024,Memphis DC,Memphis,US,Bogota,CO,354,803.56,air,chargers,13309.28,0
SO-07018,2026-08-23,C-LAG-020,Dubai DC,Dubai,AE,Lagos,NG,138,539.82,air,chargers,11644.87,0
SO-00582,2026-08-24,C-BER-002,Rotterdam DC,Rotterdam,NL,Berlin,DE,662,1043.91,road,cables,29323.05,0
SO-00615,2026-08-24,C-BER-018,Rotterdam DC,Rotterdam,NL,Berlin,DE,459,1532.76,road,cases,27012.8,0
SO-00691,2026-08-24,C-BER-023,Rotterdam DC,Rotterdam,NL,Berlin,DE,975,1525.81,road,storage,18397.28,0
SO-01542,2026-08-24,C-MIL-038,Rotterdam DC,Rotterdam,NL,Milan,IT,515,1608.33,road,chargers,26027.32,0
SO-02090,2026-08-24,C-TOK-033,Shenzhen DC,Shenzhen,CN,Tokyo,JP,272,921.74,sea,cables,39736.78,0
SO-02158,2026-08-24,C-TOK-006,Shenzhen DC,Shenzhen,CN,Tokyo,JP,290,861.52,sea,wearables,26468.32,0
SO-02940,2026-08-24,C-SIN-007,Shenzhen DC,Shenzhen,CN,Singapore,SG,122,476.24,sea,storage,34267.58,0
SO-03585,2026-08-24,C-MUM-036,Shenzhen DC,Shenzhen,CN,Mumbai,IN,333,1272.11,sea,storage,10158.96,0
SO-04017,2026-08-24,C-AUC-037,Rotterdam DC,Rotterdam,NL,Auckland,NZ,97,228.55,air,wearables,33406.88,0
SO-04362,2026-08-24,C-NEW-033,Memphis DC,Memphis,US,New York City,US,516,1235.73,road,cables,22497.29,0
SO-04394,2026-08-24,C-NEW-006,Memphis DC,Memphis,US,New York City,US,649,936.83,road,cases,33764.13,1
SO-04517,2026-08-24,C-NEW-034,Memphis DC,Memphis,US,New York City,US,544,1772.81,road,audio,21239.68,0
SO-04692,2026-08-24,C-CHI-027,Memphis DC,Memphis,US,Chicago,US,603,1827.32,road,audio,14588.28,0
SO-05175,2026-08-24,C-LOS-034,Memphis DC,Memphis,US,Los Angeles,US,264,1055.67,road,audio,14611.18,0
SO-05216,2026-08-24,C-LOS-020,Memphis DC,Memphis,US,Los Angeles,US,489,1125.12,road,wearables,31099.99,0
SO-07174,2026-08-24,C-JOH-024,Dubai DC,Dubai,AE,Johannesburg,ZA,581,1172.2,sea,storage,28863.99,0
SO-00029,2026-08-25,C-LON-023,Rotterdam DC,Rotterdam,NL,London,GB,261,727.21,road,wearables,20679.08,0
SO-00169,2026-08-25,C-LON-027,Rotterdam DC,Rotterdam,NL,London,GB,394,850.46,road,chargers,17363.24,0
SO-00311,2026-08-25,C-LON-004,Rotterdam DC,Rotterdam,NL,London,GB,413,1397.88,road,wearables,36229.13,0
SO-00689,2026-08-25,C-BER-029,Rotterdam DC,Rotterdam,NL,Berlin,DE,885,1856.33,road,wearables,32369.33,0
SO-01620,2026-08-25,C-WAR-003,Rotterdam DC,Rotterdam,NL,Warsaw,PL,176,638.08,road,cables,24468.28,0
SO-01642,2026-08-25,C-WAR-034,Rotterdam DC,Rotterdam,NL,Warsaw,PL,318,1150.76,road,audio,34281.17,0
SO-01698,2026-08-25,C-WAR-037,Rotterdam DC,Rotterdam,NL,Warsaw,PL,150,474.86,road,wearables,34284.57,0
SO-02465,2026-08-25,C-SEO-022,Shenzhen DC,Shenzhen,CN,Seoul,KR,257,724.94,sea,chargers,42497.09,0
SO-03449,2026-08-25,C-MAN-039,Shenzhen DC,Shenzhen,CN,Manila,PH,235,748.92,sea,cases,19669.46,0
SO-04328,2026-08-25,C-NEW-004,Memphis DC,Memphis,US,New York City,US,261,938.42,road,audio,26514.56,0
SO-04468,2026-08-25,C-NEW-022,Memphis DC,Memphis,US,New York City,US,769,1346.25,road,storage,16317.2,0
SO-04621,2026-08-25,C-CHI-032,Memphis DC,Memphis,US,Chicago,US,376,1238.21,road,chargers,28020.3,0
SO-04763,2026-08-25,C-CHI-009,Memphis DC,Memphis,US,Chicago,US,343,873.2,road,cables,28064.1,0
SO-04874,2026-08-25,C-CHI-016,Memphis DC,Memphis,US,Chicago,US,446,1538.69,road,audio,21965.21,0
SO-04977,2026-08-25,C-LOS-006,Memphis DC,Memphis,US,Los Angeles,US,499,1395.1,road,cables,37001.57,0
SO-05012,2026-08-25,C-LOS-006,Memphis DC,Memphis,US,Los Angeles,US,528,1151.71,road,cases,28570.49,0
SO-05642,2026-08-25,C-MEX-012,Memphis DC,Memphis,US,Mexico City,MX,626,2080.1,road,wearables,21723.31,0
SO-05646,2026-08-25,C-MEX-033,Memphis DC,Memphis,US,Mexico City,MX,720,1965.36,road,cases,11707.38,0
SO-05788,2026-08-25,C-SAO-001,Memphis DC,Memphis,US,Sao Paulo,BR,473,1450.22,sea,audio,25822.49,0
SO-05917,2026-08-25,C-SAO-032,Memphis DC,Memphis,US,Sao Paulo,BR,461,1549.25,sea,audio,14282.87,0
SO-06047,2026-08-25,C-BOG-036,Memphis DC,Memphis,US,Bogota,CO,246,678.97,air,chargers,23413.06,0
SO-06653,2026-08-25,C-CAI-021,Dubai DC,Dubai,AE,Cairo,EG,427,1671.92,sea,cases,21830.52,0
SO-06845,2026-08-25,C-NAI-019,Dubai DC,Dubai,AE,Nairobi,KE,301,658.74,air,storage,13533.02,0
SO-07036,2026-08-25,C-LAG-008,Dubai DC,Dubai,AE,Lagos,NG,49,88.79,air,cases,19317.44,0
SO-00585,2026-08-26,C-BER-030,Rotterdam DC,Rotterdam,NL,Berlin,DE,384,1296.79,road,storage,16925.75,0
SO-00726,2026-08-26,C-BER-016,Rotterdam DC,Rotterdam,NL,Berlin,DE,589,882.45,road,audio,8069.78,0
SO-01343,2026-08-26,C-MAD-027,Rotterdam DC,Rotterdam,NL,Madrid,ES,102,206.5,road,chargers,27116.79,0
SO-01462,2026-08-26,C-MIL-039,Rotterdam DC,Rotterdam,NL,Milan,IT,268,991.77,road,wearables,22184.45,0
SO-01536,2026-08-26,C-MIL-012,Rotterdam DC,Rotterdam,NL,Milan,IT,357,1164.4,road,cases,31586.0,0
SO-01635,2026-08-26,C-WAR-015,Rotterdam DC,Rotterdam,NL,Warsaw,PL,546,1609.67,road,wearables,27062.81,0
SO-02208,2026-08-26,C-TOK-005,Shenzhen DC,Shenzhen,CN,Tokyo,JP,399,1563.39,sea,chargers,20249.28,0
SO-02382,2026-08-26,C-TOK-023,Shenzhen DC,Shenzhen,CN,Tokyo,JP,337,988.54,sea,chargers,27566.42,0
SO-02412,2026-08-26,C-SEO-016,Shenzhen DC,Shenzhen,CN,Seoul,KR,310,624.94,sea,cases,21039.05,0
SO-02787,2026-08-26,C-SIN-026,Shenzhen DC,Shenzhen,CN,Singapore,SG,444,1242.57,sea,cables,26668.18,0
SO-03288,2026-08-26,C-JAK-039,Shenzhen DC,Shenzhen,CN,Jakarta,ID,446,1034.24,sea,chargers,20910.04,0
SO-03703,2026-08-26,C-MUM-001,Shenzhen DC,Shenzhen,CN,Mumbai,IN,452,1724.56,sea,chargers,26219.03,0
SO-03853,2026-08-26,C-SYD-002,Rotterdam DC,Rotterdam,NL,Sydney,AU,211,694.35,air,storage,33447.89,0
SO-04201,2026-08-26,C-NEW-010,Memphis DC,Memphis,US,New York City,US,740,1902.23,road,cases,23605.76,0
SO-04245,2026-08-26,C-NEW-003,Memphis DC,Memphis,US,New York City,US,416,1222.04,road,cases,10444.17,1
SO-04302,2026-08-26,C-NEW-033,Memphis DC,Memphis,US,New York City,US,624,1360.61,road,audio,9693.81,0
SO-04421,2026-08-26,C-NEW-025,Memphis DC,Memphis,US,New York City,US,447,1074.61,road,chargers,30413.19,0
SO-04713,2026-08-26,C-CHI-014,Memphis DC,Memphis,US,Chicago,US,461,1144.09,road,chargers,28942.6,0
SO-04948,2026-08-26,C-LOS-031,Memphis DC,Memphis,US,Los Angeles,US,328,1004.15,road,cases,35462.7,0
SO-05190,2026-08-26,C-LOS-035,Memphis DC,Memphis,US,Los Angeles,US,354,956.29,road,storage,19345.01,0
SO-05238,2026-08-26,C-LOS-012,Memphis DC,Memphis,US,Los Angeles,US,259,636.32,road,cases,32271.68,0
SO-05327,2026-08-26,C-TOR-002,Memphis DC,Memphis,US,Toronto,CA,563,987.86,road,storage,35032.31,0
SO-05337,2026-08-26,C-TOR-038,Memphis DC,Memphis,US,Toronto,CA,259,869.66,road,storage,40375.62,0
SO-05446,2026-08-26,C-TOR-038,Memphis DC,Memphis,US,Toronto,CA,793,1664.16,road,audio,23799.6,0
SO-05573,2026-08-26,C-MEX-035,Memphis DC,Memphis,US,Mexico City,MX,455,760.39,road,chargers,23613.56,0
SO-07056,2026-08-26,C-LAG-007,Dubai DC,Dubai,AE,Lagos,NG,306,1179.43,air,cases,20129.76,0
SO-00114,2026-08-27,C-LON-003,Rotterdam DC,Rotterdam,NL,London,GB,238,770.95,road,cases,19953.6,0
SO-00409,2026-08-27,C-LON-007,Rotterdam DC,Rotterdam,NL,London,GB,415,1637.65,road,cases,28524.18,0
SO-00907,2026-08-27,C-PAR-036,Rotterdam DC,Rotterdam,NL,Paris,FR,1025,1891.85,road,cases,30024.79,0
SO-00914,2026-08-27,C-PAR-031,Rotterdam DC,Rotterdam,NL,Paris,FR,372,1364.47,road,storage,29419.81,0
SO-01411,2026-08-27,C-MIL-007,Rotterdam DC,Rotterdam,NL,Milan,IT,1,0.5,road,audio,19298.73,0
SO-01923,2026-08-27,C-STO-018,Rotterdam DC,Rotterdam,NL,Stockholm,SE,774,1276.63,road,cases,22883.59,0
SO-02066,2026-08-27,C-TOK-006,Shenzhen DC,Shenzhen,CN,Tokyo,JP,336,1178.96,sea,chargers,37024.52,0
SO-02157,2026-08-27,C-TOK-032,Shenzhen DC,Shenzhen,CN,Tokyo,JP,404,1363.34,sea,cables,23256.09,0
SO-02763,2026-08-27,C-SIN-010,Shenzhen DC,Shenzhen,CN,Singapore,SG,183,325.63,sea,wearables,16322.49,0
SO-02807,2026-08-27,C-SIN-036,Shenzhen DC,Shenzhen,CN,Singapore,SG,366,1066.09,sea,audio,29480.33,0
SO-03737,2026-08-27,C-SYD-028,Rotterdam DC,Rotterdam,NL,Sydney,AU,66,233.24,air,cables,37613.6,0
SO-04329,2026-08-27,C-NEW-002,Memphis DC,Memphis,US,New York City,US,305,1078.5,road,wearables,25755.88,0
SO-04957,2026-08-27,C-LOS-013,Memphis DC,Memphis,US,Los Angeles,US,549,771.75,road,storage,30433.38,1
SO-05335,2026-08-27,C-TOR-006,Memphis DC,Memphis,US,Toronto,CA,495,1213.37,road,wearables,31718.92,1
SO-05349,2026-08-27,C-TOR-005,Memphis DC,Memphis,US,Toronto,CA,497,756.49,road,storage,22125.04,0
SO-05414,2026-08-27,C-TOR-011,Memphis DC,Memphis,US,Toronto,CA,366,1301.12,road,audio,30044.76,1
SO-05467,2026-08-27,C-TOR-020,Memphis DC,Memphis,US,Toronto,CA,643,1494.58,road,audio,37147.95,0
SO-06017,2026-08-27,C-BOG-031,Memphis DC,Memphis,US,Bogota,CO,219,756.1,air,cases,18504.63,0
SO-06291,2026-08-27,C-BUE-025,Memphis DC,Memphis,US,Buenos Aires,AR,1093,1615.35,sea,audio,22482.8,0
SO-06368,2026-08-27,C-RIY-005,Dubai DC,Dubai,AE,Riyadh,SA,508,1059.76,road,wearables,30669.47,0
SO-06391,2026-08-27,C-RIY-026,Dubai DC,Dubai,AE,Riyadh,SA,430,1299.06,road,cases,29014.32,0
SO-06584,2026-08-27,C-RIY-010,Dubai DC,Dubai,AE,Riyadh,SA,719,1745.94,road,chargers,34149.73,0
SO-06917,2026-08-27,C-NAI-001,Dubai DC,Dubai,AE,Nairobi,KE,66,256.31,air,cases,29696.43,0
SO-07064,2026-08-27,C-JOH-039,Dubai DC,Dubai,AE,Johannesburg,ZA,64,229.71,sea,cases,29205.67,1
SO-07182,2026-08-27,C-JOH-015,Dubai DC,Dubai,AE,Johannesburg,ZA,639,1423.89,sea,audio,35110.59,0
SO-01405,2026-08-28,C-MIL-031,Rotterdam DC,Rotterdam,NL,Milan,IT,353,1340.37,road,storage,26143.11,0
SO-01407,2026-08-28,C-MIL-019,Rotterdam DC,Rotterdam,NL,Milan,IT,399,969.47,road,storage,38879.21,1
SO-01409,2026-08-28,C-MIL-039,Rotterdam DC,Rotterdam,NL,Milan,IT,847,1369.19,road,storage,23796.15,0
SO-02380,2026-08-28,C-TOK-028,Shenzhen DC,Shenzhen,CN,Tokyo,JP,327,857.57,sea,storage,55063.98,0
SO-03073,2026-08-28,C-BAN-018,Shenzhen DC,Shenzhen,CN,Bangkok,TH,478,1311.36,sea,cases,34212.74,0
SO-03298,2026-08-28,C-JAK-015,Shenzhen DC,Shenzhen,CN,Jakarta,ID,639,1183.9,sea,cases,22012.89,0
SO-03322,2026-08-28,C-JAK-036,Shenzhen DC,Shenzhen,CN,Jakarta,ID,221,554.25,sea,storage,22133.4,0
SO-03680,2026-08-28,C-MUM-022,Shenzhen DC,Shenzhen,CN,Mumbai,IN,1,0.5,sea,cases,26039.97,0
SO-03750,2026-08-28,C-SYD-036,Rotterdam DC,Rotterdam,NL,Sydney,AU,357,1149.18,air,audio,21570.14,0
SO-03948,2026-08-28,C-AUC-029,Rotterdam DC,Rotterdam,NL,Auckland,NZ,384,661.16,air,storage,20460.68,1
SO-04064,2026-08-28,C-NEW-003,Memphis DC,Memphis,US,New York City,US,352,1378.38,road,storage,18173.86,0
SO-04499,2026-08-28,C-NEW-033,Memphis DC,Memphis,US,New York City,US,376,1187.5,road,chargers,32851.46,0
SO-04522,2026-08-28,C-NEW-001,Memphis DC,Memphis,US,New York City,US,1,0.5,road,wearables,24754.25,0
SO-05149,2026-08-28,C-LOS-037,Memphis DC,Memphis,US,Los Angeles,US,298,1139.83,road,storage,17138.19,0
SO-05971,2026-08-28,C-BOG-008,Memphis DC,Memphis,US,Bogota,CO,233,725.58,air,audio,25209.0,0
SO-05989,2026-08-28,C-BOG-037,Memphis DC,Memphis,US,Bogota,CO,59,216.05,air,wearables,15328.31,0
SO-06063,2026-08-28,C-BOG-009,Memphis DC,Memphis,US,Bogota,CO,267,871.85,air,chargers,20005.06,0
SO-06193,2026-08-28,C-SAN-002,Memphis DC,Memphis,US,Santiago,CL,677,1558.96,sea,audio,28142.12,0
SO-06475,2026-08-28,C-RIY-005,Dubai DC,Dubai,AE,Riyadh,SA,524,1784.58,road,cases,29222.28,1
SO-07348,2026-08-28,C-KAR-028,Dubai DC,Dubai,AE,Karachi,PK,433,1305.2,sea,chargers,21712.19,0
SO-00187,2026-08-29,C-LON-019,Rotterdam DC,Rotterdam,NL,London,GB,235,749.45,road,storage,37700.94,0
SO-00245,2026-08-29,C-LON-013,Rotterdam DC,Rotterdam,NL,London,GB,1000,1604.63,road,storage,14981.51,0
SO-00908,2026-08-29,C-PAR-017,Rotterdam DC,Rotterdam,NL,Paris,FR,493,975.95,road,audio,36734.9,0
SO-01081,2026-08-29,C-PAR-011,Rotterdam DC,Rotterdam,NL,Paris,FR,494,1253.46,road,storage,30489.19,0
SO-02111,2026-08-29,C-TOK-039,Shenzhen DC,Shenzhen,CN,Tokyo,JP,332,1147.46,sea,chargers,43658.72,0
SO-02441,2026-08-29,C-SEO-002,Shenzhen DC,Shenzhen,CN,Seoul,KR,206,754.91,sea,cables,15522.62,0
SO-02822,2026-08-29,C-SIN-025,Shenzhen DC,Shenzhen,CN,Singapore,SG,336,762.39,sea,cables,16617.54,0
SO-02837,2026-08-29,C-SIN-005,Shenzhen DC,Shenzhen,CN,Singapore,SG,657,946.59,sea,wearables,29564.06,0
SO-02991,2026-08-29,C-BAN-031,Shenzhen DC,Shenzhen,CN,Bangkok,TH,919,1517.6,sea,wearables,22006.53,0
SO-03711,2026-08-29,C-MUM-017,Shenzhen DC,Shenzhen,CN,Mumbai,IN,634,1935.91,sea,cases,26089.57,0
SO-03951,2026-08-29,C-AUC-036,Rotterdam DC,Rotterdam,NL,Auckland,NZ,257,778.29,air,chargers,43385.75,0
SO-04297,2026-08-29,C-NEW-015,Memphis DC,Memphis,US,New York City,US,225,665.88,road,cases,41732.17,0
SO-04347,2026-08-29,C-NEW-005,Memphis DC,Memphis,US,New York City,US,566,900.86,road,cases,18316.82,0
SO-04397,2026-08-29,C-NEW-008,Memphis DC,Memphis,US,New York City,US,663,1695.97,road,chargers,18603.74,1
SO-04473,2026-08-29,C-NEW-020,Memphis DC,Memphis,US,New York City,US,641,970.54,road,chargers,22139.29,0
SO-04792,2026-08-29,C-CHI-006,Memphis DC,Memphis,US,Chicago,US,424,1069.24,road,chargers,32730.36,0
SO-06210,2026-08-29,C-SAN-021,Memphis DC,Memphis,US,Santiago,CL,347,1319.26,sea,audio,29523.95,0
SO-06837,2026-08-29,C-NAI-016,Dubai DC,Dubai,AE,Nairobi,KE,292,1061.97,air,cases,27168.83,0
SO-07153,2026-08-29,C-JOH-029,Dubai DC,Dubai,AE,Johannesburg,ZA,459,1431.51,sea,storage,31444.6,0
SO-07180,2026-08-29,C-JOH-036,Dubai DC,Dubai,AE,Johannesburg,ZA,303,1147.6,sea,wearables,20265.82,0
SO-00121,2026-08-30,C-LON-031,Rotterdam DC,Rotterdam,NL,London,GB,709,1972.85,road,storage,25050.21,0
SO-00338,2026-08-30,C-LON-027,Rotterdam DC,Rotterdam,NL,London,GB,440,1699.48,road,wearables,20823.54,1
SO-00980,2026-08-30,C-PAR-023,Rotterdam DC,Rotterdam,NL,Paris,FR,575,1518.96,road,cases,17040.69,0
SO-01716,2026-08-30,C-WAR-011,Rotterdam DC,Rotterdam,NL,Warsaw,PL,1,0.5,road,storage,17600.99,0
SO-02164,2026-08-30,C-TOK-003,Shenzhen DC,Shenzhen,CN,Tokyo,JP,235,772.22,sea,audio,37530.3,1
SO-02757,2026-08-30,C-SIN-003,Shenzhen DC,Shenzhen,CN,Singapore,SG,21,79.12,sea,wearables,25962.16,0
SO-02871,2026-08-30,C-SIN-016,Shenzhen DC,Shenzhen,CN,Singapore,SG,298,656.68,sea,audio,31568.91,0
SO-03412,2026-08-30,C-MAN-033,Shenzhen DC,Shenzhen,CN,Manila,PH,502,750.94,sea,storage,21101.82,0
SO-03531,2026-08-30,C-MUM-026,Shenzhen DC,Shenzhen,CN,Mumbai,IN,84,311.77,sea,audio,25547.97,0
SO-03784,2026-08-30,C-SYD-032,Rotterdam DC,Rotterdam,NL,Sydney,AU,264,1033.91,air,cables,25117.51,0
SO-04373,2026-08-30,C-NEW-036,Memphis DC,Memphis,US,New York City,US,89,291.64,road,storage,31168.59,0
SO-04526,2026-08-30,C-NEW-006,Memphis DC,Memphis,US,New York City,US,306,1047.95,road,wearables,27912.74,1
SO-04622,2026-08-30,C-CHI-032,Memphis DC,Memphis,US,Chicago,US,320,837.68,road,cases,24919.36,0
SO-04785,2026-08-30,C-CHI-016,Memphis DC,Memphis,US,Chicago,US,376,1322.51,road,wearables,29640.64,0
SO-05613,2026-08-30,C-MEX-031,Memphis DC,Memphis,US,Mexico City,MX,923,1379.69,road,cases,42994.88,0
SO-05824,2026-08-30,C-SAO-033,Memphis DC,Memphis,US,Sao Paulo,BR,1128,2106.82,sea,storage,21463.46,0
SO-06129,2026-08-30,C-SAN-016,Memphis DC,Memphis,US,Santiago,CL,1569,2266.72,sea,wearables,40222.07,0
SO-06233,2026-08-30,C-BUE-035,Memphis DC,Memphis,US,Buenos Aires,AR,537,1529.13,sea,audio,20879.43,0
SO-06235,2026-08-30,C-BUE-033,Memphis DC,Memphis,US,Buenos Aires,AR,246,887.39,sea,wearables,28288.21,0
SO-07303,2026-08-30,C-KAR-037,Dubai DC,Dubai,AE,Karachi,PK,181,718.12,sea,wearables,20214.3,0
SO-07327,2026-08-30,C-KAR-020,Dubai DC,Dubai,AE,Karachi,PK,245,861.77,sea,wearables,25340.62,0
SO-07378,2026-08-30,C-KAR-022,Dubai DC,Dubai,AE,Karachi,PK,392,861.08,sea,cables,27434.45,0
SO-07387,2026-08-30,C-KAR-005,Dubai DC,Dubai,AE,Karachi,PK,224,357.01,sea,audio,17924.23,0
SO-00034,2026-08-31,C-LON-003,Rotterdam DC,Rotterdam,NL,London,GB,573,1268.05,road,chargers,26096.07,0
SO-00071,2026-08-31,C-LON-036,Rotterdam DC,Rotterdam,NL,London,GB,730,1954.28,road,cases,11842.04,0
SO-00857,2026-08-31,C-PAR-020,Rotterdam DC,Rotterdam,NL,Paris,FR,265,517.91,road,cases,21655.26,0
SO-02180,2026-08-31,C-TOK-029,Shenzhen DC,Shenzhen,CN,Tokyo,JP,621,1682.94,sea,wearables,38008.45,0
SO-03380,2026-08-31,C-MAN-020,Shenzhen DC,Shenzhen,CN,Manila,PH,619,1148.96,sea,storage,11343.49,0
SO-04493,2026-08-31,C-NEW-006,Memphis DC,Memphis,US,New York City,US,767,1720.82,road,chargers,24631.75,0
SO-04876,2026-08-31,C-CHI-012,Memphis DC,Memphis,US,Chicago,US,435,1025.23,road,chargers,30567.61,0
SO-05254,2026-08-31,C-LOS-016,Memphis DC,Memphis,US,Los Angeles,US,436,1270.71,road,chargers,18146.02,0
SO-05382,2026-08-31,C-TOR-004,Memphis DC,Memphis,US,Toronto,CA,757,1534.47,road,chargers,42264.0,0
SO-05760,2026-08-31,C-MEX-027,Memphis DC,Memphis,US,Mexico City,MX,433,1453.8,road,cables,18570.76,0
SO-05959,2026-08-31,C-SAO-030,Memphis DC,Memphis,US,Sao Paulo,BR,315,1039.04,sea,wearables,35305.83,0
SO-06269,2026-08-31,C-BUE-013,Memphis DC,Memphis,US,Buenos Aires,AR,843,2014.21,sea,audio,16039.01,0
SO-06704,2026-08-31,C-CAI-030,Dubai DC,Dubai,AE,Cairo,EG,1042,2139.59,sea,cables,12227.87,0
SO-06811,2026-08-31,C-NAI-002,Dubai DC,Dubai,AE,Nairobi,KE,338,1139.31,air,chargers,28168.87,0
SO-07112,2026-08-31,C-JOH-029,Dubai DC,Dubai,AE,Johannesburg,ZA,347,1080.92,sea,audio,25528.11,0
SO-07357,2026-08-31,C-KAR-008,Dubai DC,Dubai,AE,Karachi,PK,447,628.87,sea,chargers,23120.49,1
